"Curs";"Nom ensenyament";"Nivell";"Nom comarca";"Nombre grups";"Nombre places";"Places ofertades a la preinscripció";"Assignacions";"Assignacions: 1a peticio";"Assignacions: Altres peticions";"Places vacants";"Places ocupades";"Nombre centres";"any";"edat";"dones";"homes";"total"
"2017/2018";"Educació infantil: Parvulari";"1";"Alt Camp";21;582;582;391;389;2;191;391;27;2016;2;250;211;461
"2017/2018";"Educació infantil: Parvulari";"1";"Alt Empordà";69;1527;1527;1282;1208;74;247;1282;68;2016;2;705;765;1470
"2017/2018";"Educació infantil: Parvulari";"1";"Alt Penedès";54;1211;1208;1062;1009;53;147;1065;47;2016;2;576;611;1187
"2017/2018";"Educació infantil: Parvulari";"1";"Alt Urgell";6;190;188;156;150;6;33;158;12;2016;2;81;91;172
"2017/2018";"Educació infantil: Parvulari";"1";"Alta Ribagorça";2;38;36;23;23;0;13;25;3;2016;2;18;24;42
"2017/2018";"Educació infantil: Parvulari";"1";"Anoia";60;1501;1501;1102;1064;38;401;1102;47;2016;2;651;680;1331
"2017/2018";"Educació infantil: Parvulari";"1";"Aran";6;128;128;98;94;4;30;98;7;2016;2;46;42;88
"2017/2018";"Educació infantil: Parvulari";"1";"Bages";81;2027;2027;1664;1603;61;363;1664;62;2016;2;886;965;1851
"2017/2018";"Educació infantil: Parvulari";"1";"Baix Camp";88;2219;2217;1889;1801;88;329;1891;61;2016;2;996;1044;2040
"2017/2018";"Educació infantil: Parvulari";"1";"Baix Ebre";34;900;900;658;644;14;242;658;32;2016;2;362;386;748
"2017/2018";"Educació infantil: Parvulari";"1";"Baix Empordà";63;1359;1358;1124;1042;82;240;1125;44;2016;2;644;700;1344
"2017/2018";"Educació infantil: Parvulari";"1";"Baix Llobregat";333;8247;8239;7634;7063;571;610;7642;211;2016;2;4126;4269;8395
"2017/2018";"Educació infantil: Parvulari";"1";"Baix Penedès";44;1101;1100;912;875;37;188;913;29;2016;2;513;575;1088
"2017/2018";"Educació infantil: Parvulari";"1";"Barcelonès";818;20145;20123;18183;16747;1436;1947;18205;483;2016;2;9428;9901;19329
"2017/2018";"Educació infantil: Parvulari";"1";"Berguedà";17;444;444;296;290;6;148;296;23;2016;2;163;161;324
"2017/2018";"Educació infantil: Parvulari";"1";"Cerdanya";8;192;192;137;127;10;56;137;13;2016;2;74;78;152
"2017/2018";"Educació infantil: Parvulari";"1";"Conca de Barberà";9;265;265;171;170;1;94;171;14;2016;2;81;106;187
"2017/2018";"Educació infantil: Parvulari";"1";"Garraf";54;1343;1342;1228;1131;97;115;1229;34;2016;2;739;740;1479
"2017/2018";"Educació infantil: Parvulari";"1";"Garrigues";6;192;192;134;134;0;58;134;17;2016;2;72;70;142
"2017/2018";"Educació infantil: Parvulari";"1";"Garrotxa";29;648;648;480;465;15;170;480;24;2016;2;299;293;592
"2017/2018";"Educació infantil: Parvulari";"1";"Gironès";104;2402;2402;2128;2035;93;280;2128;62;2016;2;1123;1132;2255
"2017/2018";"Educació infantil: Parvulari";"1";"Maresme";189;4687;4677;4066;3817;249;612;4076;122;2016;2;2216;2383;4599
"2017/2018";"Educació infantil: Parvulari";"1";"Moianès";6;179;179;93;93;0;86;93;10;2016;2;78;67;145
"2017/2018";"Educació infantil: Parvulari";"1";"Montsià";27;726;726;558;547;11;168;558;21;2016;2;273;315;588
"2017/2018";"Educació infantil: Parvulari";"1";"Noguera";15;396;396;324;323;1;72;324;33;2016;2;191;180;371
"2017/2018";"Educació infantil: Parvulari";"1";"Osona";81;1984;1983;1572;1484;88;411;1573;66;2016;2;801;907;1708
"2017/2018";"Educació infantil: Parvulari";"1";"Pallars Jussà";5;142;142;93;93;0;49;93;7;2016;2;50;62;112
"2017/2018";"Educació infantil: Parvulari";"1";"Pallars Sobirà";2;43;43;37;37;0;6;37;7;2016;2;31;34;65
"2017/2018";"Educació infantil: Parvulari";"1";"Pla d'Urgell";21;519;519;390;367;23;131;390;19;2016;2;201;185;386
"2017/2018";"Educació infantil: Parvulari";"1";"Pla de l'Estany";18;368;368;336;318;18;32;336;12;2016;2;176;196;372
"2017/2018";"Educació infantil: Parvulari";"1";"Priorat";3;154;154;69;69;0;85;69;15;2016;2;38;38;76
"2017/2018";"Educació infantil: Parvulari";"1";"Ribera d'Ebre";10;306;306;160;160;0;146;160;16;2016;2;96;109;205
"2017/2018";"Educació infantil: Parvulari";"1";"Ripollès";9;218;218;154;144;10;64;154;14;2016;2;115;119;234
"2017/2018";"Educació infantil: Parvulari";"1";"Segarra";12;273;273;215;201;14;58;215;12;2016;2;141;136;277
"2017/2018";"Educació infantil: Parvulari";"1";"Segrià";94;2369;2363;1978;1872;106;388;1984;81;2016;2;984;1098;2082
"2017/2018";"Educació infantil: Parvulari";"1";"Selva";71;1727;1724;1444;1379;65;281;1447;45;2016;2;778;905;1683
"2017/2018";"Educació infantil: Parvulari";"1";"Solsonès";6;168;168;112;107;5;56;112;11;2016;2;63;69;132
"2017/2018";"Educació infantil: Parvulari";"1";"Tarragonès";118;2913;2912;2485;2371;114;428;2486;68;2016;2;1262;1408;2670
"2017/2018";"Educació infantil: Parvulari";"1";"Terra Alta";6;196;196;71;71;0;125;71;12;2016;2;48;41;89
"2017/2018";"Educació infantil: Parvulari";"1";"Urgell";20;458;458;361;338;23;97;361;23;2016;2;182;190;372
"2017/2018";"Educació infantil: Parvulari";"1";"Vallès Occidental";400;9879;9876;9095;8629;466;796;9098;239;2016;2;4872;5171;10043
"2017/2018";"Educació infantil: Parvulari";"1";"Vallès Oriental";175;4343;4337;3781;3571;210;562;3787;119;2016;2;2043;2179;4222
"2017/2018";"Educació infantil: Parvulari";"2";"Alt Camp";17;521;111;3;3;0;108;413;26;2016;3;224;242;466
"2017/2018";"Educació infantil: Parvulari";"2";"Alt Empordà";64;1473;135;24;18;6;111;1362;68;2016;3;800;793;1593
"2017/2018";"Educació infantil: Parvulari";"2";"Alt Penedès";56;1239;158;13;12;1;145;1094;47;2016;3;643;681;1324
"2017/2018";"Educació infantil: Parvulari";"2";"Alt Urgell";8;173;15;0;0;0;15;158;12;2016;3;92;92;184
"2017/2018";"Educació infantil: Parvulari";"2";"Alta Ribagorça";1;33;6;1;1;0;5;28;3;2016;3;16;13;29
"2017/2018";"Educació infantil: Parvulari";"2";"Anoia";57;1469;297;17;15;2;281;1189;47;2016;3;636;665;1301
"2017/2018";"Educació infantil: Parvulari";"2";"Aran";2;83;6;2;2;0;4;79;7;2016;3;50;43;93
"2017/2018";"Educació infantil: Parvulari";"2";"Bages";79;1972;319;23;16;7;297;1676;61;2016;3;952;1037;1989
"2017/2018";"Educació infantil: Parvulari";"2";"Baix Camp";87;2166;317;39;29;10;279;1888;61;2016;3;1107;1127;2234
"2017/2018";"Educació infantil: Parvulari";"2";"Baix Ebre";30;865;160;13;7;6;147;718;32;2016;3;350;413;763
"2017/2018";"Educació infantil: Parvulari";"2";"Baix Empordà";58;1318;117;30;26;4;94;1231;44;2016;3;652;731;1383
"2017/2018";"Educació infantil: Parvulari";"2";"Baix Llobregat";318;7946;548;122;92;30;429;7520;207;2016;3;4376;4696;9072
"2017/2018";"Educació infantil: Parvulari";"2";"Baix Penedès";41;1014;102;20;16;4;82;932;29;2016;3;576;632;1208
"2017/2018";"Educació infantil: Parvulari";"2";"Barcelonès";782;19328;1389;363;250;113;1027;18302;469;2016;3;9793;10321;20114
"2017/2018";"Educació infantil: Parvulari";"2";"Berguedà";12;321;68;2;2;0;66;255;20;2016;3;168;194;362
"2017/2018";"Educació infantil: Parvulari";"2";"Cerdanya";5;165;52;4;4;0;48;117;13;2016;3;76;93;169
"2017/2018";"Educació infantil: Parvulari";"2";"Conca de Barberà";8;253;82;3;3;0;79;174;14;2016;3;91;102;193
"2017/2018";"Educació infantil: Parvulari";"2";"Garraf";50;1250;86;21;11;10;66;1185;33;2016;3;765;845;1610
"2017/2018";"Educació infantil: Parvulari";"2";"Garrigues";7;181;56;0;0;0;56;125;17;2016;3;87;97;184
"2017/2018";"Educació infantil: Parvulari";"2";"Garrotxa";25;565;44;11;10;1;35;532;24;2016;3;295;302;597
"2017/2018";"Educació infantil: Parvulari";"2";"Gironès";98;2200;137;52;37;15;97;2115;62;2016;3;1099;1256;2355
"2017/2018";"Educació infantil: Parvulari";"2";"Maresme";182;4516;493;64;53;11;431;4087;119;2016;3;2353;2532;4885
"2017/2018";"Educació infantil: Parvulari";"2";"Moianès";6;167;39;1;1;0;39;129;10;2016;3;66;102;168
"2017/2018";"Educació infantil: Parvulari";"2";"Montsià";24;664;138;8;6;2;130;534;21;2016;3;327;344;671
"2017/2018";"Educació infantil: Parvulari";"2";"Noguera";16;413;72;1;0;1;71;342;33;2016;3;181;226;407
"2017/2018";"Educació infantil: Parvulari";"2";"Osona";71;1844;333;12;12;0;321;1523;66;2016;3;906;974;1880
"2017/2018";"Educació infantil: Parvulari";"2";"Pallars Jussà";5;140;36;2;2;0;35;106;7;2016;3;52;64;116
"2017/2018";"Educació infantil: Parvulari";"2";"Pallars Sobirà";2;60;0;0;0;0;0;60;7;2016;3;28;34;62
"2017/2018";"Educació infantil: Parvulari";"2";"Pla d'Urgell";18;468;79;6;5;1;73;395;19;2016;3;211;224;435
"2017/2018";"Educació infantil: Parvulari";"2";"Pla de l'Estany";15;336;5;0;0;0;5;331;12;2016;3;183;214;397
"2017/2018";"Educació infantil: Parvulari";"2";"Priorat";2;142;80;1;1;0;79;63;15;2016;3;38;29;67
"2017/2018";"Educació infantil: Parvulari";"2";"Ribera d'Ebre";8;295;96;1;1;0;95;200;16;2016;3;105;100;205
"2017/2018";"Educació infantil: Parvulari";"2";"Ripollès";10;225;20;1;1;0;20;206;14;2016;3;111;125;236
"2017/2018";"Educació infantil: Parvulari";"2";"Segarra";11;282;37;6;6;0;31;251;12;2016;3;121;136;257
"2017/2018";"Educació infantil: Parvulari";"2";"Segrià";91;2267;312;32;28;4;280;1987;81;2016;3;1114;1112;2226
"2017/2018";"Educació infantil: Parvulari";"2";"Selva";70;1552;122;23;17;6;101;1453;45;2016;3;887;896;1783
"2017/2018";"Educació infantil: Parvulari";"2";"Solsonès";5;152;26;3;3;0;23;129;11;2016;3;59;60;119
"2017/2018";"Educació infantil: Parvulari";"2";"Tarragonès";109;2630;260;30;21;9;231;2400;67;2016;3;1396;1469;2865
"2017/2018";"Educació infantil: Parvulari";"2";"Terra Alta";3;160;80;2;1;1;78;82;12;2016;3;40;56;96
"2017/2018";"Educació infantil: Parvulari";"2";"Urgell";17;446;83;7;3;4;76;370;23;2016;3;216;195;411
"2017/2018";"Educació infantil: Parvulari";"2";"Vallès Occidental";390;9686;590;181;133;48;421;9277;238;2016;3;5289;5513;10802
"2017/2018";"Educació infantil: Parvulari";"2";"Vallès Oriental";175;4326;448;72;50;22;380;3950;119;2016;3;2152;2403;4555
"2017/2018";"Educació infantil: Parvulari";"3";"Alt Camp";29;555;121;5;5;0;116;439;27;2016;4;276;248;524
"2017/2018";"Educació infantil: Parvulari";"3";"Alt Empordà";88;1559;121;22;15;7;103;1460;68;2016;4;790;826;1616
"2017/2018";"Educació infantil: Parvulari";"3";"Alt Penedès";64;1303;111;21;15;6;92;1213;47;2016;4;679;682;1361
"2017/2018";"Educació infantil: Parvulari";"3";"Alt Urgell";12;210;43;1;1;0;42;168;12;2016;4;99;96;195
"2017/2018";"Educació infantil: Parvulari";"3";"Alta Ribagorça";3;36;8;0;0;0;8;28;3;2016;4;19;24;43
"2017/2018";"Educació infantil: Parvulari";"3";"Anoia";64;1432;272;22;18;4;251;1182;47;2016;4;707;763;1470
"2017/2018";"Educació infantil: Parvulari";"3";"Aran";8;102;17;0;0;0;17;85;7;2016;4;40;41;81
"2017/2018";"Educació infantil: Parvulari";"3";"Bages";85;2029;255;41;37;4;217;1815;61;2016;4;922;1043;1965
"2017/2018";"Educació infantil: Parvulari";"3";"Baix Camp";97;2288;203;33;26;7;177;2118;61;2016;4;1077;1215;2292
"2017/2018";"Educació infantil: Parvulari";"3";"Baix Ebre";41;848;139;11;5;6;128;720;32;2016;4;357;446;803
"2017/2018";"Educació infantil: Parvulari";"3";"Baix Empordà";65;1332;118;15;13;2;109;1229;44;2016;4;676;798;1474
"2017/2018";"Educació infantil: Parvulari";"3";"Baix Llobregat";336;8334;347;103;71;32;256;8090;210;2016;4;4566;4805;9371
"2017/2018";"Educació infantil: Parvulari";"3";"Baix Penedès";49;1194;124;14;9;5;110;1084;29;2016;4;620;683;1303
"2017/2018";"Educació infantil: Parvulari";"3";"Barcelonès";789;19641;887;286;180;106;602;19040;470;2016;4;9842;10391;20233
"2017/2018";"Educació infantil: Parvulari";"3";"Berguedà";22;407;97;5;5;0;92;315;22;2016;4;196;207;403
"2017/2018";"Educació infantil: Parvulari";"3";"Cerdanya";10;169;51;2;2;0;51;120;13;2016;4;96;106;202
"2017/2018";"Educació infantil: Parvulari";"3";"Conca de Barberà";14;257;100;5;5;0;95;162;12;2016;4;92;102;194
"2017/2018";"Educació infantil: Parvulari";"3";"Garraf";55;1363;58;18;13;5;40;1323;34;2016;4;819;838;1657
"2017/2018";"Educació infantil: Parvulari";"3";"Garrigues";16;192;26;1;1;0;25;167;17;2016;4;88;86;174
"2017/2018";"Educació infantil: Parvulari";"3";"Garrotxa";32;588;68;15;14;1;59;535;24;2016;4;334;332;666
"2017/2018";"Educació infantil: Parvulari";"3";"Gironès";104;2318;104;32;24;8;77;2246;62;2016;4;1154;1223;2377
"2017/2018";"Educació infantil: Parvulari";"3";"Maresme";185;4591;384;64;41;23;324;4271;118;2016;4;2443;2634;5077
"2017/2018";"Educació infantil: Parvulari";"3";"Moianès";11;189;44;2;2;0;42;147;10;2016;4;87;73;160
"2017/2018";"Educació infantil: Parvulari";"3";"Montsià";35;769;146;5;5;0;141;628;21;2016;4;365;344;709
"2017/2018";"Educació infantil: Parvulari";"3";"Noguera";32;402;31;2;1;1;29;373;33;2016;4;207;199;406
"2017/2018";"Educació infantil: Parvulari";"3";"Osona";90;1952;284;6;6;0;279;1674;65;2016;4;951;1009;1960
"2017/2018";"Educació infantil: Parvulari";"3";"Pallars Jussà";8;123;13;1;1;0;12;111;7;2016;4;58;66;124
"2017/2018";"Educació infantil: Parvulari";"3";"Pallars Sobirà";6;71;19;0;0;0;19;52;7;2016;4;41;27;68
"2017/2018";"Educació infantil: Parvulari";"3";"Pla d'Urgell";24;484;67;3;0;3;64;420;19;2016;4;199;237;436
"2017/2018";"Educació infantil: Parvulari";"3";"Pla de l'Estany";18;358;6;4;2;2;2;356;12;2016;4;184;185;369
"2017/2018";"Educació infantil: Parvulari";"3";"Priorat";11;149;83;0;0;0;83;66;15;2016;4;37;52;89
"2017/2018";"Educació infantil: Parvulari";"3";"Ribera d'Ebre";19;324;126;1;1;0;125;199;16;2016;4;84;116;200
"2017/2018";"Educació infantil: Parvulari";"3";"Ripollès";15;241;20;4;4;0;20;225;14;2016;4;126;122;248
"2017/2018";"Educació infantil: Parvulari";"3";"Segarra";15;269;40;5;5;0;35;234;12;2016;4;129;124;253
"2017/2018";"Educació infantil: Parvulari";"3";"Segrià";115;2387;293;24;17;7;269;2118;81;2016;4;1114;1197;2311
"2017/2018";"Educació infantil: Parvulari";"3";"Selva";75;1658;117;11;7;4;110;1552;45;2016;4;917;973;1890
"2017/2018";"Educació infantil: Parvulari";"3";"Solsonès";11;156;26;2;1;1;24;132;11;2016;4;74;77;151
"2017/2018";"Educació infantil: Parvulari";"3";"Tarragonès";120;2958;393;44;35;9;351;2609;68;2016;4;1409;1477;2886
"2017/2018";"Educació infantil: Parvulari";"3";"Terra Alta";10;137;50;0;0;0;50;87;12;2016;4;37;53;90
"2017/2018";"Educació infantil: Parvulari";"3";"Urgell";24;447;46;8;6;2;38;409;23;2016;4;188;205;393
"2017/2018";"Educació infantil: Parvulari";"3";"Vallès Occidental";401;9983;424;107;66;41;330;9666;237;2016;4;5498;5704;11202
"2017/2018";"Educació infantil: Parvulari";"3";"Vallès Oriental";188;4605;415;54;44;10;365;4244;119;2016;4;2342;2530;4872
"2017/2018";"Educació primària";"1";"Alt Camp";19;572;80;3;1;2;77;495;27;2016;5;246;283;529
"2017/2018";"Educació primària";"1";"Alt Empordà";68;1618;140;25;23;2;117;1503;68;2016;5;796;825;1621
"2017/2018";"Educació primària";"1";"Alt Penedès";56;1333;98;29;27;2;69;1264;47;2016;5;711;760;1471
"2017/2018";"Educació primària";"1";"Alt Urgell";7;203;17;1;0;1;16;187;13;2016;5;107;98;205
"2017/2018";"Educació primària";"1";"Alta Ribagorça";2;63;17;0;0;0;17;46;3;2016;5;15;27;42
"2017/2018";"Educació primària";"1";"Anoia";59;1524;213;22;18;4;192;1333;47;2016;5;737;816;1553
"2017/2018";"Educació primària";"1";"Aran";2;80;3;0;0;0;3;77;7;2016;5;50;53;103
"2017/2018";"Educació primària";"1";"Bages";80;2001;212;39;32;7;177;1828;61;2016;5;1023;1088;2111
"2017/2018";"Educació primària";"1";"Baix Camp";92;2386;298;49;39;10;255;2137;62;2016;5;1142;1219;2361
"2017/2018";"Educació primària";"1";"Baix Ebre";32;895;138;16;10;6;122;773;32;2016;5;383;429;812
"2017/2018";"Educació primària";"1";"Baix Empordà";61;1409;69;25;22;3;51;1365;44;2016;5;805;841;1646
"2017/2018";"Educació primària";"1";"Baix Llobregat";345;8605;388;122;84;38;269;8339;210;2016;5;4758;5087;9845
"2017/2018";"Educació primària";"1";"Baix Penedès";49;1264;125;26;21;5;99;1165;29;2016;5;639;652;1291
"2017/2018";"Educació primària";"1";"Barcelonès";801;20014;1442;754;674;80;694;19326;475;2016;5;9803;10521;20324
"2017/2018";"Educació primària";"1";"Berguedà";15;433;80;5;5;0;75;358;23;2016;5;175;201;376
"2017/2018";"Educació primària";"1";"Cerdanya";6;188;51;5;4;1;47;142;13;2016;5;89;99;188
"2017/2018";"Educació primària";"1";"Conca de Barberà";8;250;59;4;4;0;55;195;14;2016;5;98;88;186
"2017/2018";"Educació primària";"1";"Garraf";59;1475;80;28;21;7;54;1423;34;2016;5;812;918;1730
"2017/2018";"Educació primària";"1";"Garrigues";7;189;27;1;1;0;26;163;17;2016;5;85;101;186
"2017/2018";"Educació primària";"1";"Garrotxa";25;595;25;20;17;3;6;590;23;2016;5;327;311;638
"2017/2018";"Educació primària";"1";"Gironès";100;2294;151;70;65;5;86;2213;61;2016;5;1198;1338;2536
"2017/2018";"Educació primària";"1";"Maresme";189;4712;242;104;86;18;147;4574;121;2016;5;2614;2733;5347
"2017/2018";"Educació primària";"1";"Moianès";6;176;43;2;2;0;41;135;10;2016;5;77;83;160
"2017/2018";"Educació primària";"1";"Montsià";29;778;112;8;7;1;104;674;21;2016;5;317;381;698
"2017/2018";"Educació primària";"1";"Noguera";16;433;65;3;3;0;62;371;33;2016;5;214;229;443
"2017/2018";"Educació primària";"1";"Osona";81;2033;241;21;17;4;222;1813;66;2016;5;999;962;1961
"2017/2018";"Educació primària";"1";"Pallars Jussà";5;144;32;1;1;0;31;113;7;2016;5;49;62;111
"2017/2018";"Educació primària";"1";"Pallars Sobirà";3;83;20;0;0;0;20;63;7;2016;5;30;32;62
"2017/2018";"Educació primària";"1";"Pla d'Urgell";19;479;71;2;1;1;69;410;19;2016;5;233;209;442
"2017/2018";"Educació primària";"1";"Pla de l'Estany";16;351;41;24;24;0;17;334;13;2016;5;204;254;458
"2017/2018";"Educació primària";"1";"Priorat";2;114;41;1;1;0;40;74;15;2016;5;43;43;86
"2017/2018";"Educació primària";"1";"Ribera d'Ebre";7;280;77;2;2;0;75;205;16;2016;5;105;96;201
"2017/2018";"Educació primària";"1";"Ripollès";11;263;30;3;3;0;27;236;14;2016;5;129;117;246
"2017/2018";"Educació primària";"1";"Segarra";10;272;38;7;5;2;33;241;12;2016;5;125;155;280
"2017/2018";"Educació primària";"1";"Segrià";99;2532;320;51;45;6;269;2263;82;2016;5;1138;1254;2392
"2017/2018";"Educació primària";"1";"Selva";76;1765;153;43;37;6;115;1655;45;2016;5;977;953;1930
"2017/2018";"Educació primària";"1";"Solsonès";5;154;15;2;0;2;13;141;11;2016;5;73;65;138
"2017/2018";"Educació primària";"1";"Tarragonès";118;2976;357;88;78;10;269;2707;68;2016;5;1526;1639;3165
"2017/2018";"Educació primària";"1";"Terra Alta";3;153;64;0;0;0;64;89;12;2016;5;64;51;115
"2017/2018";"Educació primària";"1";"Urgell";16;444;68;10;6;4;59;386;23;2016;5;215;216;431
"2017/2018";"Educació primària";"1";"Vallès Occidental";415;10357;393;209;182;27;213;10173;238;2016;5;5348;5909;11257
"2017/2018";"Educació primària";"1";"Vallès Oriental";194;4871;345;65;47;18;287;4591;119;2016;5;2408;2519;4927
"2017/2018";"Educació primària";"2";"Alt Camp";21;570;87;2;2;0;85;485;27;2016;6;228;270;498
"2017/2018";"Educació primària";"2";"Alt Empordà";71;1629;111;15;13;2;98;1533;68;2016;6;804;887;1691
"2017/2018";"Educació primària";"2";"Alt Penedès";65;1470;106;11;11;0;95;1375;47;2016;6;682;664;1346
"2017/2018";"Educació primària";"2";"Alt Urgell";10;203;23;1;1;0;22;181;13;2016;6;86;100;186
"2017/2018";"Educació primària";"2";"Alta Ribagorça";2;37;8;0;0;0;8;29;3;2016;6;15;13;28
"2017/2018";"Educació primària";"2";"Anoia";64;1538;140;20;13;7;121;1418;47;2016;6;731;784;1515
"2017/2018";"Educació primària";"2";"Aran";6;108;14;0;0;0;14;94;7;2016;6;50;56;106
"2017/2018";"Educació primària";"2";"Bages";85;2077;189;22;21;1;171;1910;60;2016;6;1000;1080;2080
"2017/2018";"Educació primària";"2";"Baix Camp";97;2409;227;31;25;6;202;2213;62;2016;6;1180;1292;2472
"2017/2018";"Educació primària";"2";"Baix Ebre";37;942;155;4;3;1;151;791;32;2016;6;418;446;864
"2017/2018";"Educació primària";"2";"Baix Empordà";67;1460;32;11;10;1;27;1439;44;2016;6;703;822;1525
"2017/2018";"Educació primària";"2";"Baix Llobregat";360;8998;313;68;50;18;250;8753;210;2016;6;4797;5186;9983
"2017/2018";"Educació primària";"2";"Baix Penedès";51;1257;108;9;6;3;99;1158;29;2016;6;646;632;1278
"2017/2018";"Educació primària";"2";"Barcelonès";793;19734;740;253;161;92;487;19247;469;2016;6;9822;10664;20486
"2017/2018";"Educació primària";"2";"Berguedà";20;442;99;7;6;1;92;350;23;2016;6;195;193;388
"2017/2018";"Educació primària";"2";"Cerdanya";7;182;32;0;0;0;32;150;13;2016;6;101;93;194
"2017/2018";"Educació primària";"2";"Conca de Barberà";11;273;88;0;0;0;88;185;14;2016;6;109;92;201
"2017/2018";"Educació primària";"2";"Garraf";60;1488;79;24;18;6;57;1433;34;2016;6;794;911;1705
"2017/2018";"Educació primària";"2";"Garrigues";8;196;26;1;1;0;25;171;17;2016;6;85;104;189
"2017/2018";"Educació primària";"2";"Garrotxa";28;595;23;4;4;0;20;576;23;2016;6;287;325;612
"2017/2018";"Educació primària";"2";"Gironès";103;2348;44;13;8;5;34;2317;60;2016;6;1185;1311;2496
"2017/2018";"Educació primària";"2";"Maresme";197;4935;198;71;52;19;145;4808;121;2016;6;2619;2737;5356
"2017/2018";"Educació primària";"2";"Moianès";7;184;42;3;1;2;39;145;9;2016;6;75;79;154
"2017/2018";"Educació primària";"2";"Montsià";33;826;157;8;8;0;149;677;21;2016;6;362;379;741
"2017/2018";"Educació primària";"2";"Noguera";16;432;38;2;1;1;36;396;33;2016;6;203;245;448
"2017/2018";"Educació primària";"2";"Osona";84;2054;232;20;19;1;212;1842;66;2016;6;903;1059;1962
"2017/2018";"Educació primària";"2";"Pallars Jussà";6;141;21;0;0;0;21;120;7;2016;6;60;57;117
"2017/2018";"Educació primària";"2";"Pallars Sobirà";4;81;21;0;0;0;21;60;7;2016;6;29;49;78
"2017/2018";"Educació primària";"2";"Pla d'Urgell";23;488;66;2;0;2;64;424;19;2016;6;222;238;460
"2017/2018";"Educació primària";"2";"Pla de l'Estany";21;434;9;4;3;1;5;429;13;2016;6;212;229;441
"2017/2018";"Educació primària";"2";"Priorat";3;113;29;0;0;0;29;84;15;2016;6;35;41;76
"2017/2018";"Educació primària";"2";"Ribera d'Ebre";12;275;60;1;1;0;59;216;16;2016;6;85;111;196
"2017/2018";"Educació primària";"2";"Ripollès";11;261;39;6;6;0;35;228;14;2016;6;117;135;252
"2017/2018";"Educació primària";"2";"Segarra";13;283;26;2;1;1;24;259;12;2016;6;146;147;293
"2017/2018";"Educació primària";"2";"Segrià";111;2684;355;32;25;7;323;2361;82;2016;6;1189;1240;2429
"2017/2018";"Educació primària";"2";"Selva";74;1736;63;7;5;2;58;1680;45;2016;6;965;1026;1991
"2017/2018";"Educació primària";"2";"Solsonès";6;154;24;3;3;0;21;133;11;2016;6;63;66;129
"2017/2018";"Educació primària";"2";"Tarragonès";125;3112;228;40;24;16;188;2924;67;2016;6;1498;1599;3097
"2017/2018";"Educació primària";"2";"Terra Alta";8;174;65;1;1;0;64;110;12;2016;6;54;57;111
"2017/2018";"Educació primària";"2";"Urgell";20;461;52;2;2;0;50;411;23;2016;6;191;247;438
"2017/2018";"Educació primària";"2";"Vallès Occidental";412;10284;255;71;48;23;198;10100;238;2016;6;5610;6066;11676
"2017/2018";"Educació primària";"2";"Vallès Oriental";195;4832;313;60;52;8;258;4579;119;2016;6;2442;2673;5115
"2017/2018";"Educació primària";"3";"Alt Camp";26;553;72;6;3;3;66;487;27;2016;7;275;276;551
"2017/2018";"Educació primària";"3";"Alt Empordà";78;1656;64;10;5;5;56;1602;68;2016;7;849;884;1733
"2017/2018";"Educació primària";"3";"Alt Penedès";60;1353;107;7;7;0;100;1253;47;2016;7;724;732;1456
"2017/2018";"Educació primària";"3";"Alt Urgell";9;234;55;2;2;0;53;181;13;2016;7;117;111;228
"2017/2018";"Educació primària";"3";"Alta Ribagorça";2;35;8;0;0;0;8;27;3;2016;7;22;26;48
"2017/2018";"Educació primària";"3";"Anoia";63;1537;160;19;18;1;143;1396;47;2016;7;776;882;1658
"2017/2018";"Educació primària";"3";"Aran";5;114;18;2;2;0;16;98;7;2016;7;47;49;96
"2017/2018";"Educació primària";"3";"Bages";89;2183;280;42;35;7;240;1945;61;2016;7;1012;1081;2093
"2017/2018";"Educació primària";"3";"Baix Camp";97;2438;207;31;20;11;184;2262;62;2016;7;1217;1316;2533
"2017/2018";"Educació primària";"3";"Baix Ebre";41;956;142;10;5;5;133;824;32;2016;7;396;447;843
"2017/2018";"Educació primària";"3";"Baix Empordà";62;1425;53;15;13;2;45;1387;44;2016;7;827;836;1663
"2017/2018";"Educació primària";"3";"Baix Llobregat";364;9090;348;102;76;26;257;8844;210;2016;7;5095;5193;10288
"2017/2018";"Educació primària";"3";"Baix Penedès";55;1354;185;29;27;2;156;1198;29;2016;7;693;645;1338
"2017/2018";"Educació primària";"3";"Barcelonès";803;20043;870;310;215;95;560;19483;475;2016;7;10354;11110;21464
"2017/2018";"Educació primària";"3";"Berguedà";17;407;53;2;2;0;51;356;22;2016;7;186;209;395
"2017/2018";"Educació primària";"3";"Cerdanya";8;184;43;4;4;0;39;145;13;2016;7;103;105;208
"2017/2018";"Educació primària";"3";"Conca de Barberà";10;265;66;3;3;0;65;202;14;2016;7;112;111;223
"2017/2018";"Educació primària";"3";"Garraf";61;1519;73;14;10;4;61;1460;34;2016;7;896;988;1884
"2017/2018";"Educació primària";"3";"Garrigues";9;204;30;1;1;0;29;175;17;2016;7;83;94;177
"2017/2018";"Educació primària";"3";"Garrotxa";31;609;46;3;3;0;43;566;23;2016;7;308;337;645
"2017/2018";"Educació primària";"3";"Gironès";105;2438;109;25;17;8;89;2354;61;2016;7;1255;1336;2591
"2017/2018";"Educació primària";"3";"Maresme";206;5129;303;74;65;9;239;4900;121;2016;7;2699;2889;5588
"2017/2018";"Educació primària";"3";"Moianès";9;180;48;2;2;0;46;134;10;2016;7;77;96;173
"2017/2018";"Educació primària";"3";"Montsià";32;805;92;4;3;1;88;717;21;2016;7;378;390;768
"2017/2018";"Educació primària";"3";"Noguera";24;484;49;2;1;1;48;437;33;2016;7;231;241;472
"2017/2018";"Educació primària";"3";"Osona";83;2035;270;16;13;3;257;1781;65;2016;7;957;1077;2034
"2017/2018";"Educació primària";"3";"Pallars Jussà";6;144;22;0;0;0;22;122;7;2016;7;68;70;138
"2017/2018";"Educació primària";"3";"Pallars Sobirà";4;82;13;0;0;0;13;69;7;2016;7;30;34;64
"2017/2018";"Educació primària";"3";"Pla d'Urgell";21;487;68;4;3;1;64;423;19;2016;7;228;247;475
"2017/2018";"Educació primària";"3";"Pla de l'Estany";18;432;18;15;15;0;6;429;13;2016;7;206;209;415
"2017/2018";"Educació primària";"3";"Priorat";4;127;58;0;0;0;58;69;15;2016;7;41;50;91
"2017/2018";"Educació primària";"3";"Ribera d'Ebre";12;302;101;3;3;0;98;204;16;2016;7;90;105;195
"2017/2018";"Educació primària";"3";"Ripollès";11;228;17;0;0;0;17;211;14;2016;7;116;143;259
"2017/2018";"Educació primària";"3";"Segarra";12;327;55;3;3;0;52;275;12;2016;7;113;126;239
"2017/2018";"Educació primària";"3";"Segrià";104;2605;285;15;10;5;270;2335;82;2016;7;1219;1282;2501
"2017/2018";"Educació primària";"3";"Selva";76;1774;62;16;11;5;47;1728;45;2016;7;1011;1057;2068
"2017/2018";"Educació primària";"3";"Solsonès";6;164;41;1;1;0;40;124;11;2016;7;74;87;161
"2017/2018";"Educació primària";"3";"Tarragonès";125;3138;273;40;31;9;234;2905;68;2016;7;1542;1757;3299
"2017/2018";"Educació primària";"3";"Terra Alta";5;166;68;1;1;0;67;99;12;2016;7;45;52;97
"2017/2018";"Educació primària";"3";"Urgell";19;463;44;4;4;0;40;423;23;2016;7;242;205;447
"2017/2018";"Educació primària";"3";"Vallès Occidental";431;10775;338;112;86;26;243;10549;238;2016;7;5822;6250;12072
"2017/2018";"Educació primària";"3";"Vallès Oriental";202;5018;306;63;49;14;247;4775;119;2016;7;2574;2763;5337
"2017/2018";"Educació primària";"4";"Alt Camp";22;592;88;4;4;0;84;508;27;2016;8;247;274;521
"2017/2018";"Educació primària";"4";"Alt Empordà";74;1710;118;12;11;1;109;1604;68;2016;8;749;873;1622
"2017/2018";"Educació primària";"4";"Alt Penedès";66;1464;109;15;12;3;95;1370;47;2016;8;652;733;1385
"2017/2018";"Educació primària";"4";"Alt Urgell";11;236;24;4;4;0;20;216;13;2016;8;88;111;199
"2017/2018";"Educació primària";"4";"Alta Ribagorça";3;64;17;0;0;0;17;47;3;2016;8;19;23;42
"2017/2018";"Educació primària";"4";"Anoia";70;1655;136;18;16;2;118;1537;47;2016;8;773;817;1590
"2017/2018";"Educació primària";"4";"Aran";6;108;18;0;0;0;18;90;7;2016;8;66;53;119
"2017/2018";"Educació primària";"4";"Bages";88;2192;260;27;23;4;236;1959;60;2016;8;999;1054;2053
"2017/2018";"Educació primària";"4";"Baix Camp";104;2565;219;32;28;4;194;2378;62;2016;8;1234;1257;2491
"2017/2018";"Educació primària";"4";"Baix Ebre";36;941;155;18;10;8;137;804;31;2016;8;370;409;779
"2017/2018";"Educació primària";"4";"Baix Empordà";69;1500;29;16;15;1;21;1487;44;2016;8;693;785;1478
"2017/2018";"Educació primària";"4";"Baix Llobregat";387;9630;502;126;103;23;386;9254;210;2016;8;4948;5152;10100
"2017/2018";"Educació primària";"4";"Baix Penedès";58;1445;217;16;8;8;201;1244;29;2016;8;658;695;1353
"2017/2018";"Educació primària";"4";"Barcelonès";830;20724;825;295;205;90;531;20194;474;2016;8;9906;10595;20501
"2017/2018";"Educació primària";"4";"Berguedà";18;423;85;6;6;0;79;344;22;2016;8;170;202;372
"2017/2018";"Educació primària";"4";"Cerdanya";8;203;40;5;5;0;36;168;13;2016;8;105;97;202
"2017/2018";"Educació primària";"4";"Conca de Barberà";11;260;56;2;2;0;55;206;14;2016;8;101;98;199
"2017/2018";"Educació primària";"4";"Garraf";65;1615;57;16;8;8;43;1574;34;2016;8;866;913;1779
"2017/2018";"Educació primària";"4";"Garrigues";7;192;34;1;1;0;33;159;17;2016;8;89;90;179
"2017/2018";"Educació primària";"4";"Garrotxa";29;620;50;10;8;2;40;580;23;2016;8;314;338;652
"2017/2018";"Educació primària";"4";"Gironès";107;2495;118;29;23;6;98;2406;61;2016;8;1148;1237;2385
"2017/2018";"Educació primària";"4";"Maresme";211;5256;320;92;67;25;249;5028;121;2016;8;2604;2685;5289
"2017/2018";"Educació primària";"4";"Moianès";8;203;47;3;3;0;44;159;10;2016;8;82;77;159
"2017/2018";"Educació primària";"4";"Montsià";33;826;111;6;4;2;105;721;21;2016;8;343;401;744
"2017/2018";"Educació primària";"4";"Noguera";18;481;34;2;0;2;32;449;33;2016;8;192;227;419
"2017/2018";"Educació primària";"4";"Osona";89;2165;278;19;16;3;259;1906;66;2016;8;912;1013;1925
"2017/2018";"Educació primària";"4";"Pallars Jussà";6;139;20;1;1;0;20;120;7;2016;8;62;55;117
"2017/2018";"Educació primària";"4";"Pallars Sobirà";4;77;13;0;0;0;13;64;7;2016;8;33;33;66
"2017/2018";"Educació primària";"4";"Pla d'Urgell";23;520;85;6;5;1;79;441;19;2016;8;209;208;417
"2017/2018";"Educació primària";"4";"Pla de l'Estany";18;385;7;2;2;0;5;380;12;2016;8;170;208;378
"2017/2018";"Educació primària";"4";"Priorat";3;126;44;0;0;0;44;82;15;2016;8;44;44;88
"2017/2018";"Educació primària";"4";"Ribera d'Ebre";11;269;74;1;1;0;73;196;16;2016;8;86;89;175
"2017/2018";"Educació primària";"4";"Ripollès";10;260;21;5;4;1;20;244;14;2016;8;117;110;227
"2017/2018";"Educació primària";"4";"Segarra";13;273;57;3;3;0;54;219;12;2016;8;122;139;261
"2017/2018";"Educació primària";"4";"Segrià";112;2716;330;30;23;7;300;2416;82;2016;8;1101;1178;2279
"2017/2018";"Educació primària";"4";"Selva";82;1875;96;20;16;4;78;1799;45;2016;8;919;995;1914
"2017/2018";"Educació primària";"4";"Solsonès";7;194;40;5;3;2;35;159;11;2016;8;57;78;135
"2017/2018";"Educació primària";"4";"Tarragonès";135;3349;377;39;31;8;340;3011;68;2016;8;1508;1523;3031
"2017/2018";"Educació primària";"4";"Terra Alta";7;162;70;0;0;0;70;92;12;2016;8;34;53;87
"2017/2018";"Educació primària";"4";"Urgell";21;479;49;2;2;0;48;432;23;2016;8;201;204;405
"2017/2018";"Educació primària";"4";"Vallès Occidental";458;11421;451;88;62;26;378;11058;238;2016;8;5760;6108;11868
"2017/2018";"Educació primària";"4";"Vallès Oriental";211;5261;373;68;56;12;310;4956;119;2016;8;2453;2676;5129
"2017/2018";"Educació primària";"5";"Alt Camp";19;571;85;4;3;1;82;490;27;2016;9;230;250;480
"2017/2018";"Educació primària";"5";"Alt Empordà";65;1574;113;9;6;3;106;1470;68;2016;9;789;860;1649
"2017/2018";"Educació primària";"5";"Alt Penedès";61;1399;124;12;8;4;112;1287;47;2016;9;652;681;1333
"2017/2018";"Educació primària";"5";"Alt Urgell";8;230;50;3;3;0;47;183;13;2016;9;94;120;214
"2017/2018";"Educació primària";"5";"Alta Ribagorça";1;35;1;0;0;0;1;34;3;2016;9;15;14;29
"2017/2018";"Educació primària";"5";"Anoia";65;1611;141;18;17;1;124;1488;47;2016;9;749;786;1535
"2017/2018";"Educació primària";"5";"Aran";3;100;18;1;1;0;17;83;7;2016;9;54;42;96
"2017/2018";"Educació primària";"5";"Bages";84;2128;210;22;21;1;190;1940;61;2016;9;1012;1031;2043
"2017/2018";"Educació primària";"5";"Baix Camp";98;2530;257;28;26;2;238;2301;62;2016;9;1126;1214;2340
"2017/2018";"Educació primària";"5";"Baix Ebre";34;943;192;13;10;3;179;764;31;2016;9;409;406;815
"2017/2018";"Educació primària";"5";"Baix Empordà";61;1411;67;11;8;3;62;1355;44;2016;9;763;734;1497
"2017/2018";"Educació primària";"5";"Baix Llobregat";371;9246;431;99;72;27;335;8914;210;2016;9;4883;5235;10118
"2017/2018";"Educació primària";"5";"Baix Penedès";56;1423;149;11;10;1;138;1285;29;2016;9;610;673;1283
"2017/2018";"Educació primària";"5";"Barcelonès";811;20250;987;259;193;66;729;19522;476;2016;9;10029;10618;20647
"2017/2018";"Educació primària";"5";"Berguedà";15;429;89;4;4;0;85;344;23;2016;9;151;221;372
"2017/2018";"Educació primària";"5";"Cerdanya";7;192;40;3;3;0;37;155;13;2016;9;109;108;217
"2017/2018";"Educació primària";"5";"Conca de Barberà";9;288;90;3;3;0;87;201;14;2016;9;81;107;188
"2017/2018";"Educació primària";"5";"Garraf";62;1521;54;10;9;1;46;1477;34;2016;9;868;936;1804
"2017/2018";"Educació primària";"5";"Garrigues";6;180;21;0;0;0;21;159;17;2016;9;68;106;174
"2017/2018";"Educació primària";"5";"Garrotxa";25;618;32;6;5;1;26;592;23;2016;9;309;324;633
"2017/2018";"Educació primària";"5";"Gironès";99;2361;137;22;18;4;121;2246;60;2016;9;1178;1190;2368
"2017/2018";"Educació primària";"5";"Maresme";203;5061;325;84;64;20;245;4820;121;2016;9;2568;2816;5384
"2017/2018";"Educació primària";"5";"Moianès";5;173;26;1;1;0;25;148;10;2016;9;88;69;157
"2017/2018";"Educació primària";"5";"Montsià";31;841;133;11;9;2;122;719;21;2016;9;367;382;749
"2017/2018";"Educació primària";"5";"Noguera";15;422;40;2;2;0;38;384;33;2016;9;179;179;358
"2017/2018";"Educació primària";"5";"Osona";80;2033;295;18;16;2;277;1756;66;2016;9;854;919;1773
"2017/2018";"Educació primària";"5";"Pallars Jussà";5;134;15;0;0;0;15;119;7;2016;9;53;57;110
"2017/2018";"Educació primària";"5";"Pallars Sobirà";3;79;16;1;1;0;15;64;7;2016;9;28;28;56
"2017/2018";"Educació primària";"5";"Pla d'Urgell";17;448;50;1;1;0;49;399;19;2016;9;209;217;426
"2017/2018";"Educació primària";"5";"Pla de l'Estany";16;377;14;3;3;0;11;366;12;2016;9;205;221;426
"2017/2018";"Educació primària";"5";"Priorat";3;126;41;3;3;0;38;88;15;2016;9;36;40;76
"2017/2018";"Educació primària";"5";"Ribera d'Ebre";7;273;84;1;1;0;83;190;16;2016;9;91;85;176
"2017/2018";"Educació primària";"5";"Ripollès";9;236;30;1;1;0;30;207;14;2016;9;104;140;244
"2017/2018";"Educació primària";"5";"Segarra";12;305;61;2;2;0;59;246;12;2016;9;112;140;252
"2017/2018";"Educació primària";"5";"Segrià";98;2520;322;22;19;3;300;2220;82;2016;9;1108;1203;2311
"2017/2018";"Educació primària";"5";"Selva";77;1762;102;19;15;4;86;1679;45;2016;9;995;1035;2030
"2017/2018";"Educació primària";"5";"Solsonès";6;165;32;2;2;0;30;135;11;2016;9;73;72;145
"2017/2018";"Educació primària";"5";"Tarragonès";123;3101;312;41;34;7;273;2830;68;2016;9;1523;1600;3123
"2017/2018";"Educació primària";"5";"Terra Alta";4;165;85;0;0;0;85;80;12;2016;9;50;66;116
"2017/2018";"Educació primària";"5";"Urgell";17;460;64;4;2;2;60;400;23;2016;9;206;218;424
"2017/2018";"Educació primària";"5";"Vallès Occidental";446;11146;463;96;77;19;380;10779;237;2016;9;5768;5958;11726
"2017/2018";"Educació primària";"5";"Vallès Oriental";205;5126;388;45;35;10;345;4783;119;2016;9;2519;2709;5228
"2017/2018";"Educació primària";"6";"Alt Camp";31;546;106;3;2;1;103;443;27;2016;10;225;256;481
"2017/2018";"Educació primària";"6";"Alt Empordà";90;1577;107;4;4;0;103;1474;68;2016;10;807;784;1591
"2017/2018";"Educació primària";"6";"Alt Penedès";67;1394;144;6;5;1;138;1256;47;2016;10;625;722;1347
"2017/2018";"Educació primària";"6";"Alt Urgell";16;231;27;2;1;1;25;206;13;2016;10;88;119;207
"2017/2018";"Educació primària";"6";"Alta Ribagorça";3;33;2;0;0;0;2;31;3;2016;10;31;28;59
"2017/2018";"Educació primària";"6";"Anoia";72;1620;216;13;9;4;203;1417;47;2016;10;755;801;1556
"2017/2018";"Educació primària";"6";"Aran";9;110;16;2;2;0;14;96;7;2016;10;45;58;103
"2017/2018";"Educació primària";"6";"Bages";88;2065;197;13;12;1;184;1881;61;2016;10;968;1014;1982
"2017/2018";"Educació primària";"6";"Baix Camp";102;2427;232;22;21;1;213;2217;62;2016;10;1163;1225;2388
"2017/2018";"Educació primària";"6";"Baix Ebre";46;973;208;8;8;0;200;773;31;2016;10;339;403;742
"2017/2018";"Educació primària";"6";"Baix Empordà";67;1413;77;9;7;2;69;1345;44;2016;10;691;703;1394
"2017/2018";"Educació primària";"6";"Baix Llobregat";369;9201;406;68;49;19;344;8863;210;2016;10;4816;5272;10088
"2017/2018";"Educació primària";"6";"Baix Penedès";54;1325;166;17;16;1;149;1176;29;2016;10;601;647;1248
"2017/2018";"Educació primària";"6";"Barcelonès";810;20200;990;209;144;65;783;19419;473;2016;10;9937;10474;20411
"2017/2018";"Educació primària";"6";"Berguedà";27;443;116;3;3;0;113;330;23;2016;10;175;200;375
"2017/2018";"Educació primària";"6";"Cerdanya";15;215;59;5;5;0;54;161;13;2016;10;97;116;213
"2017/2018";"Educació primària";"6";"Conca de Barberà";16;289;88;3;3;0;86;204;14;2016;10;100;122;222
"2017/2018";"Educació primària";"6";"Garraf";61;1523;48;8;4;4;41;1483;34;2016;10;871;894;1765
"2017/2018";"Educació primària";"6";"Garrigues";19;197;35;2;2;0;34;164;17;2016;10;70;88;158
"2017/2018";"Educació primària";"6";"Garrotxa";32;600;29;2;2;0;27;573;23;2016;10;283;306;589
"2017/2018";"Educació primària";"6";"Gironès";100;2295;79;15;12;3;66;2231;59;2016;10;1102;1230;2332
"2017/2018";"Educació primària";"6";"Maresme";208;5165;352;39;25;14;316;4852;121;2016;10;2585;2829;5414
"2017/2018";"Educació primària";"6";"Moianès";11;174;41;0;0;0;41;133;10;2016;10;66;79;145
"2017/2018";"Educació primària";"6";"Montsià";39;840;102;3;2;1;99;741;21;2016;10;338;421;759
"2017/2018";"Educació primària";"6";"Noguera";35;369;57;1;0;1;56;313;32;2016;10;207;200;407
"2017/2018";"Educació primària";"6";"Osona";92;1986;324;22;22;0;302;1684;66;2016;10;925;955;1880
"2017/2018";"Educació primària";"6";"Pallars Jussà";9;132;31;1;1;0;30;102;7;2016;10;57;52;109
"2017/2018";"Educació primària";"6";"Pallars Sobirà";7;53;0;0;0;0;0;53;7;2016;10;33;33;66
"2017/2018";"Educació primària";"6";"Pla d'Urgell";23;463;71;4;4;0;67;396;19;2016;10;179;208;387
"2017/2018";"Educació primària";"6";"Pla de l'Estany";19;384;3;4;4;0;0;385;12;2016;10;189;201;390
"2017/2018";"Educació primària";"6";"Priorat";16;124;42;1;1;0;41;83;15;2016;10;41;44;85
"2017/2018";"Educació primària";"6";"Ribera d'Ebre";19;301;108;1;1;0;107;194;16;2016;10;99;105;204
"2017/2018";"Educació primària";"6";"Ripollès";17;260;41;1;1;0;41;220;14;2016;10;115;137;252
"2017/2018";"Educació primària";"6";"Segarra";15;278;47;2;2;0;45;233;12;2016;10;136;150;286
"2017/2018";"Educació primària";"6";"Segrià";119;2478;319;20;14;6;299;2179;82;2016;10;1084;1123;2207
"2017/2018";"Educació primària";"6";"Selva";82;1857;92;10;8;2;82;1775;45;2016;10;939;984;1923
"2017/2018";"Educació primària";"6";"Solsonès";14;192;49;1;1;0;48;144;11;2016;10;86;72;158
"2017/2018";"Educació primària";"6";"Tarragonès";129;3178;318;16;13;3;302;2876;68;2016;10;1499;1516;3015
"2017/2018";"Educació primària";"6";"Terra Alta";14;187;67;0;0;0;67;120;12;2016;10;49;50;99
"2017/2018";"Educació primària";"6";"Urgell";28;449;54;4;3;1;50;399;23;2016;10;206;185;391
"2017/2018";"Educació primària";"6";"Vallès Occidental";439;10943;435;65;46;19;378;10573;235;2016;10;5559;5889;11448
"2017/2018";"Educació primària";"6";"Vallès Oriental";210;5151;353;34;25;9;323;4832;119;2016;10;2500;2603;5103
"2017/2018";"Educació secundària obligatòria";"1";"Alt Camp";16;480;375;362;351;11;13;467;6;2016;11;213;244;457
"2017/2018";"Educació secundària obligatòria";"1";"Alt Empordà";53;1527;1278;1283;1204;79;18;1532;17;2016;11;745;767;1512
"2017/2018";"Educació secundària obligatòria";"1";"Alt Penedès";45;1350;946;890;816;74;56;1294;16;2016;11;645;705;1350
"2017/2018";"Educació secundària obligatòria";"1";"Alt Urgell";8;240;187;160;154;6;27;213;4;2016;11;85;115;200
"2017/2018";"Educació secundària obligatòria";"1";"Alta Ribagorça";2;60;57;57;57;0;0;60;1;2016;11;16;17;33
"2017/2018";"Educació secundària obligatòria";"1";"Anoia";53;1575;1205;1120;1055;65;92;1490;19;2016;11;742;804;1546
"2017/2018";"Educació secundària obligatòria";"1";"Aran";3;90;88;76;76;0;12;78;1;2016;11;43;43;86
"2017/2018";"Educació secundària obligatòria";"1";"Bages";69;2064;1591;1464;1349;115;130;1937;30;2016;11;954;1058;2012
"2017/2018";"Educació secundària obligatòria";"1";"Baix Camp";80;2388;1703;1623;1471;152;92;2308;27;2016;11;1142;1148;2290
"2017/2018";"Educació secundària obligatòria";"1";"Baix Ebre";28;840;681;605;588;17;76;764;11;2016;11;372;425;797
"2017/2018";"Educació secundària obligatòria";"1";"Baix Empordà";47;1378;1078;1017;943;74;77;1317;16;2016;11;705;762;1467
"2017/2018";"Educació secundària obligatòria";"1";"Baix Llobregat";319;9458;6934;6803;6309;494;210;9327;109;2016;11;4705;4985;9690
"2017/2018";"Educació secundària obligatòria";"1";"Baix Penedès";41;1230;956;937;907;30;20;1211;11;2016;11;557;663;1220
"2017/2018";"Educació secundària obligatòria";"1";"Barcelonès";703;20890;10795;10334;9072;1262;537;20429;292;2016;11;9949;10468;20417
"2017/2018";"Educació secundària obligatòria";"1";"Berguedà";14;420;380;314;313;1;66;354;7;2016;11;171;196;367
"2017/2018";"Educació secundària obligatòria";"1";"Cerdanya";6;180;139;122;122;0;19;163;2;2016;11;97;96;193
"2017/2018";"Educació secundària obligatòria";"1";"Conca de Barberà";9;270;238;191;188;3;50;223;4;2016;11;126;108;234
"2017/2018";"Educació secundària obligatòria";"1";"Garraf";55;1646;1309;1246;1098;148;63;1583;20;2016;11;852;913;1765
"2017/2018";"Educació secundària obligatòria";"1";"Garrigues";6;180;141;115;113;2;27;154;3;2016;11;80;99;179
"2017/2018";"Educació secundària obligatòria";"1";"Garrotxa";18;540;379;366;354;12;19;527;7;2016;11;299;335;634
"2017/2018";"Educació secundària obligatòria";"1";"Gironès";78;2290;1724;1714;1538;176;29;2280;26;2016;11;1185;1200;2385
"2017/2018";"Educació secundària obligatòria";"1";"Maresme";181;5391;3749;3564;3241;323;201;5206;68;2016;11;2551;2798;5349
"2017/2018";"Educació secundària obligatòria";"1";"Moianès";4;120;101;88;81;7;13;107;2;2016;11;69;73;142
"2017/2018";"Educació secundària obligatòria";"1";"Montsià";26;780;669;583;550;33;87;694;9;2016;11;339;365;704
"2017/2018";"Educació secundària obligatòria";"1";"Noguera";14;399;303;278;261;17;25;374;7;2016;11;186;195;381
"2017/2018";"Educació secundària obligatòria";"1";"Osona";68;2003;1435;1307;1225;82;135;1875;28;2016;11;871;943;1814
"2017/2018";"Educació secundària obligatòria";"1";"Pallars Jussà";5;150;122;90;90;0;32;118;3;2016;11;68;47;115
"2017/2018";"Educació secundària obligatòria";"1";"Pallars Sobirà";3;90;87;58;58;0;29;61;2;2016;11;26;29;55
"2017/2018";"Educació secundària obligatòria";"1";"Pla d'Urgell";11;318;302;284;279;5;18;300;3;2016;11;175;195;370
"2017/2018";"Educació secundària obligatòria";"1";"Pla de l'Estany";12;360;322;316;290;26;8;354;4;2016;11;186;191;377
"2017/2018";"Educació secundària obligatòria";"1";"Priorat";4;120;106;93;93;0;13;107;2;2016;11;34;45;79
"2017/2018";"Educació secundària obligatòria";"1";"Ribera d'Ebre";7;210;149;139;139;0;10;200;4;2016;11;80;83;163
"2017/2018";"Educació secundària obligatòria";"1";"Ripollès";9;270;213;179;178;1;39;236;5;2016;11;118;122;240
"2017/2018";"Educació secundària obligatòria";"1";"Segarra";10;290;241;243;222;21;2;292;4;2016;11;126;139;265
"2017/2018";"Educació secundària obligatòria";"1";"Segrià";84;2466;1736;1599;1549;50;138;2329;32;2016;11;1056;1123;2179
"2017/2018";"Educació secundària obligatòria";"1";"Selva";65;1907;1542;1365;1303;62;178;1730;23;2016;11;970;993;1963
"2017/2018";"Educació secundària obligatòria";"1";"Solsonès";7;210;199;153;153;0;46;164;3;2016;11;68;70;138
"2017/2018";"Educació secundària obligatòria";"1";"Tarragonès";103;3026;2061;1984;1862;122;107;2949;35;2016;11;1417;1523;2940
"2017/2018";"Educació secundària obligatòria";"1";"Terra Alta";4;120;105;75;75;0;30;90;2;2016;11;42;60;102
"2017/2018";"Educació secundària obligatòria";"1";"Urgell";15;449;368;329;326;3;39;410;6;2016;11;191;202;393
"2017/2018";"Educació secundària obligatòria";"1";"Vallès Occidental";374;11088;7706;7596;7020;576;226;10978;130;2016;11;5595;5711;11306
"2017/2018";"Educació secundària obligatòria";"1";"Vallès Oriental";174;5184;4047;3802;3379;423;268;4939;62;2016;11;2482;2592;5074
"2017/2018";"Educació secundària obligatòria";"2";"Alt Camp";16;480;21;6;4;2;15;465;6;2016;12;246;272;518
"2017/2018";"Educació secundària obligatòria";"2";"Alt Empordà";49;1456;58;13;8;5;47;1411;17;2016;12;747;749;1496
"2017/2018";"Educació secundària obligatòria";"2";"Alt Penedès";44;1320;51;15;11;4;36;1284;16;2016;12;592;677;1269
"2017/2018";"Educació secundària obligatòria";"2";"Alt Urgell";8;240;32;3;3;0;29;211;4;2016;12;91;86;177
"2017/2018";"Educació secundària obligatòria";"2";"Alta Ribagorça";2;60;16;1;1;0;15;45;1;2016;12;8;15;23
"2017/2018";"Educació secundària obligatòria";"2";"Anoia";53;1586;125;11;10;1;114;1472;19;2016;12;730;755;1485
"2017/2018";"Educació secundària obligatòria";"2";"Aran";3;90;14;0;0;0;14;76;1;2016;12;42;59;101
"2017/2018";"Educació secundària obligatòria";"2";"Bages";68;2040;142;36;31;5;109;1934;27;2016;12;923;1058;1981
"2017/2018";"Educació secundària obligatòria";"2";"Baix Camp";78;2340;89;23;18;5;66;2274;27;2016;12;1098;1163;2261
"2017/2018";"Educació secundària obligatòria";"2";"Baix Ebre";30;900;64;17;11;6;47;853;11;2016;12;342;462;804
"2017/2018";"Educació secundària obligatòria";"2";"Baix Empordà";47;1350;20;7;6;1;18;1337;16;2016;12;713;710;1423
"2017/2018";"Educació secundària obligatòria";"2";"Baix Llobregat";305;9133;242;93;70;23;153;8984;107;2016;12;4643;4947;9590
"2017/2018";"Educació secundària obligatòria";"2";"Baix Penedès";40;1200;25;10;8;2;15;1185;11;2016;12;580;585;1165
"2017/2018";"Educació secundària obligatòria";"2";"Barcelonès";683;20407;897;319;234;85;580;19829;286;2016;12;9744;10351;20095
"2017/2018";"Educació secundària obligatòria";"2";"Berguedà";13;390;52;4;3;1;48;342;7;2016;12;166;219;385
"2017/2018";"Educació secundària obligatòria";"2";"Cerdanya";6;180;20;1;1;0;19;161;2;2016;12;85;94;179
"2017/2018";"Educació secundària obligatòria";"2";"Conca de Barberà";7;210;7;1;1;0;6;204;4;2016;12;90;106;196
"2017/2018";"Educació secundària obligatòria";"2";"Garraf";53;1587;49;19;10;9;32;1557;20;2016;12;857;934;1791
"2017/2018";"Educació secundària obligatòria";"2";"Garrigues";7;210;25;3;3;0;22;188;3;2016;12;87;104;191
"2017/2018";"Educació secundària obligatòria";"2";"Garrotxa";18;519;18;4;4;0;15;505;7;2016;12;266;344;610
"2017/2018";"Educació secundària obligatòria";"2";"Gironès";76;2258;23;3;3;0;22;2238;26;2016;12;1105;1220;2325
"2017/2018";"Educació secundària obligatòria";"2";"Maresme";174;5220;269;78;63;15;192;5029;67;2016;12;2386;2635;5021
"2017/2018";"Educació secundària obligatòria";"2";"Moianès";4;120;18;1;1;0;17;103;2;2016;12;74;88;162
"2017/2018";"Educació secundària obligatòria";"2";"Montsià";25;750;59;7;5;2;52;698;9;2016;12;325;371;696
"2017/2018";"Educació secundària obligatòria";"2";"Noguera";16;480;80;5;4;1;75;405;7;2016;12;161;202;363
"2017/2018";"Educació secundària obligatòria";"2";"Osona";64;1921;157;25;20;5;132;1789;28;2016;12;799;915;1714
"2017/2018";"Educació secundària obligatòria";"2";"Pallars Jussà";4;120;13;1;1;0;12;108;3;2016;12;57;50;107
"2017/2018";"Educació secundària obligatòria";"2";"Pallars Sobirà";2;60;4;1;1;0;3;57;2;2016;12;30;25;55
"2017/2018";"Educació secundària obligatòria";"2";"Pla d'Urgell";11;330;20;6;4;2;14;316;3;2016;12;184;190;374
"2017/2018";"Educació secundària obligatòria";"2";"Pla de l'Estany";13;366;8;1;0;1;7;359;4;2016;12;185;202;387
"2017/2018";"Educació secundària obligatòria";"2";"Priorat";3;90;26;0;0;0;26;64;2;2016;12;32;35;67
"2017/2018";"Educació secundària obligatòria";"2";"Ribera d'Ebre";7;210;39;4;4;0;35;175;4;2016;12;93;101;194
"2017/2018";"Educació secundària obligatòria";"2";"Ripollès";9;270;48;1;1;0;47;223;5;2016;12;93;115;208
"2017/2018";"Educació secundària obligatòria";"2";"Segarra";9;270;39;5;4;1;34;236;4;2016;12;111;132;243
"2017/2018";"Educació secundària obligatòria";"2";"Segrià";79;2370;158;26;21;5;133;2238;30;2016;12;1059;1179;2238
"2017/2018";"Educació secundària obligatòria";"2";"Selva";67;1848;52;18;8;10;34;1814;23;2016;12;948;994;1942
"2017/2018";"Educació secundària obligatòria";"2";"Solsonès";6;180;55;2;2;0;53;127;3;2016;12;63;61;124
"2017/2018";"Educació secundària obligatòria";"2";"Tarragonès";99;2970;90;19;14;5;71;2899;34;2016;12;1328;1535;2863
"2017/2018";"Educació secundària obligatòria";"2";"Terra Alta";4;120;32;1;1;0;31;89;2;2016;12;50;51;101
"2017/2018";"Educació secundària obligatòria";"2";"Urgell";14;420;29;9;8;1;20;400;6;2016;12;177;214;391
"2017/2018";"Educació secundària obligatòria";"2";"Vallès Occidental";358;10722;275;117;89;28;171;10564;129;2016;12;5303;5629;10932
"2017/2018";"Educació secundària obligatòria";"2";"Vallès Oriental";166;4982;193;54;41;13;143;4843;62;2016;12;2376;2561;4937
"2017/2018";"Educació secundària obligatòria";"3";"Alt Camp";17;510;11;10;9;1;1;509;6;2016;13;210;269;479
"2017/2018";"Educació secundària obligatòria";"3";"Alt Empordà";50;1482;67;16;13;3;54;1431;17;2016;13;717;730;1447
"2017/2018";"Educació secundària obligatòria";"3";"Alt Penedès";43;1290;55;1;1;0;54;1236;16;2016;13;591;638;1229
"2017/2018";"Educació secundària obligatòria";"3";"Alt Urgell";8;240;67;1;1;0;66;174;4;2016;13;76;95;171
"2017/2018";"Educació secundària obligatòria";"3";"Alta Ribagorça";2;60;25;0;0;0;25;35;1;2016;13;14;17;31
"2017/2018";"Educació secundària obligatòria";"3";"Anoia";52;1556;125;23;21;2;102;1454;19;2016;13;638;733;1371
"2017/2018";"Educació secundària obligatòria";"3";"Aran";3;90;10;1;1;0;9;81;1;2016;13;44;49;93
"2017/2018";"Educació secundària obligatòria";"3";"Bages";69;2070;206;35;29;6;171;1899;29;2016;13;874;962;1836
"2017/2018";"Educació secundària obligatòria";"3";"Baix Camp";77;2311;104;15;11;4;89;2222;27;2016;13;1040;1145;2185
"2017/2018";"Educació secundària obligatòria";"3";"Baix Ebre";31;930;125;20;16;4;105;825;11;2016;13;364;450;814
"2017/2018";"Educació secundària obligatòria";"3";"Baix Empordà";50;1415;58;4;3;1;55;1361;16;2016;13;609;710;1319
"2017/2018";"Educació secundària obligatòria";"3";"Baix Llobregat";301;9012;305;92;74;18;219;8799;107;2016;13;4401;4876;9277
"2017/2018";"Educació secundària obligatòria";"3";"Baix Penedès";40;1200;11;8;6;2;3;1197;11;2016;13;581;572;1153
"2017/2018";"Educació secundària obligatòria";"3";"Barcelonès";670;20021;679;332;238;94;349;19674;288;2016;13;9678;10226;19904
"2017/2018";"Educació secundària obligatòria";"3";"Berguedà";14;420;91;4;4;0;87;333;7;2016;13;175;205;380
"2017/2018";"Educació secundària obligatòria";"3";"Cerdanya";5;150;16;1;1;0;15;135;2;2016;13;80;94;174
"2017/2018";"Educació secundària obligatòria";"3";"Conca de Barberà";8;240;54;1;1;0;53;187;4;2016;13;112;119;231
"2017/2018";"Educació secundària obligatòria";"3";"Garraf";53;1576;47;23;15;8;26;1552;20;2016;13;819;870;1689
"2017/2018";"Educació secundària obligatòria";"3";"Garrigues";7;210;33;1;1;0;32;178;3;2016;13;83;120;203
"2017/2018";"Educació secundària obligatòria";"3";"Garrotxa";18;522;19;4;3;1;16;507;7;2016;13;234;376;610
"2017/2018";"Educació secundària obligatòria";"3";"Gironès";73;2163;31;11;8;3;22;2143;26;2016;13;1006;1210;2216
"2017/2018";"Educació secundària obligatòria";"3";"Maresme";165;4950;350;92;76;16;258;4692;67;2016;13;2316;2645;4961
"2017/2018";"Educació secundària obligatòria";"3";"Moianès";5;150;36;1;1;0;35;115;2;2016;13;84;89;173
"2017/2018";"Educació secundària obligatòria";"3";"Montsià";22;660;38;3;1;2;35;625;9;2016;13;312;400;712
"2017/2018";"Educació secundària obligatòria";"3";"Noguera";14;420;71;6;5;1;65;355;7;2016;13;179;231;410
"2017/2018";"Educació secundària obligatòria";"3";"Osona";64;1906;201;25;21;4;176;1730;27;2016;13;834;922;1756
"2017/2018";"Educació secundària obligatòria";"3";"Pallars Jussà";5;150;38;4;4;0;34;116;3;2016;13;60;64;124
"2017/2018";"Educació secundària obligatòria";"3";"Pallars Sobirà";2;60;8;0;0;0;8;52;2;2016;13;29;40;69
"2017/2018";"Educació secundària obligatòria";"3";"Pla d'Urgell";10;300;21;2;2;0;19;281;3;2016;13;178;214;392
"2017/2018";"Educació secundària obligatòria";"3";"Pla de l'Estany";13;390;25;9;9;0;16;374;4;2016;13;169;189;358
"2017/2018";"Educació secundària obligatòria";"3";"Priorat";3;90;25;2;2;0;23;67;2;2016;13;32;42;74
"2017/2018";"Educació secundària obligatòria";"3";"Ribera d'Ebre";7;210;22;4;4;0;18;192;4;2016;13;92;99;191
"2017/2018";"Educació secundària obligatòria";"3";"Ripollès";8;240;24;5;5;0;19;221;5;2016;13;91;102;193
"2017/2018";"Educació secundària obligatòria";"3";"Segarra";9;270;60;3;3;0;57;213;4;2016;13;121;139;260
"2017/2018";"Educació secundària obligatòria";"3";"Segrià";84;2521;302;66;50;16;236;2285;30;2016;13;983;1208;2191
"2017/2018";"Educació secundària obligatòria";"3";"Selva";65;1800;70;14;10;4;59;1744;23;2016;13;827;1037;1864
"2017/2018";"Educació secundària obligatòria";"3";"Solsonès";5;150;39;14;14;0;25;125;2;2016;13;65;48;113
"2017/2018";"Educació secundària obligatòria";"3";"Tarragonès";98;2940;190;28;20;8;162;2778;34;2016;13;1320;1469;2789
"2017/2018";"Educació secundària obligatòria";"3";"Terra Alta";4;120;31;0;0;0;31;89;2;2016;13;53;35;88
"2017/2018";"Educació secundària obligatòria";"3";"Urgell";14;420;21;16;13;3;5;415;6;2016;13;159;226;385
"2017/2018";"Educació secundària obligatòria";"3";"Vallès Occidental";346;10364;355;123;95;28;243;10132;128;2016;13;5098;5393;10491
"2017/2018";"Educació secundària obligatòria";"3";"Vallès Oriental";158;4749;146;58;44;14;94;4661;62;2016;13;2270;2537;4807
"2017/2018";"Educació secundària obligatòria";"4";"Alt Camp";17;510;34;5;5;0;29;481;6;2016;14;207;247;454
"2017/2018";"Educació secundària obligatòria";"4";"Alt Empordà";48;1423;126;7;6;1;119;1304;17;2016;14;718;764;1482
"2017/2018";"Educació secundària obligatòria";"4";"Alt Penedès";38;1130;44;14;5;9;31;1100;15;2016;14;580;642;1222
"2017/2018";"Educació secundària obligatòria";"4";"Alt Urgell";7;210;29;1;1;0;28;182;3;2016;14;76;98;174
"2017/2018";"Educació secundària obligatòria";"4";"Alta Ribagorça";2;60;16;0;0;0;16;44;1;2016;14;16;19;35
"2017/2018";"Educació secundària obligatòria";"4";"Anoia";47;1410;119;22;13;9;97;1313;18;2016;14;647;714;1361
"2017/2018";"Educació secundària obligatòria";"4";"Aran";3;90;3;1;1;0;2;88;1;2016;14;35;40;75
"2017/2018";"Educació secundària obligatòria";"4";"Bages";64;1920;239;27;19;8;212;1708;29;2016;14;869;976;1845
"2017/2018";"Educació secundària obligatòria";"4";"Baix Camp";72;2160;187;23;14;9;165;1996;27;2016;14;998;1105;2103
"2017/2018";"Educació secundària obligatòria";"4";"Baix Ebre";31;930;148;16;13;3;132;798;11;2016;14;370;476;846
"2017/2018";"Educació secundària obligatòria";"4";"Baix Empordà";45;1304;77;9;9;0;71;1236;16;2016;14;639;692;1331
"2017/2018";"Educació secundària obligatòria";"4";"Baix Llobregat";289;8666;459;139;108;31;327;8346;106;2016;14;4488;4619;9107
"2017/2018";"Educació secundària obligatòria";"4";"Baix Penedès";38;1140;23;6;5;1;18;1123;11;2016;14;535;580;1115
"2017/2018";"Educació secundària obligatòria";"4";"Barcelonès";665;19887;1193;434;345;89;759;19128;285;2016;14;9871;10747;20618
"2017/2018";"Educació secundària obligatòria";"4";"Berguedà";14;420;108;1;1;0;107;313;7;2016;14;156;169;325
"2017/2018";"Educació secundària obligatòria";"4";"Cerdanya";5;150;0;0;0;0;0;150;2;2016;14;94;105;199
"2017/2018";"Educació secundària obligatòria";"4";"Conca de Barberà";8;240;37;3;2;1;34;206;4;2016;14;83;137;220
"2017/2018";"Educació secundària obligatòria";"4";"Garraf";52;1542;77;22;17;5;55;1487;20;2016;14;834;778;1612
"2017/2018";"Educació secundària obligatòria";"4";"Garrigues";7;210;40;3;3;0;37;173;3;2016;14;76;94;170
"2017/2018";"Educació secundària obligatòria";"4";"Garrotxa";17;475;21;1;1;0;21;455;7;2016;14;275;335;610
"2017/2018";"Educació secundària obligatòria";"4";"Gironès";71;2095;84;17;11;6;69;2028;26;2016;14;1077;1144;2221
"2017/2018";"Educació secundària obligatòria";"4";"Maresme";158;4740;432;76;70;6;356;4384;65;2016;14;2333;2617;4950
"2017/2018";"Educació secundària obligatòria";"4";"Moianès";5;150;35;0;0;0;35;115;2;2016;14;77;87;164
"2017/2018";"Educació secundària obligatòria";"4";"Montsià";24;720;89;6;4;2;83;637;9;2016;14;320;408;728
"2017/2018";"Educació secundària obligatòria";"4";"Noguera";14;420;65;3;3;0;62;358;7;2016;14;155;237;392
"2017/2018";"Educació secundària obligatòria";"4";"Osona";61;1830;236;21;16;5;217;1615;26;2016;14;802;917;1719
"2017/2018";"Educació secundària obligatòria";"4";"Pallars Jussà";5;150;40;5;5;0;35;115;3;2016;14;51;62;113
"2017/2018";"Educació secundària obligatòria";"4";"Pallars Sobirà";3;90;24;0;0;0;24;66;2;2016;14;35;33;68
"2017/2018";"Educació secundària obligatòria";"4";"Pla d'Urgell";10;300;18;2;2;0;16;284;3;2016;14;174;217;391
"2017/2018";"Educació secundària obligatòria";"4";"Pla de l'Estany";12;360;16;5;4;1;11;349;4;2016;14;168;180;348
"2017/2018";"Educació secundària obligatòria";"4";"Priorat";3;90;26;0;0;0;26;64;2;2016;14;36;51;87
"2017/2018";"Educació secundària obligatòria";"4";"Ribera d'Ebre";6;180;19;1;1;0;18;162;4;2016;14;101;118;219
"2017/2018";"Educació secundària obligatòria";"4";"Ripollès";8;240;59;2;2;0;57;183;5;2016;14;92;113;205
"2017/2018";"Educació secundària obligatòria";"4";"Segarra";10;300;72;1;1;0;71;229;4;2016;14;104;151;255
"2017/2018";"Educació secundària obligatòria";"4";"Segrià";80;2400;344;50;46;4;294;2106;30;2016;14;1075;1270;2345
"2017/2018";"Educació secundària obligatòria";"4";"Selva";63;1794;64;19;15;4;45;1749;23;2016;14;915;1043;1958
"2017/2018";"Educació secundària obligatòria";"4";"Solsonès";5;150;35;0;0;0;35;115;2;2016;14;80;89;169
"2017/2018";"Educació secundària obligatòria";"4";"Tarragonès";94;2820;287;30;26;4;257;2563;33;2016;14;1296;1435;2731
"2017/2018";"Educació secundària obligatòria";"4";"Terra Alta";4;120;29;1;1;0;28;92;2;2016;14;48;56;104
"2017/2018";"Educació secundària obligatòria";"4";"Urgell";13;391;19;0;0;0;19;372;6;2016;14;180;227;407
"2017/2018";"Educació secundària obligatòria";"4";"Vallès Occidental";336;10062;420;120;104;16;305;9762;127;2016;14;4961;5567;10528
"2017/2018";"Educació secundària obligatòria";"4";"Vallès Oriental";158;4740;278;54;40;14;225;4516;60;2016;14;2217;2404;4621
"2018/2019";"Educació infantil: Parvulari";"1";"Alt Camp";22;609;609;441;429;12;168;441;27;2017;2;222;201;423
"2018/2019";"Educació infantil: Parvulari";"1";"Alt Empordà";71;1545;1545;1390;1329;61;167;1390;68;2017;2;697;739;1436
"2018/2019";"Educació infantil: Parvulari";"1";"Alt Penedès";57;1219;1215;1076;1017;59;139;1080;47;2017;2;539;644;1183
"2018/2019";"Educació infantil: Parvulari";"1";"Alt Urgell";8;181;181;145;133;12;37;145;12;2017;2;97;85;182
"2018/2019";"Educació infantil: Parvulari";"1";"Alta Ribagorça";2;42;42;24;24;0;18;24;3;2017;2;13;20;33
"2018/2019";"Educació infantil: Parvulari";"1";"Anoia";53;1349;1349;1008;973;35;341;1008;47;2017;2;626;665;1291
"2018/2019";"Educació infantil: Parvulari";"1";"Aran";5;90;90;80;80;0;10;80;7;2017;2;43;59;102
"2018/2019";"Educació infantil: Parvulari";"1";"Bages";81;2038;2029;1646;1586;60;385;1655;62;2017;2;920;944;1864
"2018/2019";"Educació infantil: Parvulari";"1";"Baix Camp";90;2233;2232;1858;1761;97;377;1859;61;2017;2;999;1121;2120
"2018/2019";"Educació infantil: Parvulari";"1";"Baix Ebre";33;891;891;634;633;1;257;634;32;2017;2;395;330;725
"2018/2019";"Educació infantil: Parvulari";"1";"Baix Empordà";62;1425;1413;1207;1140;67;211;1219;44;2017;2;638;651;1289
"2018/2019";"Educació infantil: Parvulari";"1";"Baix Llobregat";328;8134;8127;7386;6842;544;744;7393;211;2017;2;4161;4434;8595
"2018/2019";"Educació infantil: Parvulari";"1";"Baix Penedès";44;1101;1100;973;922;51;127;974;29;2017;2;508;612;1120
"2018/2019";"Educació infantil: Parvulari";"1";"Barcelonès";821;20283;20258;18343;16896;1447;1934;18368;485;2017;2;9329;10015;19344
"2018/2019";"Educació infantil: Parvulari";"1";"Berguedà";17;419;419;307;301;6;113;307;23;2017;2;169;177;346
"2018/2019";"Educació infantil: Parvulari";"1";"Cerdanya";7;192;190;140;137;3;53;142;13;2017;2;88;106;194
"2018/2019";"Educació infantil: Parvulari";"1";"Conca de Barberà";9;273;273;192;190;2;81;192;14;2017;2;91;98;189
"2018/2019";"Educació infantil: Parvulari";"1";"Garraf";54;1350;1343;1189;1085;104;155;1196;34;2017;2;744;760;1504
"2018/2019";"Educació infantil: Parvulari";"1";"Garrigues";5;165;152;124;124;0;28;137;17;2017;2;89;71;160
"2018/2019";"Educació infantil: Parvulari";"1";"Garrotxa";29;597;597;520;504;16;80;520;24;2017;2;272;299;571
"2018/2019";"Educació infantil: Parvulari";"1";"Gironès";100;2335;2334;2072;1955;117;267;2073;62;2017;2;1092;1226;2318
"2018/2019";"Educació infantil: Parvulari";"1";"Maresme";186;4629;4627;3994;3742;252;637;3996;122;2017;2;2248;2469;4717
"2018/2019";"Educació infantil: Parvulari";"1";"Moianès";5;172;172;99;99;0;73;99;10;2017;2;51;55;106
"2018/2019";"Educació infantil: Parvulari";"1";"Montsià";29;760;760;585;566;19;175;585;21;2017;2;294;319;613
"2018/2019";"Educació infantil: Parvulari";"1";"Noguera";16;425;423;336;323;13;92;338;33;2017;2;179;200;379
"2018/2019";"Educació infantil: Parvulari";"1";"Osona";78;1903;1903;1502;1411;91;401;1502;66;2017;2;848;936;1784
"2018/2019";"Educació infantil: Parvulari";"1";"Pallars Jussà";5;136;136;103;103;0;33;103;7;2017;2;50;61;111
"2018/2019";"Educació infantil: Parvulari";"1";"Pallars Sobirà";3;58;58;57;56;1;1;57;7;2017;2;22;26;48
"2018/2019";"Educació infantil: Parvulari";"1";"Pla d'Urgell";19;447;447;334;333;1;115;334;19;2017;2;217;213;430
"2018/2019";"Educació infantil: Parvulari";"1";"Pla de l'Estany";17;333;333;322;292;30;11;322;12;2017;2;175;196;371
"2018/2019";"Educació infantil: Parvulari";"1";"Priorat";3;154;150;56;56;0;94;60;15;2017;2;43;32;75
"2018/2019";"Educació infantil: Parvulari";"1";"Ribera d'Ebre";11;331;331;168;167;1;163;168;16;2017;2;80;97;177
"2018/2019";"Educació infantil: Parvulari";"1";"Ripollès";9;224;224;180;179;1;45;180;14;2017;2;95;95;190
"2018/2019";"Educació infantil: Parvulari";"1";"Segarra";10;258;258;197;194;3;61;197;12;2017;2;121;120;241
"2018/2019";"Educació infantil: Parvulari";"1";"Segrià";99;2396;2389;1937;1861;76;456;1944;81;2017;2;981;1096;2077
"2018/2019";"Educació infantil: Parvulari";"1";"Selva";68;1673;1671;1427;1342;85;248;1429;45;2017;2;838;862;1700
"2018/2019";"Educació infantil: Parvulari";"1";"Solsonès";6;172;172;129;128;1;43;129;11;2017;2;53;69;122
"2018/2019";"Educació infantil: Parvulari";"1";"Tarragonès";118;2906;2906;2463;2350;113;450;2463;68;2017;2;1352;1459;2811
"2018/2019";"Educació infantil: Parvulari";"1";"Terra Alta";7;213;213;85;85;0;128;85;12;2017;2;41;35;76
"2018/2019";"Educació infantil: Parvulari";"1";"Urgell";17;415;415;316;309;7;100;316;23;2017;2;201;213;414
"2018/2019";"Educació infantil: Parvulari";"1";"Vallès Occidental";402;9885;9876;8956;8535;421;952;8965;239;2017;2;4785;5274;10059
"2018/2019";"Educació infantil: Parvulari";"1";"Vallès Oriental";178;4392;4386;3760;3565;195;632;3766;119;2017;2;2006;2138;4144
"2018/2019";"Educació infantil: Parvulari";"2";"Alt Camp";17;547;140;8;8;0;132;415;27;2017;3;250;211;461
"2018/2019";"Educació infantil: Parvulari";"2";"Alt Empordà";62;1472;153;17;14;3;137;1336;68;2017;3;705;765;1470
"2018/2019";"Educació infantil: Parvulari";"2";"Alt Penedès";52;1219;126;11;9;2;115;1104;47;2017;3;576;611;1187
"2018/2019";"Educació infantil: Parvulari";"2";"Alt Urgell";6;177;18;4;4;0;14;163;12;2017;3;81;91;172
"2018/2019";"Educació infantil: Parvulari";"2";"Alta Ribagorça";1;34;14;2;2;0;12;22;3;2017;3;18;24;42
"2018/2019";"Educació infantil: Parvulari";"2";"Anoia";56;1432;299;24;21;3;275;1157;47;2017;3;651;680;1331
"2018/2019";"Educació infantil: Parvulari";"2";"Aran";3;96;3;0;0;0;3;93;7;2017;3;46;42;88
"2018/2019";"Educació infantil: Parvulari";"2";"Bages";82;2039;365;34;29;5;332;1708;62;2017;3;886;965;1851
"2018/2019";"Educació infantil: Parvulari";"2";"Baix Camp";84;2149;200;35;26;9;170;1984;61;2017;3;996;1044;2040
"2018/2019";"Educació infantil: Parvulari";"2";"Baix Ebre";30;855;173;17;14;3;156;699;32;2017;3;362;386;748
"2018/2019";"Educació infantil: Parvulari";"2";"Baix Empordà";57;1399;218;18;14;4;200;1199;44;2017;3;644;700;1344
"2018/2019";"Educació infantil: Parvulari";"2";"Baix Llobregat";331;8219;519;146;82;64;377;7846;211;2017;3;4126;4269;8395
"2018/2019";"Educació infantil: Parvulari";"2";"Baix Penedès";43;1085;142;20;16;4;123;963;29;2017;3;513;575;1088
"2018/2019";"Educació infantil: Parvulari";"2";"Barcelonès";796;19604;1317;456;300;156;876;18743;477;2017;3;9428;9901;19329
"2018/2019";"Educació infantil: Parvulari";"2";"Berguedà";14;392;97;5;5;0;92;300;22;2017;3;163;161;324
"2018/2019";"Educació infantil: Parvulari";"2";"Cerdanya";6;187;41;8;8;0;36;154;13;2017;3;74;78;152
"2018/2019";"Educació infantil: Parvulari";"2";"Conca de Barberà";8;261;79;1;1;0;78;183;14;2017;3;81;106;187
"2018/2019";"Educació infantil: Parvulari";"2";"Garraf";54;1337;106;35;23;12;72;1266;33;2017;3;739;740;1479
"2018/2019";"Educació infantil: Parvulari";"2";"Garrigues";6;184;46;4;4;0;42;142;17;2017;3;72;70;142
"2018/2019";"Educació infantil: Parvulari";"2";"Garrotxa";26;569;69;8;8;0;62;508;24;2017;3;299;293;592
"2018/2019";"Educació infantil: Parvulari";"2";"Gironès";99;2368;195;30;23;7;169;2203;62;2017;3;1123;1132;2255
"2018/2019";"Educació infantil: Parvulari";"2";"Maresme";185;4599;470;82;60;22;389;4211;121;2017;3;2216;2383;4599
"2018/2019";"Educació infantil: Parvulari";"2";"Moianès";6;158;60;0;0;0;60;98;10;2017;3;78;67;145
"2018/2019";"Educació infantil: Parvulari";"2";"Montsià";26;724;150;12;8;4;138;586;21;2017;3;273;315;588
"2018/2019";"Educació infantil: Parvulari";"2";"Noguera";16;396;42;1;1;0;41;355;33;2017;3;191;180;371
"2018/2019";"Educació infantil: Parvulari";"2";"Osona";76;1894;300;30;27;3;271;1624;64;2017;3;801;907;1708
"2018/2019";"Educació infantil: Parvulari";"2";"Pallars Jussà";5;139;35;0;0;0;35;104;7;2017;3;50;62;112
"2018/2019";"Educació infantil: Parvulari";"2";"Pallars Sobirà";2;39;0;0;0;0;0;39;7;2017;3;31;34;65
"2018/2019";"Educació infantil: Parvulari";"2";"Pla d'Urgell";20;527;130;5;3;2;125;402;19;2017;3;201;185;386
"2018/2019";"Educació infantil: Parvulari";"2";"Pla de l'Estany";17;347;8;2;2;0;7;341;12;2017;3;176;196;372
"2018/2019";"Educació infantil: Parvulari";"2";"Priorat";2;142;72;0;0;0;72;70;15;2017;3;38;38;76
"2018/2019";"Educació infantil: Parvulari";"2";"Ribera d'Ebre";6;258;96;3;3;0;93;165;16;2017;3;96;109;205
"2018/2019";"Educació infantil: Parvulari";"2";"Ripollès";8;218;53;2;2;0;52;167;14;2017;3;115;119;234
"2018/2019";"Educació infantil: Parvulari";"2";"Segarra";12;301;78;10;10;0;68;233;12;2017;3;141;136;277
"2018/2019";"Educació infantil: Parvulari";"2";"Segrià";89;2251;240;43;37;6;198;2054;81;2017;3;984;1098;2082
"2018/2019";"Educació infantil: Parvulari";"2";"Selva";70;1648;169;25;22;3;151;1504;45;2017;3;778;905;1683
"2018/2019";"Educació infantil: Parvulari";"2";"Solsonès";5;156;44;1;1;0;43;113;11;2017;3;63;69;132
"2018/2019";"Educació infantil: Parvulari";"2";"Tarragonès";117;2898;359;56;45;11;303;2595;68;2017;3;1262;1408;2670
"2018/2019";"Educació infantil: Parvulari";"2";"Terra Alta";3;165;91;0;0;0;91;74;12;2017;3;48;41;89
"2018/2019";"Educació infantil: Parvulari";"2";"Urgell";17;434;58;6;3;3;52;382;23;2017;3;182;190;372
"2018/2019";"Educació infantil: Parvulari";"2";"Vallès Occidental";391;9680;525;152;107;45;380;9307;238;2017;3;4872;5171;10043
"2018/2019";"Educació infantil: Parvulari";"2";"Vallès Oriental";178;4392;546;74;60;14;483;3920;119;2017;3;2043;2179;4222
"2018/2019";"Educació infantil: Parvulari";"3";"Alt Camp";29;540;115;9;8;1;106;434;27;2017;4;224;242;466
"2018/2019";"Educació infantil: Parvulari";"3";"Alt Empordà";85;1446;100;23;21;2;82;1369;68;2017;4;800;793;1593
"2018/2019";"Educació infantil: Parvulari";"3";"Alt Penedès";63;1260;144;16;11;5;130;1132;47;2017;4;643;681;1324
"2018/2019";"Educació infantil: Parvulari";"3";"Alt Urgell";13;197;34;4;1;3;30;167;12;2017;4;92;92;184
"2018/2019";"Educació infantil: Parvulari";"3";"Alta Ribagorça";3;32;5;0;0;0;5;27;3;2017;4;16;13;29
"2018/2019";"Educació infantil: Parvulari";"3";"Anoia";66;1465;289;29;27;2;263;1205;47;2017;4;636;665;1301
"2018/2019";"Educació infantil: Parvulari";"3";"Aran";7;79;2;0;0;0;2;77;7;2017;4;50;43;93
"2018/2019";"Educació infantil: Parvulari";"3";"Bages";84;1972;285;28;24;4;260;1715;61;2017;4;952;1037;1989
"2018/2019";"Educació infantil: Parvulari";"3";"Baix Camp";95;2186;306;42;35;7;265;1922;61;2017;4;1107;1127;2234
"2018/2019";"Educació infantil: Parvulari";"3";"Baix Ebre";43;886;174;16;8;8;158;728;32;2017;4;350;413;763
"2018/2019";"Educació infantil: Parvulari";"3";"Baix Empordà";65;1416;178;23;20;3;160;1261;44;2017;4;652;731;1383
"2018/2019";"Educació infantil: Parvulari";"3";"Baix Llobregat";324;8020;536;118;82;36;419;7602;209;2017;4;4376;4696;9072
"2018/2019";"Educació infantil: Parvulari";"3";"Baix Penedès";43;1035;81;11;8;3;70;965;29;2017;4;576;632;1208
"2018/2019";"Educació infantil: Parvulari";"3";"Barcelonès";793;19476;1149;396;264;132;768;18723;475;2017;4;9793;10321;20114
"2018/2019";"Educació infantil: Parvulari";"3";"Berguedà";21;354;82;2;2;0;81;274;22;2017;4;168;194;362
"2018/2019";"Educació infantil: Parvulari";"3";"Cerdanya";10;160;38;1;1;0;37;123;13;2017;4;76;93;169
"2018/2019";"Educació infantil: Parvulari";"3";"Conca de Barberà";15;266;89;1;1;0;88;178;14;2017;4;91;102;193
"2018/2019";"Educació infantil: Parvulari";"3";"Garraf";50;1250;58;14;10;4;44;1206;33;2017;4;765;845;1610
"2018/2019";"Educació infantil: Parvulari";"3";"Garrigues";16;184;49;1;1;0;48;136;17;2017;4;87;97;184
"2018/2019";"Educació infantil: Parvulari";"3";"Garrotxa";32;581;48;8;7;1;43;541;24;2017;4;295;302;597
"2018/2019";"Educació infantil: Parvulari";"3";"Gironès";102;2329;218;35;30;5;188;2146;62;2017;4;1099;1256;2355
"2018/2019";"Educació infantil: Parvulari";"3";"Maresme";183;4504;387;67;49;18;323;4184;119;2017;4;2353;2532;4885
"2018/2019";"Educació infantil: Parvulari";"3";"Moianès";11;180;51;0;0;0;51;129;10;2017;4;66;102;168
"2018/2019";"Educació infantil: Parvulari";"3";"Montsià";31;675;135;7;5;2;128;547;21;2017;4;327;344;671
"2018/2019";"Educació infantil: Parvulari";"3";"Noguera";32;421;73;8;7;1;65;356;33;2017;4;181;226;407
"2018/2019";"Educació infantil: Parvulari";"3";"Osona";86;1890;329;26;21;5;304;1587;66;2017;4;906;974;1880
"2018/2019";"Educació infantil: Parvulari";"3";"Pallars Jussà";9;139;35;1;1;0;34;105;7;2017;4;52;64;116
"2018/2019";"Educació infantil: Parvulari";"3";"Pallars Sobirà";7;90;22;1;1;0;21;69;7;2017;4;28;34;62
"2018/2019";"Educació infantil: Parvulari";"3";"Pla d'Urgell";24;470;90;2;2;0;88;382;19;2017;4;211;224;435
"2018/2019";"Educació infantil: Parvulari";"3";"Pla de l'Estany";17;336;2;2;2;0;1;336;12;2017;4;183;214;397
"2018/2019";"Educació infantil: Parvulari";"3";"Priorat";11;149;85;0;0;0;85;64;15;2017;4;38;29;67
"2018/2019";"Educació infantil: Parvulari";"3";"Ribera d'Ebre";18;286;86;1;0;1;85;201;16;2017;4;105;100;205
"2018/2019";"Educació infantil: Parvulari";"3";"Ripollès";15;278;61;2;2;0;59;219;14;2017;4;111;125;236
"2018/2019";"Educació infantil: Parvulari";"3";"Segarra";15;279;28;3;3;0;25;254;12;2017;4;121;136;257
"2018/2019";"Educació infantil: Parvulari";"3";"Segrià";110;2278;292;31;23;8;266;2017;81;2017;4;1114;1112;2226
"2018/2019";"Educació infantil: Parvulari";"3";"Selva";72;1682;222;35;32;3;188;1495;45;2017;4;887;896;1783
"2018/2019";"Educació infantil: Parvulari";"3";"Solsonès";11;156;27;1;1;0;26;130;11;2017;4;59;60;119
"2018/2019";"Educació infantil: Parvulari";"3";"Tarragonès";113;2697;275;40;34;6;235;2462;67;2017;4;1396;1469;2865
"2018/2019";"Educació infantil: Parvulari";"3";"Terra Alta";11;165;79;1;1;0;78;87;12;2017;4;40;56;96
"2018/2019";"Educació infantil: Parvulari";"3";"Urgell";24;449;86;10;7;3;76;373;23;2017;4;216;195;411
"2018/2019";"Educació infantil: Parvulari";"3";"Vallès Occidental";393;9730;492;132;97;35;369;9370;239;2017;4;5289;5513;10802
"2018/2019";"Educació infantil: Parvulari";"3";"Vallès Oriental";178;4331;395;70;44;26;331;4006;119;2017;4;2152;2403;4555
"2018/2019";"Educació primària";"1";"Alt Camp";18;550;106;11;11;0;95;455;27;2017;5;276;248;524
"2018/2019";"Educació primària";"1";"Alt Empordà";68;1579;104;22;16;6;82;1497;68;2017;5;790;826;1616
"2018/2019";"Educació primària";"1";"Alt Penedès";59;1323;109;36;32;4;75;1250;47;2017;5;679;682;1361
"2018/2019";"Educació primària";"1";"Alt Urgell";7;219;40;4;4;0;36;183;13;2017;5;99;96;195
"2018/2019";"Educació primària";"1";"Alta Ribagorça";1;35;8;0;0;0;8;27;3;2017;5;19;24;43
"2018/2019";"Educació primària";"1";"Anoia";57;1470;300;35;29;6;265;1205;47;2017;5;707;763;1470
"2018/2019";"Educació primària";"1";"Aran";4;88;2;0;0;0;2;86;7;2017;5;40;41;81
"2018/2019";"Educació primària";"1";"Bages";81;2077;226;29;26;3;204;1880;62;2017;5;922;1043;1965
"2018/2019";"Educació primària";"1";"Baix Camp";89;2285;210;41;23;18;174;2116;62;2017;5;1077;1215;2292
"2018/2019";"Educació primària";"1";"Baix Ebre";31;862;150;13;11;2;137;725;32;2017;5;357;446;803
"2018/2019";"Educació primària";"1";"Baix Empordà";58;1422;165;26;25;1;141;1283;44;2017;5;676;798;1474
"2018/2019";"Educació primària";"1";"Baix Llobregat";339;8460;383;135;82;53;260;8212;210;2017;5;4566;4805;9371
"2018/2019";"Educació primària";"1";"Baix Penedès";49;1259;158;28;20;8;130;1129;29;2017;5;620;683;1303
"2018/2019";"Educació primària";"1";"Barcelonès";813;20285;1527;810;647;163;726;19568;475;2017;5;9842;10391;20233
"2018/2019";"Educació primària";"1";"Berguedà";16;447;123;12;12;0;112;336;23;2017;5;196;207;403
"2018/2019";"Educació primària";"1";"Cerdanya";7;205;81;3;3;0;78;127;13;2017;5;96;106;202
"2018/2019";"Educació primària";"1";"Conca de Barberà";9;275;80;2;2;0;78;197;14;2017;5;92;102;194
"2018/2019";"Educació primària";"1";"Garraf";57;1403;80;28;17;11;54;1351;34;2017;5;819;838;1657
"2018/2019";"Educació primària";"1";"Garrigues";6;192;23;3;3;0;20;172;17;2017;5;88;86;174
"2018/2019";"Educació primària";"1";"Garrotxa";27;591;62;23;21;2;40;552;23;2017;5;334;332;666
"2018/2019";"Educació primària";"1";"Gironès";104;2519;318;113;97;16;207;2314;62;2017;5;1154;1223;2377
"2018/2019";"Educació primària";"1";"Maresme";189;4705;319;95;65;30;235;4481;121;2017;5;2443;2634;5077
"2018/2019";"Educació primària";"1";"Moianès";5;175;28;3;3;0;25;150;10;2017;5;87;73;160
"2018/2019";"Educació primària";"1";"Montsià";29;787;142;12;9;3;130;657;21;2017;5;365;344;709
"2018/2019";"Educació primària";"1";"Noguera";14;409;31;2;2;0;30;380;33;2017;5;207;199;406
"2018/2019";"Educació primària";"1";"Osona";78;1986;281;24;20;4;258;1729;66;2017;5;951;1009;1960
"2018/2019";"Educació primària";"1";"Pallars Jussà";4;123;9;0;0;0;9;114;7;2017;5;58;66;124
"2018/2019";"Educació primària";"1";"Pallars Sobirà";3;53;0;0;0;0;0;53;7;2017;5;41;27;68
"2018/2019";"Educació primària";"1";"Pla d'Urgell";19;491;71;6;5;1;65;426;19;2017;5;199;237;436
"2018/2019";"Educació primària";"1";"Pla de l'Estany";17;391;36;30;30;0;7;385;13;2017;5;184;185;369
"2018/2019";"Educació primària";"1";"Priorat";2;114;47;0;0;0;47;67;15;2017;5;37;52;89
"2018/2019";"Educació primària";"1";"Ribera d'Ebre";9;312;116;1;1;0;115;197;16;2017;5;84;116;200
"2018/2019";"Educació primària";"1";"Ripollès";10;275;57;8;8;0;51;226;14;2017;5;126;122;248
"2018/2019";"Educació primària";"1";"Segarra";10;286;46;11;10;1;35;251;12;2017;5;129;124;253
"2018/2019";"Educació primària";"1";"Segrià";95;2407;303;54;44;10;249;2158;82;2017;5;1114;1197;2311
"2018/2019";"Educació primària";"1";"Selva";74;1792;218;31;27;4;194;1605;45;2017;5;917;973;1890
"2018/2019";"Educació primària";"1";"Solsonès";5;158;29;1;1;0;28;130;11;2017;5;74;77;151
"2018/2019";"Educació primària";"1";"Tarragonès";123;3101;415;71;63;8;345;2757;68;2017;5;1409;1477;2886
"2018/2019";"Educació primària";"1";"Terra Alta";2;127;37;1;1;0;36;91;12;2017;5;37;53;90
"2018/2019";"Educació primària";"1";"Urgell";17;449;57;5;5;0;52;397;23;2017;5;188;205;393
"2018/2019";"Educació primària";"1";"Vallès Occidental";406;10139;538;220;191;29;337;9821;238;2017;5;5498;5704;11202
"2018/2019";"Educació primària";"1";"Vallès Oriental";184;4584;375;80;62;18;308;4289;119;2017;5;2342;2530;4872
"2018/2019";"Educació primària";"2";"Alt Camp";22;601;105;7;6;1;99;503;27;2017;6;246;283;529
"2018/2019";"Educació primària";"2";"Alt Empordà";70;1622;130;18;15;3;113;1510;68;2017;6;796;825;1621
"2018/2019";"Educació primària";"2";"Alt Penedès";63;1362;79;11;8;3;70;1294;47;2017;6;711;760;1471
"2018/2019";"Educació primària";"2";"Alt Urgell";9;191;13;3;3;0;10;181;13;2017;6;107;98;205
"2018/2019";"Educació primària";"2";"Alta Ribagorça";3;65;17;0;0;0;17;48;3;2017;6;15;27;42
"2018/2019";"Educació primària";"2";"Anoia";65;1539;227;21;13;8;206;1333;47;2017;6;737;816;1553
"2018/2019";"Educació primària";"2";"Aran";4;80;8;0;0;0;8;72;7;2017;6;50;53;103
"2018/2019";"Educació primària";"2";"Bages";82;1997;185;14;12;2;176;1826;61;2017;6;1023;1088;2111
"2018/2019";"Educació primària";"2";"Baix Camp";96;2379;251;34;27;7;225;2162;62;2017;6;1142;1219;2361
"2018/2019";"Educació primària";"2";"Baix Ebre";35;897;126;8;2;6;118;779;32;2017;6;383;429;812
"2018/2019";"Educació primària";"2";"Baix Empordà";65;1463;98;14;12;2;86;1379;44;2017;6;805;841;1646
"2018/2019";"Educació primària";"2";"Baix Llobregat";346;8632;329;81;58;23;254;8384;210;2017;6;4758;5087;9845
"2018/2019";"Educació primària";"2";"Baix Penedès";52;1282;127;15;12;3;112;1170;29;2017;6;639;652;1291
"2018/2019";"Educació primària";"2";"Barcelonès";798;19904;771;336;219;117;451;19469;474;2017;6;9803;10521;20324
"2018/2019";"Educació primària";"2";"Berguedà";20;444;85;5;5;0;81;364;23;2017;6;175;201;376
"2018/2019";"Educació primària";"2";"Cerdanya";7;190;48;2;2;0;46;144;13;2017;6;89;99;188
"2018/2019";"Educació primària";"2";"Conca de Barberà";9;223;41;1;1;0;40;183;13;2017;6;98;88;186
"2018/2019";"Educació primària";"2";"Garraf";61;1493;63;18;14;4;50;1448;34;2017;6;812;918;1730
"2018/2019";"Educació primària";"2";"Garrigues";8;190;24;2;2;0;22;168;17;2017;6;85;101;186
"2018/2019";"Educació primària";"2";"Garrotxa";29;598;11;6;4;2;6;593;23;2017;6;327;311;638
"2018/2019";"Educació primària";"2";"Gironès";102;2396;191;35;25;10;157;2240;61;2017;6;1198;1338;2536
"2018/2019";"Educació primària";"2";"Maresme";189;4700;190;80;50;30;123;4590;120;2017;6;2614;2733;5347
"2018/2019";"Educació primària";"2";"Moianès";8;192;53;2;2;0;51;141;10;2017;6;77;83;160
"2018/2019";"Educació primària";"2";"Montsià";31;759;82;0;0;0;82;677;21;2017;6;317;381;698
"2018/2019";"Educació primària";"2";"Noguera";18;435;51;1;1;0;50;385;33;2017;6;214;229;443
"2018/2019";"Educació primària";"2";"Osona";85;2009;191;14;11;3;178;1832;65;2017;6;999;962;1961
"2018/2019";"Educació primària";"2";"Pallars Jussà";6;144;30;0;0;0;30;114;7;2017;6;49;62;111
"2018/2019";"Educació primària";"2";"Pallars Sobirà";3;65;1;0;0;0;1;64;7;2017;6;30;32;62
"2018/2019";"Educació primària";"2";"Pla d'Urgell";23;477;74;4;2;2;71;407;19;2017;6;233;209;442
"2018/2019";"Educació primària";"2";"Pla de l'Estany";19;378;30;1;1;0;30;349;13;2017;6;204;254;458
"2018/2019";"Educació primària";"2";"Priorat";3;113;36;1;1;0;35;78;15;2017;6;43;43;86
"2018/2019";"Educació primària";"2";"Ribera d'Ebre";11;284;85;1;1;0;84;200;16;2017;6;105;96;201
"2018/2019";"Educació primària";"2";"Ripollès";12;293;58;1;1;0;58;236;14;2017;6;129;117;246
"2018/2019";"Educació primària";"2";"Segarra";12;271;37;8;8;0;31;242;12;2017;6;125;155;280
"2018/2019";"Educació primària";"2";"Segrià";104;2567;290;25;20;5;267;2302;82;2017;6;1138;1254;2392
"2018/2019";"Educació primària";"2";"Selva";75;1801;157;19;14;5;138;1663;44;2017;6;977;953;1930
"2018/2019";"Educació primària";"2";"Solsonès";6;154;13;1;1;0;13;142;11;2017;6;73;65;138
"2018/2019";"Educació primària";"2";"Tarragonès";121;2993;273;51;44;7;222;2771;68;2017;6;1526;1639;3165
"2018/2019";"Educació primària";"2";"Terra Alta";6;149;59;0;0;0;59;90;12;2017;6;64;51;115
"2018/2019";"Educació primària";"2";"Urgell";20;447;56;5;4;1;51;396;23;2017;6;215;216;431
"2018/2019";"Educació primària";"2";"Vallès Occidental";414;10344;237;83;51;32;170;10190;238;2017;6;5348;5909;11257
"2018/2019";"Educació primària";"2";"Vallès Oriental";199;4914;343;56;38;18;295;4627;119;2017;6;2408;2519;4927
"2018/2019";"Educació primària";"3";"Alt Camp";27;583;104;5;5;0;99;484;27;2017;7;228;270;498
"2018/2019";"Educació primària";"3";"Alt Empordà";78;1633;103;8;6;2;95;1538;68;2017;7;804;887;1691
"2018/2019";"Educació primària";"3";"Alt Penedès";63;1495;111;14;12;2;99;1398;47;2017;7;682;664;1346
"2018/2019";"Educació primària";"3";"Alt Urgell";10;198;27;5;4;1;22;176;13;2017;7;86;100;186
"2018/2019";"Educació primària";"3";"Alta Ribagorça";2;35;8;0;0;0;8;27;3;2017;7;15;13;28
"2018/2019";"Educació primària";"3";"Anoia";63;1536;142;20;15;5;122;1414;47;2017;7;731;784;1515
"2018/2019";"Educació primària";"3";"Aran";5;99;4;0;0;0;4;95;7;2017;7;50;56;106
"2018/2019";"Educació primària";"3";"Bages";85;2079;177;24;21;3;161;1926;60;2017;7;1000;1080;2080
"2018/2019";"Educació primària";"3";"Baix Camp";96;2410;230;25;19;6;210;2205;62;2017;7;1180;1292;2472
"2018/2019";"Educació primària";"3";"Baix Ebre";40;954;167;7;5;2;160;794;32;2017;7;418;446;864
"2018/2019";"Educació primària";"3";"Baix Empordà";66;1521;86;19;15;4;72;1454;44;2017;7;703;822;1525
"2018/2019";"Educació primària";"3";"Baix Llobregat";363;9075;364;93;59;34;279;8804;210;2017;7;4797;5186;9983
"2018/2019";"Educació primària";"3";"Baix Penedès";51;1272;116;8;5;3;108;1164;29;2017;7;646;632;1278
"2018/2019";"Educació primària";"3";"Barcelonès";798;19868;706;318;198;120;398;19480;470;2017;7;9822;10664;20486
"2018/2019";"Educació primària";"3";"Berguedà";17;439;89;8;8;0;81;358;23;2017;7;195;193;388
"2018/2019";"Educació primària";"3";"Cerdanya";9;189;33;4;4;0;30;160;13;2017;7;101;93;194
"2018/2019";"Educació primària";"3";"Conca de Barberà";11;290;103;3;3;0;100;190;14;2017;7;109;92;201
"2018/2019";"Educació primària";"3";"Garraf";60;1486;82;27;17;10;57;1431;34;2017;7;794;911;1705
"2018/2019";"Educació primària";"3";"Garrigues";9;192;26;2;1;1;24;168;17;2017;7;85;104;189
"2018/2019";"Educació primària";"3";"Garrotxa";30;603;24;4;4;0;22;583;23;2017;7;287;325;612
"2018/2019";"Educació primària";"3";"Gironès";101;2434;99;22;16;6;80;2357;60;2017;7;1185;1311;2496
"2018/2019";"Educació primària";"3";"Maresme";201;5004;205;61;46;15;151;4860;121;2017;7;2619;2737;5356
"2018/2019";"Educació primària";"3";"Moianès";11;196;48;3;3;0;45;151;10;2017;7;75;79;154
"2018/2019";"Educació primària";"3";"Montsià";32;825;143;9;7;2;134;691;21;2017;7;362;379;741
"2018/2019";"Educació primària";"3";"Noguera";22;437;49;2;2;0;47;390;33;2017;7;203;245;448
"2018/2019";"Educació primària";"3";"Osona";82;2081;254;23;18;5;231;1850;66;2017;7;903;1059;1962
"2018/2019";"Educació primària";"3";"Pallars Jussà";6;142;22;0;0;0;22;120;7;2017;7;60;57;117
"2018/2019";"Educació primària";"3";"Pallars Sobirà";6;72;10;0;0;0;10;62;7;2017;7;29;49;78
"2018/2019";"Educació primària";"3";"Pla d'Urgell";21;483;78;1;1;0;77;406;19;2017;7;222;238;460
"2018/2019";"Educació primària";"3";"Pla de l'Estany";18;444;11;7;7;0;8;440;13;2017;7;212;229;441
"2018/2019";"Educació primària";"3";"Priorat";4;127;44;1;1;0;43;84;15;2017;7;35;41;76
"2018/2019";"Educació primària";"3";"Ribera d'Ebre";12;280;72;4;3;1;68;212;16;2017;7;85;111;196
"2018/2019";"Educació primària";"3";"Ripollès";11;301;79;1;0;1;78;223;14;2017;7;117;135;252
"2018/2019";"Educació primària";"3";"Segarra";12;295;38;1;1;0;37;258;12;2017;7;146;147;293
"2018/2019";"Educació primària";"3";"Segrià";109;2654;342;48;37;11;297;2360;82;2017;7;1189;1240;2429
"2018/2019";"Educació primària";"3";"Selva";75;1805;125;19;16;3;106;1699;45;2017;7;965;1026;1991
"2018/2019";"Educació primària";"3";"Solsonès";6;165;37;1;1;0;36;129;11;2017;7;63;66;129
"2018/2019";"Educació primària";"3";"Tarragonès";125;3138;248;26;18;8;222;2916;67;2017;7;1498;1599;3097
"2018/2019";"Educació primària";"3";"Terra Alta";7;180;68;0;0;0;68;112;12;2017;7;54;57;111
"2018/2019";"Educació primària";"3";"Urgell";20;457;47;6;5;1;41;416;23;2017;7;191;247;438
"2018/2019";"Educació primària";"3";"Vallès Occidental";413;10331;233;102;71;31;151;10200;238;2017;7;5610;6066;11676
"2018/2019";"Educació primària";"3";"Vallès Oriental";195;4844;290;52;40;12;248;4606;119;2017;7;2442;2673;5115
"2018/2019";"Educació primària";"4";"Alt Camp";21;573;87;4;4;0;83;490;27;2017;8;275;276;551
"2018/2019";"Educació primària";"4";"Alt Empordà";74;1665;77;13;6;7;69;1601;68;2017;8;849;884;1733
"2018/2019";"Educació primària";"4";"Alt Penedès";62;1373;115;14;12;2;102;1272;47;2017;8;724;732;1456
"2018/2019";"Educació primària";"4";"Alt Urgell";9;219;31;3;2;1;28;191;13;2017;8;117;111;228
"2018/2019";"Educació primària";"4";"Alta Ribagorça";2;35;8;0;0;0;8;27;3;2017;8;22;26;48
"2018/2019";"Educació primària";"4";"Anoia";66;1540;158;18;16;2;140;1400;47;2017;8;776;882;1658
"2018/2019";"Educació primària";"4";"Aran";6;97;4;1;1;0;3;94;7;2017;8;47;49;96
"2018/2019";"Educació primària";"4";"Bages";88;2178;270;28;25;3;249;1936;61;2017;8;1012;1081;2093
"2018/2019";"Educació primària";"4";"Baix Camp";99;2427;182;23;17;6;166;2268;62;2017;8;1217;1316;2533
"2018/2019";"Educació primària";"4";"Baix Ebre";38;964;145;8;5;3;137;827;32;2017;8;396;447;843
"2018/2019";"Educació primària";"4";"Baix Empordà";65;1474;93;29;23;6;68;1410;44;2017;8;827;836;1663
"2018/2019";"Educació primària";"4";"Baix Llobregat";365;9116;356;101;64;37;265;8861;210;2017;8;5095;5193;10288
"2018/2019";"Educació primària";"4";"Baix Penedès";54;1345;163;22;15;7;145;1204;29;2017;8;693;645;1338
"2018/2019";"Educació primària";"4";"Barcelonès";801;19972;661;307;214;93;369;19618;473;2017;8;10354;11110;21464
"2018/2019";"Educació primària";"4";"Berguedà";19;404;53;5;4;1;51;356;22;2017;8;186;209;395
"2018/2019";"Educació primària";"4";"Cerdanya";7;181;30;0;0;0;30;151;13;2017;8;103;105;208
"2018/2019";"Educació primària";"4";"Conca de Barberà";11;260;60;3;3;0;57;203;14;2017;8;112;111;223
"2018/2019";"Educació primària";"4";"Garraf";61;1520;51;15;8;7;37;1484;34;2017;8;896;988;1884
"2018/2019";"Educació primària";"4";"Garrigues";8;203;29;1;1;0;28;175;17;2017;8;83;94;177
"2018/2019";"Educació primària";"4";"Garrotxa";28;621;45;7;5;2;40;583;23;2017;8;308;337;645
"2018/2019";"Educació primària";"4";"Gironès";107;2527;186;24;19;5;165;2365;61;2017;8;1255;1336;2591
"2018/2019";"Educació primària";"4";"Maresme";207;5142;309;75;57;18;239;4908;121;2017;8;2699;2889;5588
"2018/2019";"Educació primària";"4";"Moianès";6;177;40;0;0;0;40;137;10;2017;8;77;96;173
"2018/2019";"Educació primària";"4";"Montsià";32;797;84;3;2;1;81;716;21;2017;8;378;390;768
"2018/2019";"Educació primària";"4";"Noguera";19;481;51;2;1;1;50;432;33;2017;8;231;241;472
"2018/2019";"Educació primària";"4";"Osona";85;2036;254;21;18;3;235;1803;65;2017;8;957;1077;2034
"2018/2019";"Educació primària";"4";"Pallars Jussà";6;144;21;1;1;0;20;124;7;2017;8;68;70;138
"2018/2019";"Educació primària";"4";"Pallars Sobirà";3;71;0;0;0;0;0;71;7;2017;8;30;34;64
"2018/2019";"Educació primària";"4";"Pla d'Urgell";22;480;69;1;0;1;69;412;19;2017;8;228;247;475
"2018/2019";"Educació primària";"4";"Pla de l'Estany";21;424;5;0;0;0;5;419;13;2017;8;206;209;415
"2018/2019";"Educació primària";"4";"Priorat";3;126;58;0;0;0;58;68;15;2017;8;41;50;91
"2018/2019";"Educació primària";"4";"Ribera d'Ebre";12;296;96;2;2;0;94;202;16;2017;8;90;105;195
"2018/2019";"Educació primària";"4";"Ripollès";10;262;50;3;3;0;48;215;14;2017;8;116;143;259
"2018/2019";"Educació primària";"4";"Segarra";14;330;50;4;4;0;47;284;12;2017;8;113;126;239
"2018/2019";"Educació primària";"4";"Segrià";108;2628;307;25;21;4;282;2346;82;2017;8;1219;1282;2501
"2018/2019";"Educació primària";"4";"Selva";76;1829;103;12;9;3;92;1738;45;2017;8;1011;1057;2068
"2018/2019";"Educació primària";"4";"Solsonès";6;159;33;1;1;0;32;127;11;2017;8;74;87;161
"2018/2019";"Educació primària";"4";"Tarragonès";127;3149;270;33;23;10;240;2912;68;2017;8;1542;1757;3299
"2018/2019";"Educació primària";"4";"Terra Alta";6;149;46;1;1;0;45;104;12;2017;8;45;52;97
"2018/2019";"Educació primària";"4";"Urgell";20;461;55;6;5;1;49;412;23;2017;8;242;205;447
"2018/2019";"Educació primària";"4";"Vallès Occidental";433;10795;309;94;60;34;230;10580;238;2017;8;5822;6250;12072
"2018/2019";"Educació primària";"4";"Vallès Oriental";203;5004;283;49;36;13;239;4770;119;2017;8;2574;2763;5337
"2018/2019";"Educació primària";"5";"Alt Camp";20;600;99;6;6;0;96;507;27;2017;9;247;274;521
"2018/2019";"Educació primària";"5";"Alt Empordà";67;1749;140;25;19;6;118;1634;68;2017;9;749;873;1622
"2018/2019";"Educació primària";"5";"Alt Penedès";62;1458;81;12;9;3;74;1389;47;2017;9;652;733;1385
"2018/2019";"Educació primària";"5";"Alt Urgell";9;230;25;6;5;1;21;211;13;2017;9;88;111;199
"2018/2019";"Educació primària";"5";"Alta Ribagorça";2;65;19;2;2;0;17;48;3;2017;9;19;23;42
"2018/2019";"Educació primària";"5";"Anoia";68;1697;175;18;14;4;157;1540;47;2017;9;773;817;1590
"2018/2019";"Educació primària";"5";"Aran";3;97;6;1;1;0;5;92;7;2017;9;66;53;119
"2018/2019";"Educació primària";"5";"Bages";87;2199;247;35;32;3;218;1987;60;2017;9;999;1054;2053
"2018/2019";"Educació primària";"5";"Baix Camp";101;2587;251;32;25;7;225;2368;62;2017;9;1234;1257;2491
"2018/2019";"Educació primària";"5";"Baix Ebre";34;929;138;13;6;7;125;804;31;2017;9;370;409;779
"2018/2019";"Educació primària";"5";"Baix Empordà";65;1582;125;11;7;4;117;1468;44;2017;9;693;785;1478
"2018/2019";"Educació primària";"5";"Baix Llobregat";387;9633;486;100;72;28;393;9247;210;2017;9;4948;5152;10100
"2018/2019";"Educació primària";"5";"Baix Penedès";56;1421;178;24;22;2;154;1267;29;2017;9;658;695;1353
"2018/2019";"Educació primària";"5";"Barcelonès";831;20726;716;313;220;93;428;20323;474;2017;9;9906;10595;20501
"2018/2019";"Educació primària";"5";"Berguedà";14;418;87;4;4;0;83;335;22;2017;9;170;202;372
"2018/2019";"Educació primària";"5";"Cerdanya";7;194;34;2;2;0;32;162;13;2017;9;105;97;202
"2018/2019";"Educació primària";"5";"Conca de Barberà";8;263;61;2;2;0;59;204;14;2017;9;101;98;199
"2018/2019";"Educació primària";"5";"Garraf";65;1616;65;15;12;3;50;1566;34;2017;9;866;913;1779
"2018/2019";"Educació primària";"5";"Garrigues";6;191;31;0;0;0;31;160;17;2017;9;89;90;179
"2018/2019";"Educació primària";"5";"Garrotxa";26;619;31;4;3;1;28;592;23;2017;9;314;338;652
"2018/2019";"Educació primària";"5";"Gironès";105;2593;183;21;18;3;165;2431;61;2017;9;1148;1237;2385
"2018/2019";"Educació primària";"5";"Maresme";211;5273;312;78;59;19;240;5039;121;2017;9;2604;2685;5289
"2018/2019";"Educació primària";"5";"Moianès";7;195;40;1;1;0;39;156;10;2017;9;82;77;159
"2018/2019";"Educació primària";"5";"Montsià";30;812;95;7;4;3;88;724;21;2017;9;343;401;744
"2018/2019";"Educació primària";"5";"Noguera";16;481;41;3;3;0;38;443;33;2017;9;192;227;419
"2018/2019";"Educació primària";"5";"Osona";86;2161;252;29;24;5;223;1938;66;2017;9;912;1013;1925
"2018/2019";"Educació primària";"5";"Pallars Jussà";6;164;38;1;1;0;37;127;7;2017;9;62;55;117
"2018/2019";"Educació primària";"5";"Pallars Sobirà";3;59;0;0;0;0;0;59;7;2017;9;33;33;66
"2018/2019";"Educació primària";"5";"Pla d'Urgell";18;495;66;3;2;1;63;432;19;2017;9;209;208;417
"2018/2019";"Educació primària";"5";"Pla de l'Estany";15;383;8;4;4;0;7;379;12;2017;9;170;208;378
"2018/2019";"Educació primària";"5";"Priorat";3;126;43;1;1;0;42;84;15;2017;9;44;44;88
"2018/2019";"Educació primària";"5";"Ribera d'Ebre";7;275;83;1;1;0;82;193;16;2017;9;86;89;175
"2018/2019";"Educació primària";"5";"Ripollès";11;293;51;1;1;0;51;243;14;2017;9;117;110;227
"2018/2019";"Educació primària";"5";"Segarra";11;276;57;2;2;0;55;221;12;2017;9;122;139;261
"2018/2019";"Educació primària";"5";"Segrià";105;2689;295;25;18;7;270;2419;82;2017;9;1101;1178;2279
"2018/2019";"Educació primària";"5";"Selva";81;1951;146;18;13;5;128;1823;45;2017;9;919;995;1914
"2018/2019";"Educació primària";"5";"Solsonès";7;191;34;3;1;2;31;160;11;2017;9;57;78;135
"2018/2019";"Educació primària";"5";"Tarragonès";132;3326;344;37;30;7;311;3019;68;2017;9;1508;1523;3031
"2018/2019";"Educació primària";"5";"Terra Alta";3;152;60;0;0;0;60;92;12;2017;9;34;53;87
"2018/2019";"Educació primària";"5";"Urgell";17;474;47;3;3;0;44;430;23;2017;9;201;204;405
"2018/2019";"Educació primària";"5";"Vallès Occidental";458;11448;433;107;79;28;336;11122;239;2017;9;5760;6108;11868
"2018/2019";"Educació primària";"5";"Vallès Oriental";210;5243;296;50;36;14;252;4997;119;2017;9;2453;2676;5129
"2018/2019";"Educació primària";"6";"Alt Camp";32;578;96;3;3;0;94;485;27;2017;10;230;250;480
"2018/2019";"Educació primària";"6";"Alt Empordà";91;1600;125;8;7;1;119;1483;68;2017;10;789;860;1649
"2018/2019";"Educació primària";"6";"Alt Penedès";67;1397;109;5;4;1;105;1293;47;2017;10;652;681;1333
"2018/2019";"Educació primària";"6";"Alt Urgell";16;208;29;5;4;1;24;184;13;2017;10;94;120;214
"2018/2019";"Educació primària";"6";"Alta Ribagorça";3;36;1;0;0;0;1;35;3;2017;10;15;14;29
"2018/2019";"Educació primària";"6";"Anoia";73;1644;159;14;12;2;145;1499;47;2017;10;749;786;1535
"2018/2019";"Educació primària";"6";"Aran";9;83;1;0;0;0;1;82;7;2017;10;54;42;96
"2018/2019";"Educació primària";"6";"Bages";90;2138;200;14;13;1;191;1952;61;2017;10;1012;1031;2043
"2018/2019";"Educació primària";"6";"Baix Camp";106;2535;230;19;11;8;216;2324;62;2017;10;1126;1214;2340
"2018/2019";"Educació primària";"6";"Baix Ebre";45;969;208;7;6;1;201;768;31;2017;10;409;406;815
"2018/2019";"Educació primària";"6";"Baix Empordà";68;1471;121;7;7;0;115;1357;44;2017;10;763;734;1497
"2018/2019";"Educació primària";"6";"Baix Llobregat";371;9251;373;55;35;20;321;8933;210;2017;10;4883;5235;10118
"2018/2019";"Educació primària";"6";"Baix Penedès";58;1421;133;10;8;2;124;1298;29;2017;10;610;673;1283
"2018/2019";"Educació primària";"6";"Barcelonès";810;20192;739;233;164;69;519;19686;474;2017;10;10029;10618;20647
"2018/2019";"Educació primària";"6";"Berguedà";27;444;103;6;6;0;98;347;23;2017;10;151;221;372
"2018/2019";"Educació primària";"6";"Cerdanya";14;187;40;3;3;0;37;150;13;2017;10;109;108;217
"2018/2019";"Educació primària";"6";"Conca de Barberà";16;289;88;1;1;0;87;202;14;2017;10;81;107;188
"2018/2019";"Educació primària";"6";"Garraf";62;1522;40;14;4;10;27;1496;34;2017;10;868;936;1804
"2018/2019";"Educació primària";"6";"Garrigues";19;179;20;0;0;0;20;159;17;2017;10;68;106;174
"2018/2019";"Educació primària";"6";"Garrotxa";32;641;35;6;6;0;32;612;23;2017;10;309;324;633
"2018/2019";"Educació primària";"6";"Gironès";103;2471;198;6;4;2;192;2279;60;2017;10;1178;1190;2368
"2018/2019";"Educació primària";"6";"Maresme";205;5073;273;53;42;11;228;4853;121;2017;10;2568;2816;5384
"2018/2019";"Educació primària";"6";"Moianès";11;183;39;0;0;0;39;144;10;2017;10;88;69;157
"2018/2019";"Educació primària";"6";"Montsià";39;836;114;6;3;3;109;728;21;2017;10;367;382;749
"2018/2019";"Educació primària";"6";"Noguera";37;427;45;6;5;1;39;388;33;2017;10;179;179;358
"2018/2019";"Educació primària";"6";"Osona";95;2062;307;21;18;3;286;1776;66;2017;10;854;919;1773
"2018/2019";"Educació primària";"6";"Pallars Jussà";9;134;13;0;0;0;13;121;7;2017;10;53;57;110
"2018/2019";"Educació primària";"6";"Pallars Sobirà";8;55;1;0;0;0;1;54;7;2017;10;28;28;56
"2018/2019";"Educació primària";"6";"Pla d'Urgell";23;446;56;2;2;0;54;392;19;2017;10;209;217;426
"2018/2019";"Educació primària";"6";"Pla de l'Estany";19;377;14;3;3;0;12;366;12;2017;10;205;221;426
"2018/2019";"Educació primària";"6";"Priorat";16;124;45;1;1;0;44;80;15;2017;10;36;40;76
"2018/2019";"Educació primària";"6";"Ribera d'Ebre";18;278;91;1;1;0;90;188;16;2017;10;91;85;176
"2018/2019";"Educació primària";"6";"Ripollès";15;239;35;2;2;0;34;206;14;2017;10;104;140;244
"2018/2019";"Educació primària";"6";"Segarra";16;306;59;6;6;0;53;253;12;2017;10;112;140;252
"2018/2019";"Educació primària";"6";"Segrià";121;2521;317;19;18;1;299;2223;82;2017;10;1108;1203;2311
"2018/2019";"Educació primària";"6";"Selva";78;1833;162;15;14;1;147;1686;45;2017;10;995;1035;2030
"2018/2019";"Educació primària";"6";"Solsonès";13;160;27;1;1;0;26;134;11;2017;10;73;72;145
"2018/2019";"Educació primària";"6";"Tarragonès";125;3099;289;31;28;3;258;2841;68;2017;10;1523;1600;3123
"2018/2019";"Educació primària";"6";"Terra Alta";13;150;70;1;1;0;69;81;12;2017;10;50;66;116
"2018/2019";"Educació primària";"6";"Urgell";28;463;62;3;2;1;59;404;23;2017;10;206;218;424
"2018/2019";"Educació primària";"6";"Vallès Occidental";448;11175;417;75;59;16;355;10833;237;2017;10;5768;5958;11726
"2018/2019";"Educació primària";"6";"Vallès Oriental";209;5097;352;23;19;4;333;4768;119;2017;10;2519;2709;5228
"2018/2019";"Educació secundària obligatòria";"1";"Alt Camp";16;480;365;332;319;13;33;447;6;2017;11;225;256;481
"2018/2019";"Educació secundària obligatòria";"1";"Alt Empordà";55;1589;1346;1312;1187;125;62;1555;17;2017;11;807;784;1591
"2018/2019";"Educació secundària obligatòria";"1";"Alt Penedès";45;1351;962;915;864;51;55;1304;16;2017;11;625;722;1347
"2018/2019";"Educació secundària obligatòria";"1";"Alt Urgell";8;240;183;159;145;14;24;216;4;2017;11;88;119;207
"2018/2019";"Educació secundària obligatòria";"1";"Alta Ribagorça";2;60;55;35;35;0;20;40;1;2017;11;31;28;59
"2018/2019";"Educació secundària obligatòria";"1";"Anoia";54;1598;1279;1135;1064;71;144;1454;19;2017;11;755;801;1556
"2018/2019";"Educació secundària obligatòria";"1";"Aran";4;120;115;90;90;0;25;95;1;2017;11;45;58;103
"2018/2019";"Educació secundària obligatòria";"1";"Bages";73;2184;1706;1513;1408;105;201;1991;30;2017;11;968;1014;1982
"2018/2019";"Educació secundària obligatòria";"1";"Baix Camp";80;2371;1660;1606;1431;175;83;2317;27;2017;11;1163;1225;2388
"2018/2019";"Educació secundària obligatòria";"1";"Baix Ebre";31;930;767;674;661;13;93;837;11;2017;11;339;403;742
"2018/2019";"Educació secundària obligatòria";"1";"Baix Empordà";50;1482;1177;1093;1011;82;97;1398;16;2017;11;691;703;1394
"2018/2019";"Educació secundària obligatòria";"1";"Baix Llobregat";321;9535;7012;6900;6363;537;184;9423;109;2017;11;4816;5272;10088
"2018/2019";"Educació secundària obligatòria";"1";"Baix Penedès";43;1275;1038;987;959;28;52;1224;11;2017;11;601;647;1248
"2018/2019";"Educació secundària obligatòria";"1";"Barcelonès";712;21086;11018;10644;9317;1327;493;20712;295;2017;11;9937;10474;20411
"2018/2019";"Educació secundària obligatòria";"1";"Berguedà";14;420;388;323;309;14;65;355;7;2017;11;175;200;375
"2018/2019";"Educació secundària obligatòria";"1";"Cerdanya";5;150;106;100;100;0;6;144;2;2017;11;97;116;213
"2018/2019";"Educació secundària obligatòria";"1";"Conca de Barberà";9;270;237;175;175;0;64;208;4;2017;11;100;122;222
"2018/2019";"Educació secundària obligatòria";"1";"Garraf";54;1612;1267;1244;1070;174;38;1589;20;2017;11;871;894;1765
"2018/2019";"Educació secundària obligatòria";"1";"Garrigues";7;210;174;137;135;2;37;173;3;2017;11;70;88;158
"2018/2019";"Educació secundària obligatòria";"1";"Garrotxa";20;600;417;400;383;17;20;583;7;2017;11;283;306;589
"2018/2019";"Educació secundària obligatòria";"1";"Gironès";82;2390;1809;1796;1655;141;21;2377;26;2017;11;1102;1230;2332
"2018/2019";"Educació secundària obligatòria";"1";"Maresme";181;5395;3705;3540;3288;252;188;5230;70;2017;11;2585;2829;5414
"2018/2019";"Educació secundària obligatòria";"1";"Moianès";5;150;121;77;77;0;44;106;2;2017;11;66;79;145
"2018/2019";"Educació secundària obligatòria";"1";"Montsià";27;810;703;628;602;26;80;735;9;2017;11;338;421;759
"2018/2019";"Educació secundària obligatòria";"1";"Noguera";13;380;280;255;243;12;30;355;7;2017;11;207;200;407
"2018/2019";"Educació secundària obligatòria";"1";"Osona";68;1955;1434;1264;1189;75;172;1785;28;2017;11;925;955;1880
"2018/2019";"Educació secundària obligatòria";"1";"Pallars Jussà";5;150;124;78;77;1;46;104;3;2017;11;57;52;109
"2018/2019";"Educació secundària obligatòria";"1";"Pallars Sobirà";2;60;57;49;49;0;8;52;2;2017;11;33;33;66
"2018/2019";"Educació secundària obligatòria";"1";"Pla d'Urgell";12;360;339;306;303;3;33;327;4;2017;11;179;208;387
"2018/2019";"Educació secundària obligatòria";"1";"Pla de l'Estany";14;420;385;369;351;18;16;404;4;2017;11;189;201;390
"2018/2019";"Educació secundària obligatòria";"1";"Priorat";4;120;116;72;72;0;44;76;2;2017;11;41;44;85
"2018/2019";"Educació secundària obligatòria";"1";"Ribera d'Ebre";8;240;174;121;121;0;53;187;4;2017;11;99;105;204
"2018/2019";"Educació secundària obligatòria";"1";"Ripollès";9;270;202;158;157;1;47;226;5;2017;11;115;137;252
"2018/2019";"Educació secundària obligatòria";"1";"Segarra";10;300;258;210;210;0;48;252;4;2017;11;136;150;286
"2018/2019";"Educació secundària obligatòria";"1";"Segrià";87;2525;1785;1652;1538;114;137;2392;32;2017;11;1084;1123;2207
"2018/2019";"Educació secundària obligatòria";"1";"Selva";68;1978;1625;1507;1400;107;121;1860;23;2017;11;939;984;1923
"2018/2019";"Educació secundària obligatòria";"1";"Solsonès";6;180;172;144;144;0;28;152;3;2017;11;86;72;158
"2018/2019";"Educació secundària obligatòria";"1";"Tarragonès";106;3111;2145;2085;1981;104;109;3051;35;2017;11;1499;1516;3015
"2018/2019";"Educació secundària obligatòria";"1";"Terra Alta";5;150;116;79;79;0;37;113;2;2017;11;49;50;99
"2018/2019";"Educació secundària obligatòria";"1";"Urgell";16;480;382;358;345;13;24;456;6;2017;11;206;185;391
"2018/2019";"Educació secundària obligatòria";"1";"Vallès Occidental";383;11319;7899;7768;7259;509;262;11188;131;2017;11;5559;5889;11448
"2018/2019";"Educació secundària obligatòria";"1";"Vallès Oriental";175;5194;4061;3941;3624;317;160;5074;62;2017;11;2500;2603;5103
"2018/2019";"Educació secundària obligatòria";"2";"Alt Camp";16;480;20;7;5;2;13;467;6;2017;12;213;244;457
"2018/2019";"Educació secundària obligatòria";"2";"Alt Empordà";53;1576;62;18;14;4;46;1532;17;2017;12;745;767;1512
"2018/2019";"Educació secundària obligatòria";"2";"Alt Penedès";45;1350;65;8;4;4;57;1293;16;2017;12;645;705;1350
"2018/2019";"Educació secundària obligatòria";"2";"Alt Urgell";8;240;23;2;2;0;21;219;4;2017;12;85;115;200
"2018/2019";"Educació secundària obligatòria";"2";"Alta Ribagorça";2;60;0;0;0;0;0;60;1;2017;12;16;17;33
"2018/2019";"Educació secundària obligatòria";"2";"Anoia";53;1575;115;32;25;7;86;1492;19;2017;12;742;804;1546
"2018/2019";"Educació secundària obligatòria";"2";"Aran";3;90;8;0;0;0;8;82;1;2017;12;43;43;86
"2018/2019";"Educació secundària obligatòria";"2";"Bages";69;2064;156;18;16;2;139;1926;30;2017;12;954;1058;2012
"2018/2019";"Educació secundària obligatòria";"2";"Baix Camp";80;2391;86;33;28;5;60;2338;27;2017;12;1142;1148;2290
"2018/2019";"Educació secundària obligatòria";"2";"Baix Ebre";29;870;77;9;4;5;68;802;11;2017;12;372;425;797
"2018/2019";"Educació secundària obligatòria";"2";"Baix Empordà";47;1396;72;14;13;1;58;1338;16;2017;12;705;762;1467
"2018/2019";"Educació secundària obligatòria";"2";"Baix Llobregat";320;9495;302;116;91;25;194;9309;109;2017;12;4705;4985;9690
"2018/2019";"Educació secundària obligatòria";"2";"Baix Penedès";42;1248;34;22;15;7;12;1236;11;2017;12;557;663;1220
"2018/2019";"Educació secundària obligatòria";"2";"Barcelonès";700;20729;641;389;276;113;272;20477;291;2017;12;9949;10468;20417
"2018/2019";"Educació secundària obligatòria";"2";"Berguedà";14;420;72;6;6;0;66;354;7;2017;12;171;196;367
"2018/2019";"Educació secundària obligatòria";"2";"Cerdanya";6;180;18;3;3;0;15;165;2;2017;12;97;96;193
"2018/2019";"Educació secundària obligatòria";"2";"Conca de Barberà";9;270;48;0;0;0;48;222;4;2017;12;126;108;234
"2018/2019";"Educació secundària obligatòria";"2";"Garraf";55;1645;59;27;17;10;33;1613;20;2017;12;852;913;1765
"2018/2019";"Educació secundària obligatòria";"2";"Garrigues";6;180;32;2;2;0;30;150;3;2017;12;80;99;179
"2018/2019";"Educació secundària obligatòria";"2";"Garrotxa";18;540;23;0;0;0;23;517;7;2017;12;299;335;634
"2018/2019";"Educació secundària obligatòria";"2";"Gironès";77;2265;41;15;9;6;29;2239;26;2017;12;1185;1200;2385
"2018/2019";"Educació secundària obligatòria";"2";"Maresme";180;5361;259;82;57;25;178;5184;68;2017;12;2551;2798;5349
"2018/2019";"Educació secundària obligatòria";"2";"Moianès";4;120;16;2;2;0;14;106;2;2017;12;69;73;142
"2018/2019";"Educació secundària obligatòria";"2";"Montsià";26;780;52;5;3;2;47;733;9;2017;12;339;365;704
"2018/2019";"Educació secundària obligatòria";"2";"Noguera";14;409;34;1;1;0;33;376;7;2017;12;186;195;381
"2018/2019";"Educació secundària obligatòria";"2";"Osona";68;2005;144;18;11;7;126;1879;28;2017;12;871;943;1814
"2018/2019";"Educació secundària obligatòria";"2";"Pallars Jussà";5;150;25;0;0;0;25;125;3;2017;12;68;47;115
"2018/2019";"Educació secundària obligatòria";"2";"Pallars Sobirà";3;90;31;0;0;0;31;59;2;2017;12;26;29;55
"2018/2019";"Educació secundària obligatòria";"2";"Pla d'Urgell";11;319;20;4;4;0;16;303;3;2017;12;175;195;370
"2018/2019";"Educació secundària obligatòria";"2";"Pla de l'Estany";12;360;5;2;2;0;3;357;4;2017;12;186;191;377
"2018/2019";"Educació secundària obligatòria";"2";"Priorat";4;120;21;2;0;2;19;101;2;2017;12;34;45;79
"2018/2019";"Educació secundària obligatòria";"2";"Ribera d'Ebre";7;210;19;5;5;0;14;196;4;2017;12;80;83;163
"2018/2019";"Educació secundària obligatòria";"2";"Ripollès";9;270;35;4;3;1;32;239;5;2017;12;118;122;240
"2018/2019";"Educació secundària obligatòria";"2";"Segarra";10;300;23;6;6;0;17;283;4;2017;12;126;139;265
"2018/2019";"Educació secundària obligatòria";"2";"Segrià";86;2513;185;28;15;13;157;2356;32;2017;12;1056;1123;2179
"2018/2019";"Educació secundària obligatòria";"2";"Selva";64;1883;136;16;11;5;120;1763;23;2017;12;970;993;1963
"2018/2019";"Educació secundària obligatòria";"2";"Solsonès";7;210;55;3;3;0;52;158;3;2017;12;68;70;138
"2018/2019";"Educació secundària obligatòria";"2";"Tarragonès";103;3039;112;21;20;1;96;2948;35;2017;12;1417;1523;2940
"2018/2019";"Educació secundària obligatòria";"2";"Terra Alta";4;120;30;3;1;2;27;93;2;2017;12;42;60;102
"2018/2019";"Educació secundària obligatòria";"2";"Urgell";15;450;40;8;5;3;33;418;6;2017;12;191;202;393
"2018/2019";"Educació secundària obligatòria";"2";"Vallès Occidental";371;10983;260;114;76;38;154;10837;129;2017;12;5595;5711;11306
"2018/2019";"Educació secundària obligatòria";"2";"Vallès Oriental";173;5124;233;56;40;16;180;4947;62;2017;12;2482;2592;5074
"2018/2019";"Educació secundària obligatòria";"3";"Alt Camp";16;480;24;4;2;2;20;460;6;2017;13;246;272;518
"2018/2019";"Educació secundària obligatòria";"3";"Alt Empordà";49;1470;45;19;14;5;29;1444;17;2017;13;747;749;1496
"2018/2019";"Educació secundària obligatòria";"3";"Alt Penedès";44;1320;24;7;6;1;18;1303;16;2017;13;592;677;1269
"2018/2019";"Educació secundària obligatòria";"3";"Alt Urgell";8;240;30;4;3;1;26;214;4;2017;13;91;86;177
"2018/2019";"Educació secundària obligatòria";"3";"Alta Ribagorça";2;60;17;0;0;0;17;43;1;2017;13;8;15;23
"2018/2019";"Educació secundària obligatòria";"3";"Anoia";53;1586;108;23;20;3;87;1501;19;2017;13;730;755;1485
"2018/2019";"Educació secundària obligatòria";"3";"Aran";3;90;20;0;0;0;20;70;1;2017;13;42;59;101
"2018/2019";"Educació secundària obligatòria";"3";"Bages";68;2040;165;29;26;3;137;1904;27;2017;13;923;1058;1981
"2018/2019";"Educació secundària obligatòria";"3";"Baix Camp";78;2340;81;28;19;9;64;2287;27;2017;13;1098;1163;2261
"2018/2019";"Educació secundària obligatòria";"3";"Baix Ebre";30;900;77;21;18;3;56;844;11;2017;13;342;462;804
"2018/2019";"Educació secundària obligatòria";"3";"Baix Empordà";48;1419;44;20;16;4;25;1395;16;2017;13;713;710;1423
"2018/2019";"Educació secundària obligatòria";"3";"Baix Llobregat";307;9195;224;96;75;21;132;9067;107;2017;13;4643;4947;9590
"2018/2019";"Educació secundària obligatòria";"3";"Baix Penedès";40;1200;17;11;7;4;6;1194;11;2017;13;580;585;1165
"2018/2019";"Educació secundària obligatòria";"3";"Barcelonès";686;20397;670;432;296;136;245;20159;287;2017;13;9744;10351;20095
"2018/2019";"Educació secundària obligatòria";"3";"Berguedà";13;390;46;4;4;0;42;348;7;2017;13;166;219;385
"2018/2019";"Educació secundària obligatòria";"3";"Cerdanya";6;180;24;2;2;0;22;158;2;2017;13;85;94;179
"2018/2019";"Educació secundària obligatòria";"3";"Conca de Barberà";7;210;4;3;3;0;4;209;4;2017;13;90;106;196
"2018/2019";"Educació secundària obligatòria";"3";"Garraf";54;1607;38;16;11;5;22;1585;20;2017;13;857;934;1791
"2018/2019";"Educació secundària obligatòria";"3";"Garrigues";7;210;25;2;2;0;23;187;3;2017;13;87;104;191
"2018/2019";"Educació secundària obligatòria";"3";"Garrotxa";18;534;8;0;0;0;8;526;7;2017;13;266;344;610
"2018/2019";"Educació secundària obligatòria";"3";"Gironès";78;2304;44;19;11;8;25;2279;26;2017;13;1105;1220;2325
"2018/2019";"Educació secundària obligatòria";"3";"Maresme";176;5280;298;98;79;19;201;5080;67;2017;13;2386;2635;5021
"2018/2019";"Educació secundària obligatòria";"3";"Moianès";4;120;10;2;2;0;8;112;2;2017;13;74;88;162
"2018/2019";"Educació secundària obligatòria";"3";"Montsià";25;750;50;16;12;4;34;716;9;2017;13;325;371;696
"2018/2019";"Educació secundària obligatòria";"3";"Noguera";16;480;85;2;2;0;83;397;7;2017;13;161;202;363
"2018/2019";"Educació secundària obligatòria";"3";"Osona";66;1954;154;21;15;6;134;1821;28;2017;13;799;915;1714
"2018/2019";"Educació secundària obligatòria";"3";"Pallars Jussà";4;120;21;7;7;0;14;106;3;2017;13;57;50;107
"2018/2019";"Educació secundària obligatòria";"3";"Pallars Sobirà";2;60;1;0;0;0;1;59;2;2017;13;30;25;55
"2018/2019";"Educació secundària obligatòria";"3";"Pla d'Urgell";11;330;8;2;2;0;6;324;3;2017;13;184;190;374
"2018/2019";"Educació secundària obligatòria";"3";"Pla de l'Estany";13;390;13;3;2;1;11;380;4;2017;13;185;202;387
"2018/2019";"Educació secundària obligatòria";"3";"Priorat";3;90;24;1;1;0;23;67;2;2017;13;32;35;67
"2018/2019";"Educació secundària obligatòria";"3";"Ribera d'Ebre";7;210;32;2;2;0;30;180;4;2017;13;93;101;194
"2018/2019";"Educació secundària obligatòria";"3";"Ripollès";9;270;49;3;3;0;46;224;5;2017;13;93;115;208
"2018/2019";"Educació secundària obligatòria";"3";"Segarra";9;270;34;2;2;0;32;238;4;2017;13;111;132;243
"2018/2019";"Educació secundària obligatòria";"3";"Segrià";80;2400;168;64;43;21;104;2296;30;2017;13;1059;1179;2238
"2018/2019";"Educació secundària obligatòria";"3";"Selva";68;1991;154;30;29;1;127;1867;23;2017;13;948;994;1942
"2018/2019";"Educació secundària obligatòria";"3";"Solsonès";5;150;26;5;5;0;21;129;2;2017;13;63;61;124
"2018/2019";"Educació secundària obligatòria";"3";"Tarragonès";99;2970;102;28;22;6;82;2896;34;2017;13;1328;1535;2863
"2018/2019";"Educació secundària obligatòria";"3";"Terra Alta";4;120;26;1;1;0;25;95;2;2017;13;50;51;101
"2018/2019";"Educació secundària obligatòria";"3";"Urgell";14;420;18;8;6;2;10;410;6;2017;13;177;214;391
"2018/2019";"Educació secundària obligatòria";"3";"Vallès Occidental";358;10722;250;117;90;27;141;10589;128;2017;13;5303;5629;10932
"2018/2019";"Educació secundària obligatòria";"3";"Vallès Oriental";167;5010;184;51;32;19;137;4877;62;2017;13;2376;2561;4937
"2018/2019";"Educació secundària obligatòria";"4";"Alt Camp";17;510;31;5;2;3;26;484;6;2017;14;210;269;479
"2018/2019";"Educació secundària obligatòria";"4";"Alt Empordà";50;1500;103;23;19;4;81;1420;17;2017;14;717;730;1447
"2018/2019";"Educació secundària obligatòria";"4";"Alt Penedès";43;1290;61;16;14;2;47;1245;16;2017;14;591;638;1229
"2018/2019";"Educació secundària obligatòria";"4";"Alt Urgell";8;240;71;2;1;1;69;171;4;2017;14;76;95;171
"2018/2019";"Educació secundària obligatòria";"4";"Alta Ribagorça";2;60;25;1;1;0;24;36;1;2017;14;14;17;31
"2018/2019";"Educació secundària obligatòria";"4";"Anoia";51;1526;148;13;9;4;135;1391;19;2017;14;638;733;1371
"2018/2019";"Educació secundària obligatòria";"4";"Aran";3;90;10;0;0;0;10;80;1;2017;14;44;49;93
"2018/2019";"Educació secundària obligatòria";"4";"Bages";69;2070;182;18;17;1;165;1906;29;2017;14;874;962;1836
"2018/2019";"Educació secundària obligatòria";"4";"Baix Camp";76;2280;155;40;27;13;120;2165;27;2017;14;1040;1145;2185
"2018/2019";"Educació secundària obligatòria";"4";"Baix Ebre";31;930;133;9;9;0;124;806;11;2017;14;364;450;814
"2018/2019";"Educació secundària obligatòria";"4";"Baix Empordà";48;1417;58;7;6;1;52;1366;16;2017;14;609;710;1319
"2018/2019";"Educació secundària obligatòria";"4";"Baix Llobregat";302;9045;409;120;97;23;294;8756;107;2017;14;4401;4876;9277
"2018/2019";"Educació secundària obligatòria";"4";"Baix Penedès";40;1200;39;14;11;3;25;1175;11;2017;14;581;572;1153
"2018/2019";"Educació secundària obligatòria";"4";"Barcelonès";672;20061;843;406;301;105;450;19624;288;2017;14;9678;10226;19904
"2018/2019";"Educació secundària obligatòria";"4";"Berguedà";14;420;78;5;3;2;73;347;7;2017;14;175;205;380
"2018/2019";"Educació secundària obligatòria";"4";"Cerdanya";5;150;7;1;1;0;6;144;2;2017;14;80;94;174
"2018/2019";"Educació secundària obligatòria";"4";"Conca de Barberà";8;240;53;0;0;0;53;187;4;2017;14;112;119;231
"2018/2019";"Educació secundària obligatòria";"4";"Garraf";54;1600;37;17;12;5;20;1580;20;2017;14;819;870;1689
"2018/2019";"Educació secundària obligatòria";"4";"Garrigues";7;210;44;2;2;0;42;168;3;2017;14;83;120;203
"2018/2019";"Educació secundària obligatòria";"4";"Garrotxa";18;532;47;3;2;1;44;488;7;2017;14;234;376;610
"2018/2019";"Educació secundària obligatòria";"4";"Gironès";73;2164;26;10;4;6;16;2148;26;2017;14;1006;1210;2216
"2018/2019";"Educació secundària obligatòria";"4";"Maresme";166;4980;448;90;80;10;360;4622;67;2017;14;2316;2645;4961
"2018/2019";"Educació secundària obligatòria";"4";"Moianès";5;150;30;1;1;0;29;121;2;2017;14;84;89;173
"2018/2019";"Educació secundària obligatòria";"4";"Montsià";23;690;57;8;6;2;49;641;9;2017;14;312;400;712
"2018/2019";"Educació secundària obligatòria";"4";"Noguera";15;450;105;0;0;0;105;345;7;2017;14;179;231;410
"2018/2019";"Educació secundària obligatòria";"4";"Osona";64;1884;181;14;11;3;167;1717;27;2017;14;834;922;1756
"2018/2019";"Educació secundària obligatòria";"4";"Pallars Jussà";5;150;30;1;1;0;29;121;3;2017;14;60;64;124
"2018/2019";"Educació secundària obligatòria";"4";"Pallars Sobirà";2;60;8;0;0;0;8;52;2;2017;14;29;40;69
"2018/2019";"Educació secundària obligatòria";"4";"Pla d'Urgell";10;300;24;4;4;0;20;280;3;2017;14;178;214;392
"2018/2019";"Educació secundària obligatòria";"4";"Pla de l'Estany";13;390;19;3;3;0;17;374;4;2017;14;169;189;358
"2018/2019";"Educació secundària obligatòria";"4";"Priorat";3;90;33;0;0;0;33;57;2;2017;14;32;42;74
"2018/2019";"Educació secundària obligatòria";"4";"Ribera d'Ebre";6;180;8;0;0;0;8;172;4;2017;14;92;99;191
"2018/2019";"Educació secundària obligatòria";"4";"Ripollès";8;240;18;3;3;0;16;225;5;2017;14;91;102;193
"2018/2019";"Educació secundària obligatòria";"4";"Segarra";9;270;61;3;3;0;58;212;4;2017;14;121;139;260
"2018/2019";"Educació secundària obligatòria";"4";"Segrià";81;2424;266;64;52;12;202;2222;30;2017;14;983;1208;2191
"2018/2019";"Educació secundària obligatòria";"4";"Selva";65;1921;136;12;11;1;126;1797;23;2017;14;827;1037;1864
"2018/2019";"Educació secundària obligatòria";"4";"Solsonès";5;150;14;0;0;0;14;136;2;2017;14;65;48;113
"2018/2019";"Educació secundària obligatòria";"4";"Tarragonès";97;2910;255;39;28;11;222;2694;34;2017;14;1320;1469;2789
"2018/2019";"Educació secundària obligatòria";"4";"Terra Alta";4;120;27;0;0;0;27;93;2;2017;14;53;35;88
"2018/2019";"Educació secundària obligatòria";"4";"Urgell";14;420;34;4;3;1;30;390;6;2017;14;159;226;385
"2018/2019";"Educació secundària obligatòria";"4";"Vallès Occidental";343;10274;369;123;90;33;251;10028;127;2017;14;5098;5393;10491
"2018/2019";"Educació secundària obligatòria";"4";"Vallès Oriental";160;4800;204;56;42;14;154;4652;62;2017;14;2270;2537;4807
"2019/2020";"Educació infantil: Parvulari";"1";"Alt Camp";22;576;575;405;395;10;170;406;27;2018;2;228;243;471
"2019/2020";"Educació infantil: Parvulari";"1";"Alt Empordà";61;1373;1373;1194;1117;77;184;1194;68;2018;2;744;784;1528
"2019/2020";"Educació infantil: Parvulari";"1";"Alt Penedès";56;1191;1188;1002;970;32;186;1005;46;2018;2;572;576;1148
"2019/2020";"Educació infantil: Parvulari";"1";"Alt Urgell";7;183;183;152;135;17;31;152;12;2018;2;93;85;178
"2019/2020";"Educació infantil: Parvulari";"1";"Alta Ribagorça";2;37;37;30;30;0;7;30;3;2018;2;19;15;34
"2019/2020";"Educació infantil: Parvulari";"1";"Anoia";60;1490;1490;1112;1068;44;378;1112;48;2018;2;584;607;1191
"2019/2020";"Educació infantil: Parvulari";"1";"Aran";5;99;99;89;87;2;10;89;7;2018;2;46;53;99
"2019/2020";"Educació infantil: Parvulari";"1";"Bages";80;1963;1963;1672;1585;87;293;1672;62;2018;2;877;923;1800
"2019/2020";"Educació infantil: Parvulari";"1";"Baix Camp";88;2180;2179;1838;1729;109;342;1839;61;2018;2;975;1074;2049
"2019/2020";"Educació infantil: Parvulari";"1";"Baix Ebre";32;877;877;674;636;38;203;674;32;2018;2;358;365;723
"2019/2020";"Educació infantil: Parvulari";"1";"Baix Empordà";59;1369;1368;1169;1089;80;210;1170;44;2018;2;621;726;1347
"2019/2020";"Educació infantil: Parvulari";"1";"Baix Llobregat";320;7940;7932;7272;6781;491;674;7280;211;2018;2;4032;4263;8295
"2019/2020";"Educació infantil: Parvulari";"1";"Baix Penedès";45;1108;1108;885;845;40;223;885;29;2018;2;554;571;1125
"2019/2020";"Educació infantil: Parvulari";"1";"Barcelonès";821;20197;20174;18023;16798;1225;2157;18046;485;2018;2;9590;9981;19571
"2019/2020";"Educació infantil: Parvulari";"1";"Berguedà";18;452;452;332;326;6;120;332;23;2018;2;159;194;353
"2019/2020";"Educació infantil: Parvulari";"1";"Cerdanya";7;167;167;145;134;11;23;145;13;2018;2;92;96;188
"2019/2020";"Educació infantil: Parvulari";"1";"Conca de Barberà";8;255;255;162;161;1;93;162;14;2018;2;85;113;198
"2019/2020";"Educació infantil: Parvulari";"1";"Garraf";54;1347;1345;1178;1103;75;168;1180;34;2018;2;720;699;1419
"2019/2020";"Educació infantil: Parvulari";"1";"Garrigues";6;198;198;137;137;0;61;137;16;2018;2;77;69;146
"2019/2020";"Educació infantil: Parvulari";"1";"Garrotxa";25;571;569;509;497;12;62;511;24;2018;2;287;292;579
"2019/2020";"Educació infantil: Parvulari";"1";"Gironès";96;2250;2248;2020;1885;135;244;2022;61;2018;2;1023;1221;2244
"2019/2020";"Educació infantil: Parvulari";"1";"Maresme";183;4540;4536;3948;3664;284;598;3952;122;2018;2;2128;2352;4480
"2019/2020";"Educació infantil: Parvulari";"1";"Moianès";5;168;168;102;102;0;66;102;10;2018;2;62;66;128
"2019/2020";"Educació infantil: Parvulari";"1";"Montsià";26;694;693;524;517;7;169;525;21;2018;2;318;312;630
"2019/2020";"Educació infantil: Parvulari";"1";"Noguera";12;345;345;292;279;13;53;292;33;2018;2;194;184;378
"2019/2020";"Educació infantil: Parvulari";"1";"Osona";78;1935;1935;1472;1413;59;463;1472;66;2018;2;823;837;1660
"2019/2020";"Educació infantil: Parvulari";"1";"Pallars Jussà";4;111;111;81;80;1;30;81;7;2018;2;58;46;104
"2019/2020";"Educació infantil: Parvulari";"1";"Pallars Sobirà";2;39;39;38;37;1;4;38;7;2018;2;29;35;64
"2019/2020";"Educació infantil: Parvulari";"1";"Pla d'Urgell";21;465;465;310;310;0;156;310;19;2018;2;180;191;371
"2019/2020";"Educació infantil: Parvulari";"1";"Pla de l'Estany";15;318;318;307;290;17;11;307;12;2018;2;195;186;381
"2019/2020";"Educació infantil: Parvulari";"1";"Priorat";2;124;124;58;58;0;66;58;15;2018;2;32;31;63
"2019/2020";"Educació infantil: Parvulari";"1";"Ribera d'Ebre";13;373;373;174;172;2;199;174;16;2018;2;83;109;192
"2019/2020";"Educació infantil: Parvulari";"1";"Ripollès";9;217;217;145;145;0;72;145;14;2018;2;95;110;205
"2019/2020";"Educació infantil: Parvulari";"1";"Segarra";9;233;233;213;196;17;20;213;12;2018;2;121;127;248
"2019/2020";"Educació infantil: Parvulari";"1";"Segrià";96;2313;2312;1909;1818;91;406;1910;81;2018;2;1014;1091;2105
"2019/2020";"Educació infantil: Parvulari";"1";"Selva";69;1677;1672;1483;1410;73;202;1488;45;2018;2;830;844;1674
"2019/2020";"Educació infantil: Parvulari";"1";"Solsonès";6;177;177;139;131;8;38;139;11;2018;2;69;72;141
"2019/2020";"Educació infantil: Parvulari";"1";"Tarragonès";109;2659;2659;2357;2253;104;305;2357;68;2018;2;1347;1429;2776
"2019/2020";"Educació infantil: Parvulari";"1";"Terra Alta";5;189;189;82;81;1;107;82;12;2018;2;44;47;91
"2019/2020";"Educació infantil: Parvulari";"1";"Urgell";17;431;431;349;338;11;82;349;23;2018;2;179;194;373
"2019/2020";"Educació infantil: Parvulari";"1";"Vallès Occidental";399;9795;9777;8848;8364;484;943;8866;239;2018;2;4675;5066;9741
"2019/2020";"Educació infantil: Parvulari";"1";"Vallès Oriental";176;4375;4368;3704;3506;198;665;3711;119;2018;2;1971;2112;4083
"2019/2020";"Educació infantil: Parvulari";"2";"Alt Camp";18;566;117;4;3;1;113;453;27;2018;3;222;201;423
"2019/2020";"Educació infantil: Parvulari";"2";"Alt Empordà";64;1550;124;13;9;4;111;1439;68;2018;3;697;739;1436
"2019/2020";"Educació infantil: Parvulari";"2";"Alt Penedès";50;1186;88;12;11;1;76;1110;46;2018;3;539;644;1183
"2019/2020";"Educació infantil: Parvulari";"2";"Alt Urgell";7;182;26;2;1;1;24;158;12;2018;3;97;85;182
"2019/2020";"Educació infantil: Parvulari";"2";"Alta Ribagorça";1;40;14;0;0;0;14;26;3;2018;3;13;20;33
"2019/2020";"Educació infantil: Parvulari";"2";"Anoia";53;1381;311;23;19;4;288;1093;48;2018;3;626;665;1291
"2019/2020";"Educació infantil: Parvulari";"2";"Aran";3;83;1;0;0;0;1;82;7;2018;3;43;59;102
"2019/2020";"Educació infantil: Parvulari";"2";"Bages";82;2039;347;41;36;5;307;1733;62;2018;3;920;944;1864
"2019/2020";"Educació infantil: Parvulari";"2";"Baix Camp";85;2184;271;43;27;16;232;1956;61;2018;3;999;1121;2120
"2019/2020";"Educació infantil: Parvulari";"2";"Baix Ebre";31;865;203;16;11;5;187;678;32;2018;3;395;330;725
"2019/2020";"Educació infantil: Parvulari";"2";"Baix Empordà";58;1404;171;16;12;4;155;1249;44;2018;3;638;651;1289
"2019/2020";"Educació infantil: Parvulari";"2";"Baix Llobregat";326;8071;614;113;79;34;504;7570;210;2018;3;4161;4434;8595
"2019/2020";"Educació infantil: Parvulari";"2";"Baix Penedès";44;1106;87;20;18;2;68;1039;29;2018;3;508;612;1120
"2019/2020";"Educació infantil: Parvulari";"2";"Barcelonès";799;19644;1237;465;290;175;781;18872;478;2018;3;9329;10015;19344
"2019/2020";"Educació infantil: Parvulari";"2";"Berguedà";14;379;72;3;3;0;69;310;22;2018;3;169;177;346
"2019/2020";"Educació infantil: Parvulari";"2";"Cerdanya";7;180;28;0;0;0;28;152;13;2018;3;88;106;194
"2019/2020";"Educació infantil: Parvulari";"2";"Conca de Barberà";7;235;46;6;6;0;40;195;13;2018;3;91;98;189
"2019/2020";"Educació infantil: Parvulari";"2";"Garraf";53;1326;110;30;22;8;80;1246;33;2018;3;744;760;1504
"2019/2020";"Educació infantil: Parvulari";"2";"Garrigues";5;160;20;5;5;0;16;145;16;2018;3;89;71;160
"2019/2020";"Educació infantil: Parvulari";"2";"Garrotxa";24;599;63;2;2;0;62;538;24;2018;3;272;299;571
"2019/2020";"Educació infantil: Parvulari";"2";"Gironès";95;2306;180;32;21;11;149;2158;62;2018;3;1092;1226;2318
"2019/2020";"Educació infantil: Parvulari";"2";"Maresme";183;4554;518;82;63;19;438;4118;121;2018;3;2248;2469;4717
"2019/2020";"Educació infantil: Parvulari";"2";"Moianès";6;154;59;1;1;0;58;96;10;2018;3;51;55;106
"2019/2020";"Educació infantil: Parvulari";"2";"Montsià";27;749;142;6;5;1;136;613;21;2018;3;294;319;613
"2019/2020";"Educació infantil: Parvulari";"2";"Noguera";14;393;42;5;3;2;37;356;33;2018;3;179;200;379
"2019/2020";"Educació infantil: Parvulari";"2";"Osona";77;1932;404;34;24;10;370;1562;65;2018;3;848;936;1784
"2019/2020";"Educació infantil: Parvulari";"2";"Pallars Jussà";5;133;24;2;2;0;22;111;7;2018;3;50;61;111
"2019/2020";"Educació infantil: Parvulari";"2";"Pallars Sobirà";3;59;0;0;0;0;0;59;7;2018;3;22;26;48
"2019/2020";"Educació infantil: Parvulari";"2";"Pla d'Urgell";17;458;108;8;8;0;100;358;19;2018;3;217;213;430
"2019/2020";"Educació infantil: Parvulari";"2";"Pla de l'Estany";15;330;3;3;3;0;0;330;12;2018;3;175;196;371
"2019/2020";"Educació infantil: Parvulari";"2";"Priorat";2;137;78;0;0;0;78;59;15;2018;3;43;32;75
"2019/2020";"Educació infantil: Parvulari";"2";"Ribera d'Ebre";8;313;138;2;2;0;136;177;16;2018;3;80;97;177
"2019/2020";"Educació infantil: Parvulari";"2";"Ripollès";7;210;22;2;2;0;20;190;14;2018;3;95;95;190
"2019/2020";"Educació infantil: Parvulari";"2";"Segarra";12;281;59;0;0;0;59;222;12;2018;3;121;120;241
"2019/2020";"Educació infantil: Parvulari";"2";"Segrià";91;2259;250;34;30;4;216;2043;81;2018;3;981;1096;2077
"2019/2020";"Educació infantil: Parvulari";"2";"Selva";68;1623;155;25;19;6;130;1493;45;2018;3;838;862;1700
"2019/2020";"Educació infantil: Parvulari";"2";"Solsonès";5;167;30;2;2;0;28;139;11;2018;3;53;69;122
"2019/2020";"Educació infantil: Parvulari";"2";"Tarragonès";117;2894;379;53;41;12;326;2568;67;2018;3;1352;1459;2811
"2019/2020";"Educació infantil: Parvulari";"2";"Terra Alta";5;163;74;0;0;0;74;89;12;2018;3;41;35;76
"2019/2020";"Educació infantil: Parvulari";"2";"Urgell";15;387;56;3;1;2;53;334;23;2018;3;201;213;414
"2019/2020";"Educació infantil: Parvulari";"2";"Vallès Occidental";397;9804;766;155;120;35;620;9193;238;2018;3;4785;5274;10059
"2019/2020";"Educació infantil: Parvulari";"2";"Vallès Oriental";178;4358;553;69;47;22;486;3874;118;2018;3;2006;2138;4144
"2019/2020";"Educació infantil: Parvulari";"3";"Alt Camp";29;542;128;9;7;2;119;423;27;2018;4;250;211;461
"2019/2020";"Educació infantil: Parvulari";"3";"Alt Empordà";88;1472;135;11;9;2;126;1348;68;2018;4;705;765;1470
"2019/2020";"Educació infantil: Parvulari";"3";"Alt Penedès";61;1207;103;14;9;5;89;1118;46;2018;4;576;611;1187
"2019/2020";"Educació infantil: Parvulari";"3";"Alt Urgell";11;181;15;2;2;0;13;168;12;2018;4;81;91;172
"2019/2020";"Educació infantil: Parvulari";"3";"Alta Ribagorça";3;35;13;0;0;0;13;22;3;2018;4;18;24;42
"2019/2020";"Educació infantil: Parvulari";"3";"Anoia";66;1479;305;28;24;4;279;1202;48;2018;4;651;680;1331
"2019/2020";"Educació infantil: Parvulari";"3";"Aran";8;101;1;0;0;0;1;100;7;2018;4;46;42;88
"2019/2020";"Educació infantil: Parvulari";"3";"Bages";86;2018;265;34;28;6;231;1787;62;2018;4;886;965;1851
"2019/2020";"Educació infantil: Parvulari";"3";"Baix Camp";92;2161;163;40;33;7;124;2038;61;2018;4;996;1044;2040
"2019/2020";"Educació infantil: Parvulari";"3";"Baix Ebre";41;858;162;10;7;3;152;706;32;2018;4;362;386;748
"2019/2020";"Educació infantil: Parvulari";"3";"Baix Empordà";65;1395;171;11;9;2;161;1235;44;2018;4;644;700;1344
"2019/2020";"Educació infantil: Parvulari";"3";"Baix Llobregat";333;8256;501;113;83;30;392;7868;211;2018;4;4126;4269;8395
"2019/2020";"Educació infantil: Parvulari";"3";"Baix Penedès";45;1088;113;17;15;2;97;992;29;2018;4;513;575;1088
"2019/2020";"Educació infantil: Parvulari";"3";"Barcelonès";801;19662;1114;417;261;156;706;18965;478;2018;4;9428;9901;19329
"2019/2020";"Educació infantil: Parvulari";"3";"Berguedà";22;415;107;3;3;0;104;311;22;2018;4;163;161;324
"2019/2020";"Educació infantil: Parvulari";"3";"Cerdanya";11;178;20;3;3;0;18;161;13;2018;4;74;78;152
"2019/2020";"Educació infantil: Parvulari";"3";"Conca de Barberà";15;260;78;2;1;1;76;184;14;2018;4;81;106;187
"2019/2020";"Educació infantil: Parvulari";"3";"Garraf";54;1346;77;23;14;9;54;1292;33;2018;4;739;740;1479
"2019/2020";"Educació infantil: Parvulari";"3";"Garrigues";16;185;40;0;0;0;40;145;16;2018;4;72;70;142
"2019/2020";"Educació infantil: Parvulari";"3";"Garrotxa";32;619;106;7;6;1;101;520;24;2018;4;299;293;592
"2019/2020";"Educació infantil: Parvulari";"3";"Gironès";104;2399;196;40;34;6;158;2243;62;2018;4;1123;1132;2255
"2019/2020";"Educació infantil: Parvulari";"3";"Maresme";186;4593;341;60;41;19;284;4312;121;2018;4;2216;2383;4599
"2019/2020";"Educació infantil: Parvulari";"3";"Moianès";11;178;61;2;2;0;59;119;10;2018;4;78;67;145
"2019/2020";"Educació infantil: Parvulari";"3";"Montsià";34;725;147;6;6;0;141;584;21;2018;4;273;315;588
"2019/2020";"Educació infantil: Parvulari";"3";"Noguera";33;407;53;4;4;0;49;358;33;2018;4;191;180;371
"2019/2020";"Educació infantil: Parvulari";"3";"Osona";87;1946;297;16;14;2;282;1665;64;2018;4;801;907;1708
"2019/2020";"Educació infantil: Parvulari";"3";"Pallars Jussà";9;139;37;0;0;0;37;102;7;2018;4;50;62;112
"2019/2020";"Educació infantil: Parvulari";"3";"Pallars Sobirà";5;40;0;0;0;0;0;40;7;2018;4;31;34;65
"2019/2020";"Educació infantil: Parvulari";"3";"Pla d'Urgell";24;486;66;5;5;0;61;425;19;2018;4;201;185;386
"2019/2020";"Educació infantil: Parvulari";"3";"Pla de l'Estany";19;347;9;1;0;1;8;339;12;2018;4;176;196;372
"2019/2020";"Educació infantil: Parvulari";"3";"Priorat";10;143;72;0;0;0;72;71;15;2018;4;38;38;76
"2019/2020";"Educació infantil: Parvulari";"3";"Ribera d'Ebre";17;264;94;2;2;0;92;172;16;2018;4;96;109;205
"2019/2020";"Educació infantil: Parvulari";"3";"Ripollès";13;202;37;2;0;2;35;167;14;2018;4;115;119;234
"2019/2020";"Educació infantil: Parvulari";"3";"Segarra";15;277;52;1;0;1;51;226;12;2018;4;141;136;277
"2019/2020";"Educació infantil: Parvulari";"3";"Segrià";107;2223;177;24;22;2;154;2070;81;2018;4;984;1098;2082
"2019/2020";"Educació infantil: Parvulari";"3";"Selva";72;1710;191;19;16;3;174;1538;45;2018;4;778;905;1683
"2019/2020";"Educació infantil: Parvulari";"3";"Solsonès";11;171;52;1;1;0;51;120;11;2018;4;63;69;132
"2019/2020";"Educació infantil: Parvulari";"3";"Tarragonès";118;2887;297;32;20;12;265;2622;68;2018;4;1262;1408;2670
"2019/2020";"Educació infantil: Parvulari";"3";"Terra Alta";11;191;116;0;0;0;116;75;12;2018;4;48;41;89
"2019/2020";"Educació infantil: Parvulari";"3";"Urgell";26;464;70;5;3;2;66;399;23;2018;4;182;190;372
"2019/2020";"Educació infantil: Parvulari";"3";"Vallès Occidental";393;9691;433;115;78;37;325;9373;238;2018;4;4872;5171;10043
"2019/2020";"Educació infantil: Parvulari";"3";"Vallès Oriental";184;4435;518;63;45;18;455;3980;119;2018;4;2043;2179;4222
"2019/2020";"Educació primària";"1";"Alt Camp";18;551;116;8;7;1;108;443;27;2018;5;224;242;466
"2019/2020";"Educació primària";"1";"Alt Empordà";64;1475;101;16;14;2;88;1390;68;2018;5;800;793;1593
"2019/2020";"Educació primària";"1";"Alt Penedès";56;1263;144;28;25;3;116;1147;46;2018;5;643;681;1324
"2019/2020";"Educació primària";"1";"Alt Urgell";7;202;41;7;6;1;34;168;12;2018;5;92;92;184
"2019/2020";"Educació primària";"1";"Alta Ribagorça";1;33;2;0;0;0;2;31;3;2018;5;16;13;29
"2019/2020";"Educació primària";"1";"Anoia";60;1546;312;32;25;7;280;1266;48;2018;5;636;665;1301
"2019/2020";"Educació primària";"1";"Aran";2;75;2;0;0;0;2;73;7;2018;5;50;43;93
"2019/2020";"Educació primària";"1";"Bages";81;2011;270;27;23;4;243;1768;62;2018;5;952;1037;1989
"2019/2020";"Educació primària";"1";"Baix Camp";91;2313;365;42;33;9;324;1990;61;2018;5;1107;1127;2234
"2019/2020";"Educació primària";"1";"Baix Ebre";31;883;163;15;3;12;148;735;32;2018;5;350;413;763
"2019/2020";"Educació primària";"1";"Baix Empordà";57;1386;135;16;13;3;119;1267;44;2018;5;652;731;1383
"2019/2020";"Educació primària";"1";"Baix Llobregat";326;8094;490;127;85;42;375;7731;210;2018;5;4376;4696;9072
"2019/2020";"Educació primària";"1";"Baix Penedès";43;1091;108;22;19;3;87;1005;29;2018;5;576;632;1208
"2019/2020";"Educació primària";"1";"Barcelonès";811;20030;1821;849;660;189;988;19058;478;2018;5;9793;10321;20114
"2019/2020";"Educació primària";"1";"Berguedà";16;434;135;4;4;0;131;303;23;2018;5;168;194;362
"2019/2020";"Educació primària";"1";"Cerdanya";6;169;35;1;1;0;34;135;13;2018;5;76;93;169
"2019/2020";"Educació primària";"1";"Conca de Barberà";8;258;81;3;3;0;78;180;14;2018;5;91;102;193
"2019/2020";"Educació primària";"1";"Garraf";52;1303;62;24;15;9;38;1265;34;2018;5;765;845;1610
"2019/2020";"Educació primària";"1";"Garrigues";6;184;47;2;2;0;45;139;16;2018;5;87;97;184
"2019/2020";"Educació primària";"1";"Garrotxa";27;638;108;19;18;1;89;549;23;2018;5;295;302;597
"2019/2020";"Educació primària";"1";"Gironès";99;2391;276;72;68;4;207;2187;62;2018;5;1099;1256;2355
"2019/2020";"Educació primària";"1";"Maresme";187;4621;429;103;91;12;332;4295;120;2018;5;2353;2532;4885
"2019/2020";"Educació primària";"1";"Moianès";5;162;33;1;0;1;32;130;10;2018;5;66;102;168
"2019/2020";"Educació primària";"1";"Montsià";27;725;170;9;8;1;161;564;21;2018;5;327;344;671
"2019/2020";"Educació primària";"1";"Noguera";16;416;58;3;2;1;55;361;33;2018;5;181;226;407
"2019/2020";"Educació primària";"1";"Osona";75;1942;354;19;16;3;335;1607;66;2018;5;906;974;1880
"2019/2020";"Educació primària";"1";"Pallars Jussà";4;114;10;1;1;0;9;105;7;2018;5;52;64;116
"2019/2020";"Educació primària";"1";"Pallars Sobirà";3;62;1;1;1;0;1;62;7;2018;5;28;34;62
"2019/2020";"Educació primària";"1";"Pla d'Urgell";19;481;97;3;3;0;94;387;19;2018;5;211;224;435
"2019/2020";"Educació primària";"1";"Pla de l'Estany";15;370;36;25;24;1;11;359;13;2018;5;183;214;397
"2019/2020";"Educació primària";"1";"Priorat";2;113;51;1;1;0;50;63;15;2018;5;38;29;67
"2019/2020";"Educació primària";"1";"Ribera d'Ebre";9;299;101;2;2;0;99;200;16;2018;5;105;100;205
"2019/2020";"Educació primària";"1";"Ripollès";10;275;56;3;2;1;54;222;14;2018;5;111;125;236
"2019/2020";"Educació primària";"1";"Segarra";12;280;19;4;2;2;16;265;12;2018;5;121;136;257
"2019/2020";"Educació primària";"1";"Segrià";93;2321;257;39;32;7;218;2103;81;2018;5;1114;1112;2226
"2019/2020";"Educació primària";"1";"Selva";71;1738;248;43;40;3;208;1533;45;2018;5;887;896;1783
"2019/2020";"Educació primària";"1";"Solsonès";5;153;25;2;2;0;23;130;11;2018;5;59;60;119
"2019/2020";"Educació primària";"1";"Tarragonès";113;2762;275;58;51;7;218;2545;67;2018;5;1396;1469;2865
"2019/2020";"Educació primària";"1";"Terra Alta";3;161;71;0;0;0;71;90;12;2018;5;40;56;96
"2019/2020";"Educació primària";"1";"Urgell";18;449;80;3;3;0;77;372;23;2018;5;216;195;411
"2019/2020";"Educació primària";"1";"Vallès Occidental";396;9800;595;267;236;31;342;9472;239;2018;5;5289;5513;10802
"2019/2020";"Educació primària";"1";"Vallès Oriental";176;4346;355;64;44;20;291;4055;119;2018;5;2152;2403;4555
"2019/2020";"Educació primària";"2";"Alt Camp";22;554;96;7;5;2;89;465;27;2018;6;276;248;524
"2019/2020";"Educació primària";"2";"Alt Empordà";69;1576;89;13;10;3;79;1500;68;2018;6;790;826;1616
"2019/2020";"Educació primària";"2";"Alt Penedès";63;1327;110;9;6;3;101;1226;46;2018;6;679;682;1361
"2019/2020";"Educació primària";"2";"Alt Urgell";9;220;43;4;4;0;39;181;12;2018;6;99;96;195
"2019/2020";"Educació primària";"2";"Alta Ribagorça";2;36;7;0;0;0;7;29;3;2018;6;19;24;43
"2019/2020";"Educació primària";"2";"Anoia";63;1502;283;18;18;0;265;1237;48;2018;6;707;763;1470
"2019/2020";"Educació primària";"2";"Aran";6;86;3;2;2;0;1;85;7;2018;6;40;41;81
"2019/2020";"Educació primària";"2";"Bages";85;2078;203;26;24;2;181;1901;62;2018;6;922;1043;1965
"2019/2020";"Educació primària";"2";"Baix Camp";94;2322;181;22;20;2;160;2163;61;2018;6;1077;1215;2292
"2019/2020";"Educació primària";"2";"Baix Ebre";34;854;131;8;8;0;123;731;32;2018;6;357;446;803
"2019/2020";"Educació primària";"2";"Baix Empordà";61;1418;126;17;12;5;110;1309;44;2018;6;676;798;1474
"2019/2020";"Educació primària";"2";"Baix Llobregat";340;8485;329;71;43;28;269;8227;210;2018;6;4566;4805;9371
"2019/2020";"Educació primària";"2";"Baix Penedès";51;1293;163;21;18;3;142;1151;29;2018;6;620;683;1303
"2019/2020";"Educació primària";"2";"Barcelonès";808;20084;790;346;211;135;459;19640;474;2018;6;9842;10391;20233
"2019/2020";"Educació primària";"2";"Berguedà";18;428;102;3;3;0;99;329;22;2018;6;196;207;403
"2019/2020";"Educació primària";"2";"Cerdanya";8;169;35;1;1;0;34;135;13;2018;6;96;106;202
"2019/2020";"Educació primària";"2";"Conca de Barberà";10;256;73;3;3;0;70;186;13;2018;6;92;102;194
"2019/2020";"Educació primària";"2";"Garraf";57;1422;64;12;5;7;52;1370;34;2018;6;819;838;1657
"2019/2020";"Educació primària";"2";"Garrigues";9;195;19;2;2;0;17;178;16;2018;6;88;86;174
"2019/2020";"Educació primària";"2";"Garrotxa";30;659;95;3;2;1;93;567;23;2018;6;334;332;666
"2019/2020";"Educació primària";"2";"Gironès";105;2439;189;18;14;4;173;2268;62;2018;6;1154;1223;2377
"2019/2020";"Educació primària";"2";"Maresme";194;4824;350;81;63;18;270;4555;121;2018;6;2443;2634;5077
"2019/2020";"Educació primària";"2";"Moianès";7;170;18;3;3;0;15;155;10;2018;6;87;73;160
"2019/2020";"Educació primària";"2";"Montsià";32;798;139;5;4;1;134;664;21;2018;6;365;344;709
"2019/2020";"Educació primària";"2";"Noguera";16;398;17;0;0;0;17;381;33;2018;6;207;199;406
"2019/2020";"Educació primària";"2";"Osona";86;2045;315;21;19;2;294;1751;66;2018;6;951;1009;1960
"2019/2020";"Educació primària";"2";"Pallars Jussà";6;149;30;2;2;0;28;121;7;2018;6;58;66;124
"2019/2020";"Educació primària";"2";"Pallars Sobirà";3;55;1;0;0;0;1;54;7;2018;6;41;27;68
"2019/2020";"Educació primària";"2";"Pla d'Urgell";21;503;90;2;2;0;88;415;19;2018;6;199;237;436
"2019/2020";"Educació primària";"2";"Pla de l'Estany";18;389;12;4;4;0;8;381;13;2018;6;184;185;369
"2019/2020";"Educació primària";"2";"Priorat";3;112;45;2;2;0;43;69;15;2018;6;37;52;89
"2019/2020";"Educació primària";"2";"Ribera d'Ebre";12;322;123;5;5;0;118;204;16;2018;6;84;116;200
"2019/2020";"Educació primària";"2";"Ripollès";11;271;51;2;2;0;50;222;14;2018;6;126;122;248
"2019/2020";"Educació primària";"2";"Segarra";11;284;34;1;1;0;33;251;12;2018;6;129;124;253
"2019/2020";"Educació primària";"2";"Segrià";102;2416;261;19;11;8;242;2174;81;2018;6;1114;1197;2311
"2019/2020";"Educació primària";"2";"Selva";75;1849;221;22;17;5;203;1650;45;2018;6;917;973;1890
"2019/2020";"Educació primària";"2";"Solsonès";6;160;34;1;1;0;33;127;11;2018;6;74;77;151
"2019/2020";"Educació primària";"2";"Tarragonès";121;2986;305;54;46;8;251;2735;67;2018;6;1409;1477;2886
"2019/2020";"Educació primària";"2";"Terra Alta";7;157;62;0;0;0;62;95;12;2018;6;37;53;90
"2019/2020";"Educació primària";"2";"Urgell";19;470;70;2;1;1;68;402;23;2018;6;188;205;393
"2019/2020";"Educació primària";"2";"Vallès Occidental";407;10127;332;104;71;33;242;9899;238;2018;6;5498;5704;11202
"2019/2020";"Educació primària";"2";"Vallès Oriental";187;4637;350;65;48;17;291;4352;119;2018;6;2342;2530;4872
"2019/2020";"Educació primària";"3";"Alt Camp";26;611;105;6;5;1;99;512;27;2018;7;246;283;529
"2019/2020";"Educació primària";"3";"Alt Empordà";78;1620;134;12;11;1;126;1498;68;2018;7;796;825;1621
"2019/2020";"Educació primària";"3";"Alt Penedès";57;1341;76;8;5;3;68;1273;46;2018;7;711;760;1471
"2019/2020";"Educació primària";"3";"Alt Urgell";10;181;12;1;0;1;11;170;13;2018;7;107;98;205
"2019/2020";"Educació primària";"3";"Alta Ribagorça";3;64;15;0;0;0;15;49;3;2018;7;15;27;42
"2019/2020";"Educació primària";"3";"Anoia";62;1557;189;17;16;1;172;1385;48;2018;7;737;816;1553
"2019/2020";"Educació primària";"3";"Aran";4;77;2;0;0;0;2;75;7;2018;7;50;53;103
"2019/2020";"Educació primària";"3";"Bages";84;2074;235;34;26;8;203;1873;62;2018;7;1023;1088;2111
"2019/2020";"Educació primària";"3";"Baix Camp";98;2438;256;31;25;6;227;2213;62;2018;7;1142;1219;2361
"2019/2020";"Educació primària";"3";"Baix Ebre";37;889;126;12;4;8;114;775;32;2018;7;383;429;812
"2019/2020";"Educació primària";"3";"Baix Empordà";65;1460;85;11;7;4;75;1386;44;2018;7;805;841;1646
"2019/2020";"Educació primària";"3";"Baix Llobregat";347;8658;306;87;64;23;228;8439;210;2018;7;4758;5087;9845
"2019/2020";"Educació primària";"3";"Baix Penedès";52;1281;115;17;15;2;98;1183;29;2018;7;639;652;1291
"2019/2020";"Educació primària";"3";"Barcelonès";800;19922;765;354;235;119;417;19511;475;2018;7;9803;10521;20324
"2019/2020";"Educació primària";"3";"Berguedà";18;443;70;8;7;1;63;381;23;2018;7;175;201;376
"2019/2020";"Educació primària";"3";"Cerdanya";8;173;20;3;3;0;17;156;13;2018;7;89;99;188
"2019/2020";"Educació primària";"3";"Conca de Barberà";10;241;55;5;5;0;50;191;13;2018;7;98;88;186
"2019/2020";"Educació primària";"3";"Garraf";62;1528;83;17;10;7;66;1462;34;2018;7;812;918;1730
"2019/2020";"Educació primària";"3";"Garrigues";9;189;19;0;0;0;19;170;16;2018;7;85;101;186
"2019/2020";"Educació primària";"3";"Garrotxa";30;669;64;8;5;3;57;613;23;2018;7;327;311;638
"2019/2020";"Educació primària";"3";"Gironès";101;2419;170;22;14;8;152;2271;61;2018;7;1198;1338;2536
"2019/2020";"Educació primària";"3";"Maresme";196;4857;265;77;55;22;192;4669;120;2018;7;2614;2733;5347
"2019/2020";"Educació primària";"3";"Moianès";11;201;61;2;1;1;59;142;10;2018;7;77;83;160
"2019/2020";"Educació primària";"3";"Montsià";30;776;100;3;2;1;98;679;21;2018;7;317;381;698
"2019/2020";"Educació primària";"3";"Noguera";23;434;48;0;0;0;48;386;33;2018;7;214;229;443
"2019/2020";"Educació primària";"3";"Osona";82;2049;225;27;22;5;198;1851;65;2018;7;999;962;1961
"2019/2020";"Educació primària";"3";"Pallars Jussà";6;142;22;1;1;0;22;121;7;2018;7;49;62;111
"2019/2020";"Educació primària";"3";"Pallars Sobirà";5;54;1;3;3;0;0;56;7;2018;7;30;32;62
"2019/2020";"Educació primària";"3";"Pla d'Urgell";23;517;99;1;1;0;98;419;19;2018;7;233;209;442
"2019/2020";"Educació primària";"3";"Pla de l'Estany";18;371;24;6;6;0;18;353;13;2018;7;204;254;458
"2019/2020";"Educació primària";"3";"Priorat";4;126;48;2;2;0;46;80;15;2018;7;43;43;86
"2019/2020";"Educació primària";"3";"Ribera d'Ebre";12;280;79;1;1;0;78;202;16;2018;7;105;96;201
"2019/2020";"Educació primària";"3";"Ripollès";11;291;57;1;1;0;57;235;14;2018;7;129;117;246
"2019/2020";"Educació primària";"3";"Segarra";13;272;40;3;3;0;37;235;12;2018;7;125;155;280
"2019/2020";"Educació primària";"3";"Segrià";109;2598;302;24;19;5;278;2320;81;2018;7;1138;1254;2392
"2019/2020";"Educació primària";"3";"Selva";76;1822;169;17;15;2;152;1670;44;2018;7;977;953;1930
"2019/2020";"Educació primària";"3";"Solsonès";6;167;26;1;1;0;25;142;11;2018;7;73;65;138
"2019/2020";"Educació primària";"3";"Tarragonès";118;2974;270;34;30;4;236;2738;67;2018;7;1526;1639;3165
"2019/2020";"Educació primària";"3";"Terra Alta";6;164;72;0;0;0;72;92;12;2018;7;64;51;115
"2019/2020";"Educació primària";"3";"Urgell";20;451;57;2;2;0;55;396;23;2018;7;215;216;431
"2019/2020";"Educació primària";"3";"Vallès Occidental";419;10429;239;89;59;30;167;10279;238;2018;7;5348;5909;11257
"2019/2020";"Educació primària";"3";"Vallès Oriental";201;4955;351;51;37;14;303;4655;119;2018;7;2408;2519;4927
"2019/2020";"Educació primària";"4";"Alt Camp";21;574;97;4;3;1;93;481;27;2018;8;228;270;498
"2019/2020";"Educació primària";"4";"Alt Empordà";71;1643;101;14;12;2;91;1556;68;2018;8;804;887;1691
"2019/2020";"Educació primària";"4";"Alt Penedès";67;1452;84;7;5;2;77;1375;46;2018;8;682;664;1346
"2019/2020";"Educació primària";"4";"Alt Urgell";9;196;28;4;4;0;24;172;13;2018;8;86;100;186
"2019/2020";"Educació primària";"4";"Alta Ribagorça";2;35;8;0;0;0;8;27;3;2018;8;15;13;28
"2019/2020";"Educació primària";"4";"Anoia";69;1630;180;20;15;5;160;1470;48;2018;8;731;784;1515
"2019/2020";"Educació primària";"4";"Aran";5;97;2;1;1;0;1;96;7;2018;8;50;56;106
"2019/2020";"Educació primària";"4";"Bages";85;2107;188;34;30;4;157;1953;61;2018;8;1000;1080;2080
"2019/2020";"Educació primària";"4";"Baix Camp";99;2454;224;21;20;1;208;2251;62;2018;8;1180;1292;2472
"2019/2020";"Educació primària";"4";"Baix Ebre";36;909;125;4;3;1;121;788;32;2018;8;418;446;864
"2019/2020";"Educació primària";"4";"Baix Empordà";66;1530;86;17;17;0;71;1461;44;2018;8;703;822;1525
"2019/2020";"Educació primària";"4";"Baix Llobregat";363;9075;324;83;46;37;244;8834;210;2018;8;4797;5186;9983
"2019/2020";"Educació primària";"4";"Baix Penedès";51;1282;112;21;16;5;91;1191;29;2018;8;646;632;1278
"2019/2020";"Educació primària";"4";"Barcelonès";798;19838;559;277;181;96;293;19556;470;2018;8;9822;10664;20486
"2019/2020";"Educació primària";"4";"Berguedà";19;439;78;4;4;0;74;365;23;2018;8;195;193;388
"2019/2020";"Educació primària";"4";"Cerdanya";7;172;14;2;2;0;13;160;13;2018;8;101;93;194
"2019/2020";"Educació primària";"4";"Conca de Barberà";11;276;87;1;1;0;86;190;14;2018;8;109;92;201
"2019/2020";"Educació primària";"4";"Garraf";60;1492;60;17;5;12;43;1449;34;2018;8;794;911;1705
"2019/2020";"Educació primària";"4";"Garrigues";8;191;28;2;2;0;26;165;16;2018;8;85;104;189
"2019/2020";"Educació primària";"4";"Garrotxa";29;663;72;2;2;0;70;593;23;2018;8;287;325;612
"2019/2020";"Educació primària";"4";"Gironès";103;2465;111;15;12;3;97;2369;60;2018;8;1185;1311;2496
"2019/2020";"Educació primària";"4";"Maresme";203;5074;233;65;39;26;175;4906;121;2018;8;2619;2737;5356
"2019/2020";"Educació primària";"4";"Moianès";7;177;39;1;1;0;38;139;10;2018;8;75;79;154
"2019/2020";"Educació primària";"4";"Montsià";33;823;147;7;5;2;141;683;21;2018;8;362;379;741
"2019/2020";"Educació primària";"4";"Noguera";17;428;36;3;3;0;33;395;33;2018;8;203;245;448
"2019/2020";"Educació primària";"4";"Osona";86;2109;263;17;14;3;246;1863;66;2018;8;903;1059;1962
"2019/2020";"Educació primària";"4";"Pallars Jussà";6;142;24;1;1;0;23;119;7;2018;8;60;57;117
"2019/2020";"Educació primària";"4";"Pallars Sobirà";3;60;1;0;0;0;1;59;7;2018;8;29;49;78
"2019/2020";"Educació primària";"4";"Pla d'Urgell";20;492;68;1;1;0;67;425;19;2018;8;222;238;460
"2019/2020";"Educació primària";"4";"Pla de l'Estany";21;441;8;1;1;0;7;434;13;2018;8;212;229;441
"2019/2020";"Educació primària";"4";"Priorat";3;125;37;2;2;0;35;90;15;2018;8;35;41;76
"2019/2020";"Educació primària";"4";"Ribera d'Ebre";12;296;94;2;2;0;92;204;16;2018;8;85;111;196
"2019/2020";"Educació primària";"4";"Ripollès";12;296;68;1;1;0;67;229;14;2018;8;117;135;252
"2019/2020";"Educació primària";"4";"Segarra";12;294;40;7;6;1;33;261;12;2018;8;146;147;293
"2019/2020";"Educació primària";"4";"Segrià";109;2606;259;26;20;6;237;2373;81;2018;8;1189;1240;2429
"2019/2020";"Educació primària";"4";"Selva";76;1855;137;17;11;6;121;1735;45;2018;8;965;1026;1991
"2019/2020";"Educació primària";"4";"Solsonès";6;164;30;1;0;1;29;135;11;2018;8;63;66;129
"2019/2020";"Educació primària";"4";"Tarragonès";126;3122;233;33;26;7;200;2922;67;2018;8;1498;1599;3097
"2019/2020";"Educació primària";"4";"Terra Alta";8;182;66;0;0;0;66;116;12;2018;8;54;57;111
"2019/2020";"Educació primària";"4";"Urgell";20;465;53;8;5;3;45;420;23;2018;8;191;247;438
"2019/2020";"Educació primària";"4";"Vallès Occidental";416;10374;221;57;36;21;173;10210;238;2018;8;5610;6066;11676
"2019/2020";"Educació primària";"4";"Vallès Oriental";196;4872;286;53;41;12;235;4639;119;2018;8;2442;2673;5115
"2019/2020";"Educació primària";"5";"Alt Camp";19;572;91;1;1;0;90;482;27;2018;9;275;276;551
"2019/2020";"Educació primària";"5";"Alt Empordà";68;1663;82;12;8;4;78;1593;68;2018;9;849;884;1733
"2019/2020";"Educació primària";"5";"Alt Penedès";57;1319;79;6;5;1;73;1246;46;2018;9;724;732;1456
"2019/2020";"Educació primària";"5";"Alt Urgell";8;216;31;4;4;0;27;189;13;2018;9;117;111;228
"2019/2020";"Educació primària";"5";"Alta Ribagorça";1;36;8;0;0;0;8;28;3;2018;9;22;26;48
"2019/2020";"Educació primària";"5";"Anoia";65;1641;211;13;12;1;198;1443;48;2018;9;776;882;1658
"2019/2020";"Educació primària";"5";"Aran";4;94;4;0;0;0;4;90;7;2018;9;47;49;96
"2019/2020";"Educació primària";"5";"Bages";87;2206;260;11;9;2;249;1957;61;2018;9;1012;1081;2093
"2019/2020";"Educació primària";"5";"Baix Camp";97;2503;196;25;18;7;173;2332;62;2018;9;1217;1316;2533
"2019/2020";"Educació primària";"5";"Baix Ebre";35;949;137;7;5;2;130;819;32;2018;9;396;447;843
"2019/2020";"Educació primària";"5";"Baix Empordà";61;1464;49;6;4;2;46;1421;44;2018;9;827;836;1663
"2019/2020";"Educació primària";"5";"Baix Llobregat";365;9116;332;88;59;29;252;8872;210;2018;9;5095;5193;10288
"2019/2020";"Educació primària";"5";"Baix Penedès";54;1366;157;14;13;1;143;1223;29;2018;9;693;645;1338
"2019/2020";"Educació primària";"5";"Barcelonès";803;19994;563;254;151;103;319;19685;474;2018;9;10354;11110;21464
"2019/2020";"Educació primària";"5";"Berguedà";15;416;63;3;3;0;60;356;22;2018;9;186;209;395
"2019/2020";"Educació primària";"5";"Cerdanya";7;175;18;2;1;1;16;159;13;2018;9;103;105;208
"2019/2020";"Educació primària";"5";"Conca de Barberà";9;283;76;3;3;0;73;210;14;2018;9;112;111;223
"2019/2020";"Educació primària";"5";"Garraf";61;1524;48;10;5;5;38;1486;34;2018;9;896;988;1884
"2019/2020";"Educació primària";"5";"Garrigues";7;207;29;1;1;0;28;179;16;2018;9;83;94;177
"2019/2020";"Educació primària";"5";"Garrotxa";27;638;52;4;4;0;49;590;23;2018;9;308;337;645
"2019/2020";"Educació primària";"5";"Gironès";104;2553;192;25;17;8;169;2386;61;2018;9;1255;1336;2591
"2019/2020";"Educació primària";"5";"Maresme";205;5089;206;55;39;16;155;4938;121;2018;9;2699;2889;5588
"2019/2020";"Educació primària";"5";"Moianès";7;202;56;5;5;0;51;151;10;2018;9;77;96;173
"2019/2020";"Educació primària";"5";"Montsià";30;800;82;7;6;1;77;725;21;2018;9;378;390;768
"2019/2020";"Educació primària";"5";"Noguera";18;497;64;2;0;2;62;435;33;2018;9;231;241;472
"2019/2020";"Educació primària";"5";"Osona";80;2085;288;24;19;5;265;1821;65;2018;9;957;1077;2034
"2019/2020";"Educació primària";"5";"Pallars Jussà";5;143;21;0;0;0;21;122;7;2018;9;68;70;138
"2019/2020";"Educació primària";"5";"Pallars Sobirà";3;72;0;0;0;0;0;72;7;2018;9;30;34;64
"2019/2020";"Educació primària";"5";"Pla d'Urgell";21;495;96;1;1;0;95;400;19;2018;9;228;247;475
"2019/2020";"Educació primària";"5";"Pla de l'Estany";17;413;2;2;1;1;0;413;13;2018;9;206;209;415
"2019/2020";"Educació primària";"5";"Priorat";3;125;54;0;0;0;54;71;15;2018;9;41;50;91
"2019/2020";"Educació primària";"5";"Ribera d'Ebre";8;300;101;2;2;0;99;201;16;2018;9;90;105;195
"2019/2020";"Educació primària";"5";"Ripollès";11;288;68;3;2;1;65;223;14;2018;9;116;143;259
"2019/2020";"Educació primària";"5";"Segarra";11;304;25;2;2;0;23;281;12;2018;9;113;126;239
"2019/2020";"Educació primària";"5";"Segrià";102;2599;255;22;14;8;233;2366;81;2018;9;1219;1282;2501
"2019/2020";"Educació primària";"5";"Selva";79;1931;200;13;7;6;188;1744;45;2018;9;1011;1057;2068
"2019/2020";"Educació primària";"5";"Solsonès";6;160;27;2;1;1;25;135;11;2018;9;74;87;161
"2019/2020";"Educació primària";"5";"Tarragonès";123;3101;271;31;28;3;240;2861;67;2018;9;1542;1757;3299
"2019/2020";"Educació primària";"5";"Terra Alta";3;161;57;0;0;0;57;104;12;2018;9;45;52;97
"2019/2020";"Educació primària";"5";"Urgell";17;465;44;5;5;0;39;426;23;2018;9;242;205;447
"2019/2020";"Educació primària";"5";"Vallès Occidental";435;10860;328;96;76;20;240;10628;239;2018;9;5822;6250;12072
"2019/2020";"Educació primària";"5";"Vallès Oriental";201;5011;242;41;29;12;203;4810;119;2018;9;2574;2763;5337
"2019/2020";"Educació primària";"6";"Alt Camp";33;611;99;4;4;0;95;516;27;2018;10;247;274;521
"2019/2020";"Educació primària";"6";"Alt Empordà";94;1755;135;17;14;3;119;1637;68;2018;10;749;873;1622
"2019/2020";"Educació primària";"6";"Alt Penedès";69;1399;57;6;4;2;51;1348;46;2018;10;652;733;1385
"2019/2020";"Educació primària";"6";"Alt Urgell";16;230;17;1;0;1;16;214;13;2018;10;88;111;199
"2019/2020";"Educació primària";"6";"Alta Ribagorça";4;64;16;0;0;0;16;48;3;2018;10;19;23;42
"2019/2020";"Educació primària";"6";"Anoia";75;1749;186;6;3;3;180;1569;48;2018;10;773;817;1590
"2019/2020";"Educació primària";"6";"Aran";9;87;0;0;0;0;0;87;7;2018;10;66;53;119
"2019/2020";"Educació primària";"6";"Bages";93;2196;217;19;15;4;199;1998;60;2018;10;999;1054;2053
"2019/2020";"Educació primària";"6";"Baix Camp";110;2622;213;23;18;5;192;2432;62;2018;10;1234;1257;2491
"2019/2020";"Educació primària";"6";"Baix Ebre";44;941;157;2;1;1;155;786;31;2018;10;370;409;779
"2019/2020";"Educació primària";"6";"Baix Empordà";73;1596;102;8;4;4;95;1502;44;2018;10;693;785;1478
"2019/2020";"Educació primària";"6";"Baix Llobregat";386;9608;434;87;49;38;351;9261;210;2018;10;4948;5152;10100
"2019/2020";"Educació primària";"6";"Baix Penedès";58;1418;146;9;8;1;137;1281;29;2018;10;658;695;1353
"2019/2020";"Educació primària";"6";"Barcelonès";830;20658;523;224;137;87;308;20359;473;2018;10;9906;10595;20501
"2019/2020";"Educació primària";"6";"Berguedà";26;437;97;5;5;0;93;345;22;2018;10;170;202;372
"2019/2020";"Educació primària";"6";"Cerdanya";15;182;17;0;0;0;17;165;13;2018;10;105;97;202
"2019/2020";"Educació primària";"6";"Conca de Barberà";15;261;58;1;1;0;57;204;14;2018;10;101;98;199
"2019/2020";"Educació primària";"6";"Garraf";65;1614;59;7;4;3;52;1562;34;2018;10;866;913;1779
"2019/2020";"Educació primària";"6";"Garrigues";18;192;36;1;1;0;35;157;16;2018;10;89;90;179
"2019/2020";"Educació primària";"6";"Garrotxa";32;659;56;3;3;0;54;606;23;2018;10;314;338;652
"2019/2020";"Educació primària";"6";"Gironès";107;2577;161;10;6;4;153;2426;61;2018;10;1148;1237;2385
"2019/2020";"Educació primària";"6";"Maresme";213;5275;271;38;29;9;237;5042;121;2018;10;2604;2685;5289
"2019/2020";"Educació primària";"6";"Moianès";12;203;45;2;2;0;43;160;10;2018;10;82;77;159
"2019/2020";"Educació primària";"6";"Montsià";38;828;117;8;7;1;111;719;21;2018;10;343;401;744
"2019/2020";"Educació primària";"6";"Noguera";39;475;37;1;1;0;36;439;33;2018;10;192;227;419
"2019/2020";"Educació primària";"6";"Osona";100;2153;234;6;6;0;228;1925;66;2018;10;912;1013;1925
"2019/2020";"Educació primària";"6";"Pallars Jussà";10;164;37;1;1;0;36;128;7;2018;10;62;55;117
"2019/2020";"Educació primària";"6";"Pallars Sobirà";8;64;1;0;0;0;1;63;7;2018;10;33;33;66
"2019/2020";"Educació primària";"6";"Pla d'Urgell";24;507;74;3;2;1;71;436;19;2018;10;209;208;417
"2019/2020";"Educació primària";"6";"Pla de l'Estany";18;373;11;4;3;1;7;366;12;2018;10;170;208;378
"2019/2020";"Educació primària";"6";"Priorat";16;120;39;1;1;0;38;82;15;2018;10;44;44;88
"2019/2020";"Educació primària";"6";"Ribera d'Ebre";18;278;83;5;4;1;78;200;16;2018;10;86;89;175
"2019/2020";"Educació primària";"6";"Ripollès";17;291;50;0;0;0;50;241;14;2018;10;117;110;227
"2019/2020";"Educació primària";"6";"Segarra";15;277;52;0;0;0;52;225;12;2018;10;122;139;261
"2019/2020";"Educació primària";"6";"Segrià";128;2683;260;17;13;4;243;2440;81;2018;10;1101;1178;2279
"2019/2020";"Educació primària";"6";"Selva";82;1989;157;12;10;2;146;1844;45;2018;10;919;995;1914
"2019/2020";"Educació primària";"6";"Solsonès";14;193;34;0;0;0;34;159;11;2018;10;57;78;135
"2019/2020";"Educació primària";"6";"Tarragonès";133;3298;325;21;19;2;304;2994;67;2018;10;1508;1523;3031
"2019/2020";"Educació primària";"6";"Terra Alta";13;157;60;1;1;0;59;98;12;2018;10;34;53;87
"2019/2020";"Educació primària";"6";"Urgell";29;477;46;0;0;0;46;431;23;2018;10;201;204;405
"2019/2020";"Educació primària";"6";"Vallès Occidental";460;11465;401;71;42;29;341;11135;239;2018;10;5760;6108;11868
"2019/2020";"Educació primària";"6";"Vallès Oriental";217;5289;294;35;25;10;259;5030;119;2018;10;2453;2676;5129
"2019/2020";"Educació secundària obligatòria";"1";"Alt Camp";17;510;394;384;359;25;10;500;6;2018;11;230;250;480
"2019/2020";"Educació secundària obligatòria";"1";"Alt Empordà";56;1630;1375;1309;1233;76;75;1564;17;2018;11;789;860;1649
"2019/2020";"Educació secundària obligatòria";"1";"Alt Penedès";45;1355;909;885;825;60;24;1331;16;2018;11;652;681;1333
"2019/2020";"Educació secundària obligatòria";"1";"Alt Urgell";8;240;187;147;131;16;40;200;4;2018;11;94;120;214
"2019/2020";"Educació secundària obligatòria";"1";"Alta Ribagorça";2;60;58;43;43;0;15;45;1;2018;11;15;14;29
"2019/2020";"Educació secundària obligatòria";"1";"Anoia";54;1602;1284;1227;1140;87;61;1545;19;2018;11;749;786;1535
"2019/2020";"Educació secundària obligatòria";"1";"Aran";3;90;88;76;76;0;12;78;1;2018;11;54;42;96
"2019/2020";"Educació secundària obligatòria";"1";"Bages";76;2244;1708;1571;1478;93;150;2107;32;2018;11;1012;1031;2043
"2019/2020";"Educació secundària obligatòria";"1";"Baix Camp";83;2475;1705;1675;1535;140;47;2445;27;2018;11;1126;1214;2340
"2019/2020";"Educació secundària obligatòria";"1";"Baix Ebre";31;930;763;642;629;13;121;809;11;2018;11;409;406;815
"2019/2020";"Educació secundària obligatòria";"1";"Baix Empordà";50;1468;1183;1112;1073;39;84;1397;16;2018;11;763;734;1497
"2019/2020";"Educació secundària obligatòria";"1";"Baix Llobregat";320;9493;6977;6877;6265;612;153;9393;111;2018;11;4883;5235;10118
"2019/2020";"Educació secundària obligatòria";"1";"Baix Penedès";46;1359;1064;1043;1017;26;23;1338;12;2018;11;610;673;1283
"2019/2020";"Educació secundària obligatòria";"1";"Barcelonès";715;21275;11148;10757;9547;1210;452;20884;301;2018;11;10029;10618;20647
"2019/2020";"Educació secundària obligatòria";"1";"Berguedà";15;450;410;328;327;1;82;368;7;2018;11;151;221;372
"2019/2020";"Educació secundària obligatòria";"1";"Cerdanya";5;150;118;109;108;1;9;141;2;2018;11;109;108;217
"2019/2020";"Educació secundària obligatòria";"1";"Conca de Barberà";7;210;180;163;161;2;20;193;4;2018;11;81;107;188
"2019/2020";"Educació secundària obligatòria";"1";"Garraf";53;1582;1248;1243;1113;130;6;1577;20;2018;11;868;936;1804
"2019/2020";"Educació secundària obligatòria";"1";"Garrigues";7;205;169;133;133;0;36;169;3;2018;11;68;106;174
"2019/2020";"Educació secundària obligatòria";"1";"Garrotxa";21;606;424;417;387;30;14;599;7;2018;11;309;324;633
"2019/2020";"Educació secundària obligatòria";"1";"Gironès";84;2412;1854;1848;1682;166;17;2406;27;2018;11;1178;1190;2368
"2019/2020";"Educació secundària obligatòria";"1";"Maresme";180;5350;3638;3532;3318;214;145;5244;72;2018;11;2568;2816;5384
"2019/2020";"Educació secundària obligatòria";"1";"Moianès";5;150;111;85;84;1;26;124;2;2018;11;88;69;157
"2019/2020";"Educació secundària obligatòria";"1";"Montsià";27;810;652;593;565;28;68;751;10;2018;11;367;382;749
"2019/2020";"Educació secundària obligatòria";"1";"Noguera";15;420;328;306;301;5;24;398;7;2018;11;179;179;358
"2019/2020";"Educació secundària obligatòria";"1";"Osona";68;2012;1458;1305;1203;102;155;1859;28;2018;11;854;919;1773
"2019/2020";"Educació secundària obligatòria";"1";"Pallars Jussà";5;150;121;97;97;0;24;126;3;2018;11;53;57;110
"2019/2020";"Educació secundària obligatòria";"1";"Pallars Sobirà";3;90;87;59;59;0;28;62;2;2018;11;28;28;56
"2019/2020";"Educació secundària obligatòria";"1";"Pla d'Urgell";12;351;331;322;315;7;10;342;4;2018;11;209;217;426
"2019/2020";"Educació secundària obligatòria";"1";"Pla de l'Estany";13;390;365;350;330;20;15;375;4;2018;11;205;221;426
"2019/2020";"Educació secundària obligatòria";"1";"Priorat";4;120;97;73;73;0;24;96;2;2018;11;36;40;76
"2019/2020";"Educació secundària obligatòria";"1";"Ribera d'Ebre";8;240;169;112;112;0;57;183;4;2018;11;91;85;176
"2019/2020";"Educació secundària obligatòria";"1";"Ripollès";8;240;190;164;164;0;26;214;5;2018;11;104;140;244
"2019/2020";"Educació secundària obligatòria";"1";"Segarra";9;261;225;225;213;12;4;261;4;2018;11;112;140;252
"2019/2020";"Educació secundària obligatòria";"1";"Segrià";88;2549;1816;1663;1598;65;153;2396;32;2018;11;1108;1203;2311
"2019/2020";"Educació secundària obligatòria";"1";"Selva";65;1866;1516;1412;1298;114;121;1762;24;2018;11;995;1035;2030
"2019/2020";"Educació secundària obligatòria";"1";"Solsonès";6;180;174;130;130;0;44;136;3;2018;11;73;72;145
"2019/2020";"Educació secundària obligatòria";"1";"Tarragonès";102;2994;2087;1989;1917;72;135;2896;34;2018;11;1523;1600;3123
"2019/2020";"Educació secundària obligatòria";"1";"Terra Alta";3;90;73;63;63;0;10;80;2;2018;11;50;66;116
"2019/2020";"Educació secundària obligatòria";"1";"Urgell";16;459;360;365;357;8;27;464;6;2018;11;206;218;424
"2019/2020";"Educació secundària obligatòria";"1";"Vallès Occidental";401;11812;7985;7798;7351;447;275;11625;140;2018;11;5768;5958;11726
"2019/2020";"Educació secundària obligatòria";"1";"Vallès Oriental";171;5069;3890;3788;3463;325;156;4967;63;2018;11;2519;2709;5228
"2019/2020";"Educació secundària obligatòria";"2";"Alt Camp";16;480;34;4;1;3;30;450;6;2018;12;225;256;481
"2019/2020";"Educació secundària obligatòria";"2";"Alt Empordà";54;1563;47;5;3;2;43;1521;17;2018;12;807;784;1591
"2019/2020";"Educació secundària obligatòria";"2";"Alt Penedès";45;1336;46;8;5;3;38;1298;16;2018;12;625;722;1347
"2019/2020";"Educació secundària obligatòria";"2";"Alt Urgell";8;240;18;3;2;1;15;225;4;2018;12;88;119;207
"2019/2020";"Educació secundària obligatòria";"2";"Alta Ribagorça";2;60;19;0;0;0;19;41;1;2018;12;31;28;59
"2019/2020";"Educació secundària obligatòria";"2";"Anoia";53;1568;123;25;20;5;98;1470;19;2018;12;755;801;1556
"2019/2020";"Educació secundària obligatòria";"2";"Aran";3;90;0;0;0;0;0;90;1;2018;12;45;58;103
"2019/2020";"Educació secundària obligatòria";"2";"Bages";72;2154;167;17;17;0;151;2004;30;2018;12;968;1014;1982
"2019/2020";"Educació secundària obligatòria";"2";"Baix Camp";81;2403;66;19;10;9;47;2356;27;2018;12;1163;1225;2388
"2019/2020";"Educació secundària obligatòria";"2";"Baix Ebre";29;870;51;13;6;7;38;832;11;2018;12;339;403;742
"2019/2020";"Educació secundària obligatòria";"2";"Baix Empordà";48;1425;60;10;7;3;50;1375;16;2018;12;691;703;1394
"2019/2020";"Educació secundària obligatòria";"2";"Baix Llobregat";320;9505;271;110;71;39;165;9344;109;2018;12;4816;5272;10088
"2019/2020";"Educació secundària obligatòria";"2";"Baix Penedès";42;1245;16;9;8;1;7;1238;11;2018;12;601;647;1248
"2019/2020";"Educació secundària obligatòria";"2";"Barcelonès";707;20935;667;320;215;105;347;20588;293;2018;12;9937;10474;20411
"2019/2020";"Educació secundària obligatòria";"2";"Berguedà";14;420;62;4;4;0;58;362;7;2018;12;175;200;375
"2019/2020";"Educació secundària obligatòria";"2";"Cerdanya";5;150;3;2;2;0;1;149;2;2018;12;97;116;213
"2019/2020";"Educació secundària obligatòria";"2";"Conca de Barberà";7;210;11;0;0;0;11;199;4;2018;12;100;122;222
"2019/2020";"Educació secundària obligatòria";"2";"Garraf";54;1609;43;15;11;4;28;1581;20;2018;12;871;894;1765
"2019/2020";"Educació secundària obligatòria";"2";"Garrigues";7;210;34;7;7;0;27;183;3;2018;12;70;88;158
"2019/2020";"Educació secundària obligatòria";"2";"Garrotxa";20;600;29;4;3;1;26;575;7;2018;12;283;306;589
"2019/2020";"Educació secundària obligatòria";"2";"Gironès";82;2361;34;12;8;4;22;2339;26;2018;12;1102;1230;2332
"2019/2020";"Educació secundària obligatòria";"2";"Maresme";180;5352;266;94;81;13;176;5180;70;2018;12;2585;2829;5414
"2019/2020";"Educació secundària obligatòria";"2";"Moianès";5;150;37;4;3;1;33;117;2;2018;12;66;79;145
"2019/2020";"Educació secundària obligatòria";"2";"Montsià";27;810;80;2;2;0;78;732;9;2018;12;338;421;759
"2019/2020";"Educació secundària obligatòria";"2";"Noguera";13;382;34;0;0;0;34;348;7;2018;12;207;200;407
"2019/2020";"Educació secundària obligatòria";"2";"Osona";68;1982;179;29;24;5;150;1832;28;2018;12;925;955;1880
"2019/2020";"Educació secundària obligatòria";"2";"Pallars Jussà";5;150;43;4;4;0;39;111;3;2018;12;57;52;109
"2019/2020";"Educació secundària obligatòria";"2";"Pallars Sobirà";2;60;6;1;1;0;6;55;2;2018;12;33;33;66
"2019/2020";"Educació secundària obligatòria";"2";"Pla d'Urgell";12;351;28;5;3;2;23;328;4;2018;12;179;208;387
"2019/2020";"Educació secundària obligatòria";"2";"Pla de l'Estany";14;420;18;4;3;1;14;406;4;2018;12;189;201;390
"2019/2020";"Educació secundària obligatòria";"2";"Priorat";4;120;35;1;1;0;34;86;2;2018;12;41;44;85
"2019/2020";"Educació secundària obligatòria";"2";"Ribera d'Ebre";7;210;30;0;0;0;30;180;4;2018;12;99;105;204
"2019/2020";"Educació secundària obligatòria";"2";"Ripollès";9;270;47;0;0;0;47;223;5;2018;12;115;137;252
"2019/2020";"Educació secundària obligatòria";"2";"Segarra";10;300;48;8;8;0;40;260;4;2018;12;136;150;286
"2019/2020";"Educació secundària obligatòria";"2";"Segrià";85;2489;141;40;34;6;101;2388;32;2018;12;1084;1123;2207
"2019/2020";"Educació secundària obligatòria";"2";"Selva";68;2010;139;12;9;3;127;1883;23;2018;12;939;984;1923
"2019/2020";"Educació secundària obligatòria";"2";"Solsonès";6;180;34;2;2;0;32;148;3;2018;12;86;72;158
"2019/2020";"Educació secundària obligatòria";"2";"Tarragonès";105;3087;116;27;19;8;89;2998;34;2018;12;1499;1516;3015
"2019/2020";"Educació secundària obligatòria";"2";"Terra Alta";5;150;37;1;1;0;36;114;2;2018;12;49;50;99
"2019/2020";"Educació secundària obligatòria";"2";"Urgell";16;480;35;11;8;3;24;456;6;2018;12;206;185;391
"2019/2020";"Educació secundària obligatòria";"2";"Vallès Occidental";383;11319;267;114;76;38;165;11166;132;2018;12;5559;5889;11448
"2019/2020";"Educació secundària obligatòria";"2";"Vallès Oriental";175;5205;200;43;35;8;159;5048;62;2018;12;2500;2603;5103
"2019/2020";"Educació secundària obligatòria";"3";"Alt Camp";16;480;19;2;2;0;17;463;6;2018;13;213;244;457
"2019/2020";"Educació secundària obligatòria";"3";"Alt Empordà";53;1542;44;7;7;0;38;1505;17;2018;13;745;767;1512
"2019/2020";"Educació secundària obligatòria";"3";"Alt Penedès";45;1326;29;7;5;2;22;1304;16;2018;13;645;705;1350
"2019/2020";"Educació secundària obligatòria";"3";"Alt Urgell";8;240;33;5;5;0;28;212;4;2018;13;85;115;200
"2019/2020";"Educació secundària obligatòria";"3";"Alta Ribagorça";2;60;1;0;0;0;1;59;1;2018;13;16;17;33
"2019/2020";"Educació secundària obligatòria";"3";"Anoia";55;1632;117;21;17;4;96;1536;19;2018;13;742;804;1546
"2019/2020";"Educació secundària obligatòria";"3";"Aran";3;90;4;0;0;0;4;86;1;2018;13;43;43;86
"2019/2020";"Educació secundària obligatòria";"3";"Bages";69;2064;159;31;25;6;130;1936;30;2018;13;954;1058;2012
"2019/2020";"Educació secundària obligatòria";"3";"Baix Camp";82;2436;91;12;7;5;81;2357;27;2018;13;1142;1148;2290
"2019/2020";"Educació secundària obligatòria";"3";"Baix Ebre";31;930;107;9;7;2;98;832;11;2018;13;372;425;797
"2019/2020";"Educació secundària obligatòria";"3";"Baix Empordà";47;1399;63;14;13;1;51;1350;16;2018;13;705;762;1467
"2019/2020";"Educació secundària obligatòria";"3";"Baix Llobregat";319;9465;239;109;76;33;134;9335;109;2018;13;4705;4985;9690
"2019/2020";"Educació secundària obligatòria";"3";"Baix Penedès";42;1248;10;7;7;0;3;1245;11;2018;13;557;663;1220
"2019/2020";"Educació secundària obligatòria";"3";"Barcelonès";701;20769;535;363;250;113;174;20597;291;2018;13;9949;10468;20417
"2019/2020";"Educació secundària obligatòria";"3";"Berguedà";14;420;74;4;4;0;70;350;7;2018;13;171;196;367
"2019/2020";"Educació secundària obligatòria";"3";"Cerdanya";6;180;0;0;0;0;0;180;2;2018;13;97;96;193
"2019/2020";"Educació secundària obligatòria";"3";"Conca de Barberà";9;270;48;0;0;0;48;222;4;2018;13;126;108;234
"2019/2020";"Educació secundària obligatòria";"3";"Garraf";55;1642;32;7;4;3;26;1617;20;2018;13;852;913;1765
"2019/2020";"Educació secundària obligatòria";"3";"Garrigues";6;180;27;0;0;0;27;153;3;2018;13;80;99;179
"2019/2020";"Educació secundària obligatòria";"3";"Garrotxa";18;535;27;2;2;0;25;510;7;2018;13;299;335;634
"2019/2020";"Educació secundària obligatòria";"3";"Gironès";77;2271;27;9;7;2;18;2253;26;2018;13;1185;1200;2385
"2019/2020";"Educació secundària obligatòria";"3";"Maresme";178;5304;225;88;64;24;138;5167;68;2018;13;2551;2798;5349
"2019/2020";"Educació secundària obligatòria";"3";"Moianès";4;120;5;0;0;0;5;115;2;2018;13;69;73;142
"2019/2020";"Educació secundària obligatòria";"3";"Montsià";26;780;52;9;5;4;43;737;9;2018;13;339;365;704
"2019/2020";"Educació secundària obligatòria";"3";"Noguera";14;412;29;2;2;0;27;385;7;2018;13;186;195;381
"2019/2020";"Educació secundària obligatòria";"3";"Osona";69;2040;182;17;16;1;165;1875;28;2018;13;871;943;1814
"2019/2020";"Educació secundària obligatòria";"3";"Pallars Jussà";5;150;34;3;3;0;31;119;3;2018;13;68;47;115
"2019/2020";"Educació secundària obligatòria";"3";"Pallars Sobirà";3;90;32;0;0;0;32;58;2;2018;13;26;29;55
"2019/2020";"Educació secundària obligatòria";"3";"Pla d'Urgell";11;318;21;4;2;2;17;301;3;2018;13;175;195;370
"2019/2020";"Educació secundària obligatòria";"3";"Pla de l'Estany";12;366;2;2;1;1;0;366;4;2018;13;186;191;377
"2019/2020";"Educació secundària obligatòria";"3";"Priorat";4;120;22;0;0;0;22;98;2;2018;13;34;45;79
"2019/2020";"Educació secundària obligatòria";"3";"Ribera d'Ebre";7;210;23;0;0;0;23;187;4;2018;13;80;83;163
"2019/2020";"Educació secundària obligatòria";"3";"Ripollès";9;270;32;1;1;0;31;239;5;2018;13;118;122;240
"2019/2020";"Educació secundària obligatòria";"3";"Segarra";10;300;19;8;8;0;11;289;4;2018;13;126;139;265
"2019/2020";"Educació secundària obligatòria";"3";"Segrià";86;2509;171;41;32;9;130;2379;31;2018;13;1056;1123;2179
"2019/2020";"Educació secundària obligatòria";"3";"Selva";65;1944;150;21;18;3;129;1815;23;2018;13;970;993;1963
"2019/2020";"Educació secundària obligatòria";"3";"Solsonès";6;180;27;6;6;0;21;159;2;2018;13;68;70;138
"2019/2020";"Educació secundària obligatòria";"3";"Tarragonès";102;3009;121;25;15;10;98;2913;34;2018;13;1417;1523;2940
"2019/2020";"Educació secundària obligatòria";"3";"Terra Alta";4;120;30;0;0;0;30;90;2;2018;13;42;60;102
"2019/2020";"Educació secundària obligatòria";"3";"Urgell";15;450;43;8;5;3;35;415;6;2018;13;191;202;393
"2019/2020";"Educació secundària obligatòria";"3";"Vallès Occidental";372;11015;207;119;79;40;97;10927;130;2018;13;5595;5711;11306
"2019/2020";"Educació secundària obligatòria";"3";"Vallès Oriental";171;5064;153;42;30;12;114;4953;62;2018;13;2482;2592;5074
"2019/2020";"Educació secundària obligatòria";"4";"Alt Camp";16;480;22;1;1;0;21;459;6;2018;14;246;272;518
"2019/2020";"Educació secundària obligatòria";"4";"Alt Empordà";50;1500;74;11;10;1;66;1437;17;2018;14;747;749;1496
"2019/2020";"Educació secundària obligatòria";"4";"Alt Penedès";44;1311;14;7;6;1;7;1304;16;2018;14;592;677;1269
"2019/2020";"Educació secundària obligatòria";"4";"Alt Urgell";8;240;25;4;4;0;21;219;4;2018;14;91;86;177
"2019/2020";"Educació secundària obligatòria";"4";"Alta Ribagorça";2;60;18;0;0;0;18;42;1;2018;14;8;15;23
"2019/2020";"Educació secundària obligatòria";"4";"Anoia";52;1556;84;14;12;2;70;1486;19;2018;14;730;755;1485
"2019/2020";"Educació secundària obligatòria";"4";"Aran";3;90;14;0;0;0;14;76;1;2018;14;42;59;101
"2019/2020";"Educació secundària obligatòria";"4";"Bages";68;2040;138;17;15;2;121;1919;27;2018;14;923;1058;1981
"2019/2020";"Educació secundària obligatòria";"4";"Baix Camp";80;2400;122;28;21;7;96;2306;27;2018;14;1098;1163;2261
"2019/2020";"Educació secundària obligatòria";"4";"Baix Ebre";30;900;94;14;10;4;80;820;11;2018;14;342;462;804
"2019/2020";"Educació secundària obligatòria";"4";"Baix Empordà";49;1451;93;14;13;1;79;1372;16;2018;14;713;710;1423
"2019/2020";"Educació secundària obligatòria";"4";"Baix Llobregat";307;9195;300;104;81;23;197;8999;107;2018;14;4643;4947;9590
"2019/2020";"Educació secundària obligatòria";"4";"Baix Penedès";40;1200;28;5;5;0;23;1177;11;2018;14;580;585;1165
"2019/2020";"Educació secundària obligatòria";"4";"Barcelonès";686;20430;706;365;259;106;341;20089;286;2018;14;9744;10351;20095
"2019/2020";"Educació secundària obligatòria";"4";"Berguedà";13;390;54;3;3;0;51;339;7;2018;14;166;219;385
"2019/2020";"Educació secundària obligatòria";"4";"Cerdanya";6;180;19;2;2;0;17;163;2;2018;14;85;94;179
"2019/2020";"Educació secundària obligatòria";"4";"Conca de Barberà";7;210;9;1;1;0;8;202;4;2018;14;90;106;196
"2019/2020";"Educació secundària obligatòria";"4";"Garraf";55;1636;45;24;17;7;21;1615;20;2018;14;857;934;1791
"2019/2020";"Educació secundària obligatòria";"4";"Garrigues";7;210;31;3;3;0;28;182;3;2018;14;87;104;191
"2019/2020";"Educació secundària obligatòria";"4";"Garrotxa";18;532;11;4;4;0;11;525;7;2018;14;266;344;610
"2019/2020";"Educació secundària obligatòria";"4";"Gironès";78;2305;33;9;8;1;24;2281;26;2018;14;1105;1220;2325
"2019/2020";"Educació secundària obligatòria";"4";"Maresme";175;5250;392;90;77;13;304;4948;67;2018;14;2386;2635;5021
"2019/2020";"Educació secundària obligatòria";"4";"Moianès";4;120;11;0;0;0;11;109;2;2018;14;74;88;162
"2019/2020";"Educació secundària obligatòria";"4";"Montsià";25;750;84;17;17;0;67;683;9;2018;14;325;371;696
"2019/2020";"Educació secundària obligatòria";"4";"Noguera";16;480;76;6;6;0;70;410;7;2018;14;161;202;363
"2019/2020";"Educació secundària obligatòria";"4";"Osona";66;1977;134;15;13;2;120;1858;28;2018;14;799;915;1714
"2019/2020";"Educació secundària obligatòria";"4";"Pallars Jussà";4;120;8;3;3;0;5;115;3;2018;14;57;50;107
"2019/2020";"Educació secundària obligatòria";"4";"Pallars Sobirà";2;60;4;1;1;0;3;57;2;2018;14;30;25;55
"2019/2020";"Educació secundària obligatòria";"4";"Pla d'Urgell";11;330;11;9;9;0;2;328;3;2018;14;184;190;374
"2019/2020";"Educació secundària obligatòria";"4";"Pla de l'Estany";13;396;15;6;5;1;9;387;4;2018;14;185;202;387
"2019/2020";"Educació secundària obligatòria";"4";"Priorat";3;90;22;2;2;0;20;70;2;2018;14;32;35;67
"2019/2020";"Educació secundària obligatòria";"4";"Ribera d'Ebre";6;180;36;0;0;0;36;144;4;2018;14;93;101;194
"2019/2020";"Educació secundària obligatòria";"4";"Ripollès";9;270;44;1;1;0;43;227;5;2018;14;93;115;208
"2019/2020";"Educació secundària obligatòria";"4";"Segarra";9;270;20;0;0;0;20;250;4;2018;14;111;132;243
"2019/2020";"Educació secundària obligatòria";"4";"Segrià";80;2405;177;28;25;3;149;2256;29;2018;14;1059;1179;2238
"2019/2020";"Educació secundària obligatòria";"4";"Selva";67;2004;137;15;11;4;122;1882;23;2018;14;948;994;1942
"2019/2020";"Educació secundària obligatòria";"4";"Solsonès";5;150;16;1;1;0;15;135;2;2018;14;63;61;124
"2019/2020";"Educació secundària obligatòria";"4";"Tarragonès";96;2880;100;17;16;1;84;2797;33;2018;14;1328;1535;2863
"2019/2020";"Educació secundària obligatòria";"4";"Terra Alta";4;120;26;0;0;0;26;94;2;2018;14;50;51;101
"2019/2020";"Educació secundària obligatòria";"4";"Urgell";15;450;64;8;8;0;56;394;6;2018;14;177;214;391
"2019/2020";"Educació secundària obligatòria";"4";"Vallès Occidental";358;10722;240;85;67;18;162;10567;129;2018;14;5303;5629;10932
"2019/2020";"Educació secundària obligatòria";"4";"Vallès Oriental";166;4980;219;45;33;12;177;4806;62;2018;14;2376;2561;4937
"2020/2021";"Educació infantil: Parvulari";"1";"Alt Camp";21;530;530;408;385;23;135;408;27;2019;2;217;233;450
"2020/2021";"Educació infantil: Parvulari";"1";"Alt Empordà";64;1468;1467;1379;1297;82;150;1380;68;2019;2;642;657;1299
"2020/2021";"Educació infantil: Parvulari";"1";"Alt Penedès";55;1136;1133;1015;986;29;137;1018;46;2019;2;514;593;1107
"2020/2021";"Educació infantil: Parvulari";"1";"Alt Urgell";7;171;171;165;141;24;21;165;12;2019;2;84;88;172
"2020/2021";"Educació infantil: Parvulari";"1";"Alta Ribagorça";2;35;35;24;23;1;12;24;3;2019;2;10;24;34
"2020/2021";"Educació infantil: Parvulari";"1";"Anoia";65;1529;1529;1126;1089;37;419;1126;48;2019;2;625;614;1239
"2020/2021";"Educació infantil: Parvulari";"1";"Aran";5;100;100;67;67;0;33;67;7;2019;2;51;50;101
"2020/2021";"Educació infantil: Parvulari";"1";"Bages";81;1921;1921;1698;1601;97;295;1698;62;2019;2;905;892;1797
"2020/2021";"Educació infantil: Parvulari";"1";"Baix Camp";90;2133;2132;1913;1811;102;287;1914;61;2019;2;932;1056;1988
"2020/2021";"Educació infantil: Parvulari";"1";"Baix Ebre";34;914;914;658;644;14;258;658;32;2019;2;356;366;722
"2020/2021";"Educació infantil: Parvulari";"1";"Baix Empordà";57;1315;1313;1230;1150;80;113;1232;44;2019;2;626;699;1325
"2020/2021";"Educació infantil: Parvulari";"1";"Baix Llobregat";321;7920;7916;7234;6831;403;888;7238;210;2019;2;3965;4110;8075
"2020/2021";"Educació infantil: Parvulari";"1";"Baix Penedès";44;1086;1086;937;901;36;162;937;28;2019;2;489;513;1002
"2020/2021";"Educació infantil: Parvulari";"1";"Barcelonès";816;20087;20073;18415;17185;1230;2251;18429;481;2019;2;9286;9844;19130
"2020/2021";"Educació infantil: Parvulari";"1";"Berguedà";18;455;455;270;270;0;185;270;23;2019;2;169;192;361
"2020/2021";"Educació infantil: Parvulari";"1";"Cerdanya";6;151;151;132;125;7;19;132;13;2019;2;72;97;169
"2020/2021";"Educació infantil: Parvulari";"1";"Conca de Barberà";8;256;256;167;156;11;97;167;14;2019;2;68;97;165
"2020/2021";"Educació infantil: Parvulari";"1";"Garraf";55;1213;1212;1158;1084;74;87;1159;33;2019;2;689;718;1407
"2020/2021";"Educació infantil: Parvulari";"1";"Garrigues";6;167;167;118;118;0;49;118;16;2019;2;79;89;168
"2020/2021";"Educació infantil: Parvulari";"1";"Garrotxa";26;534;534;495;475;20;49;495;24;2019;2;274;276;550
"2020/2021";"Educació infantil: Parvulari";"1";"Gironès";96;2205;2205;2021;1924;97;244;2021;62;2019;2;1075;1104;2179
"2020/2021";"Educació infantil: Parvulari";"1";"Maresme";182;4470;4465;4015;3744;271;559;4020;122;2019;2;2123;2270;4393
"2020/2021";"Educació infantil: Parvulari";"1";"Moianès";6;175;175;102;101;1;73;102;10;2019;2;59;66;125
"2020/2021";"Educació infantil: Parvulari";"1";"Montsià";26;693;692;561;537;24;151;562;21;2019;2;282;285;567
"2020/2021";"Educació infantil: Parvulari";"1";"Noguera";15;397;397;292;286;6;105;292;33;2019;2;171;161;332
"2020/2021";"Educació infantil: Parvulari";"1";"Osona";79;1894;1893;1543;1469;74;394;1544;65;2019;2;791;808;1599
"2020/2021";"Educació infantil: Parvulari";"1";"Pallars Jussà";4;120;120;92;92;0;28;92;7;2019;2;42;42;84
"2020/2021";"Educació infantil: Parvulari";"1";"Pallars Sobirà";2;56;56;50;50;0;6;50;7;2019;2;28;20;48
"2020/2021";"Educació infantil: Parvulari";"1";"Pla d'Urgell";21;472;472;335;326;9;140;335;19;2019;2;171;157;328
"2020/2021";"Educació infantil: Parvulari";"1";"Pla de l'Estany";15;309;308;322;303;19;5;323;12;2019;2;144;195;339
"2020/2021";"Educació infantil: Parvulari";"1";"Priorat";3;149;149;64;64;0;85;64;15;2019;2;32;29;61
"2020/2021";"Educació infantil: Parvulari";"1";"Ribera d'Ebre";10;301;301;173;173;0;128;173;16;2019;2;90;109;199
"2020/2021";"Educació infantil: Parvulari";"1";"Ripollès";9;258;258;180;176;4;82;180;14;2019;2;73;88;161
"2020/2021";"Educació infantil: Parvulari";"1";"Segarra";10;228;228;179;165;14;53;179;12;2019;2;118;127;245
"2020/2021";"Educació infantil: Parvulari";"1";"Segrià";96;2299;2296;1910;1820;90;421;1913;81;2019;2;985;1041;2026
"2020/2021";"Educació infantil: Parvulari";"1";"Selva";67;1631;1631;1463;1389;74;196;1463;45;2019;2;834;848;1682
"2020/2021";"Educació infantil: Parvulari";"1";"Solsonès";7;204;204;163;158;5;41;163;11;2019;2;76;73;149
"2020/2021";"Educació infantil: Parvulari";"1";"Tarragonès";111;2614;2612;2331;2225;106;309;2333;68;2019;2;1315;1304;2619
"2020/2021";"Educació infantil: Parvulari";"1";"Terra Alta";4;154;154;62;62;0;92;62;12;2019;2;39;50;89
"2020/2021";"Educació infantil: Parvulari";"1";"Urgell";17;415;415;315;314;1;100;315;23;2019;2;188;187;375
"2020/2021";"Educació infantil: Parvulari";"1";"Vallès Occidental";395;9568;9556;8642;8295;347;1084;8654;239;2019;2;4565;4963;9528
"2020/2021";"Educació infantil: Parvulari";"1";"Vallès Oriental";167;4123;4118;3747;3556;191;470;3752;119;2019;2;1961;2017;3978
"2020/2021";"Educació infantil: Parvulari";"2";"Alt Camp";18;555;131;12;11;1;120;436;27;2019;3;228;243;471
"2020/2021";"Educació infantil: Parvulari";"2";"Alt Empordà";59;1388;147;21;19;2;129;1262;68;2019;3;744;784;1528
"2020/2021";"Educació infantil: Parvulari";"2";"Alt Penedès";49;1153;113;23;20;3;93;1063;46;2019;3;572;576;1148
"2020/2021";"Educació infantil: Parvulari";"2";"Alt Urgell";6;175;17;9;6;3;11;167;12;2019;3;93;85;178
"2020/2021";"Educació infantil: Parvulari";"2";"Alta Ribagorça";1;35;3;0;0;0;3;32;3;2019;3;19;15;34
"2020/2021";"Educació infantil: Parvulari";"2";"Anoia";53;1416;261;30;24;6;232;1185;48;2019;3;584;607;1191
"2020/2021";"Educació infantil: Parvulari";"2";"Aran";3;94;6;0;0;0;6;88;7;2019;3;46;53;99
"2020/2021";"Educació infantil: Parvulari";"2";"Bages";79;1944;251;40;35;5;213;1733;60;2019;3;877;923;1800
"2020/2021";"Educació infantil: Parvulari";"2";"Baix Camp";84;2130;271;52;43;9;224;1911;61;2019;3;975;1074;2049
"2020/2021";"Educació infantil: Parvulari";"2";"Baix Ebre";31;878;195;18;12;6;177;701;32;2019;3;358;365;723
"2020/2021";"Educació infantil: Parvulari";"2";"Baix Empordà";58;1363;138;21;19;2;124;1246;44;2019;3;621;726;1347
"2020/2021";"Educació infantil: Parvulari";"2";"Baix Llobregat";321;7939;610;184;147;37;446;7513;209;2019;3;4032;4263;8295
"2020/2021";"Educació infantil: Parvulari";"2";"Baix Penedès";43;1078;148;28;25;3;120;958;28;2019;3;554;571;1125
"2020/2021";"Educació infantil: Parvulari";"2";"Barcelonès";796;19550;1380;582;427;155;878;18752;476;2019;3;9590;9981;19571
"2020/2021";"Educació infantil: Parvulari";"2";"Berguedà";15;389;48;8;6;2;40;349;22;2019;3;159;194;353
"2020/2021";"Educació infantil: Parvulari";"2";"Cerdanya";8;185;36;4;3;1;32;153;13;2019;3;92;96;188
"2020/2021";"Educació infantil: Parvulari";"2";"Conca de Barberà";8;256;92;1;1;0;91;165;14;2019;3;85;113;198
"2020/2021";"Educació infantil: Parvulari";"2";"Garraf";54;1350;139;39;33;6;102;1250;33;2019;3;720;699;1419
"2020/2021";"Educació infantil: Parvulari";"2";"Garrigues";5;176;30;3;3;0;27;149;16;2019;3;77;69;146
"2020/2021";"Educació infantil: Parvulari";"2";"Garrotxa";24;568;46;15;13;2;33;537;24;2019;3;287;292;579
"2020/2021";"Educació infantil: Parvulari";"2";"Gironès";94;2252;153;45;38;7;114;2144;62;2019;3;1023;1221;2244
"2020/2021";"Educació infantil: Parvulari";"2";"Maresme";181;4477;468;120;94;26;358;4129;120;2019;3;2128;2352;4480
"2020/2021";"Educació infantil: Parvulari";"2";"Moianès";4;133;33;1;1;0;32;101;9;2019;3;62;66;128
"2020/2021";"Educació infantil: Parvulari";"2";"Montsià";25;681;133;10;10;0;123;558;21;2019;3;318;312;630
"2020/2021";"Educació infantil: Parvulari";"2";"Noguera";12;334;27;5;4;1;23;312;33;2019;3;194;184;378
"2020/2021";"Educació infantil: Parvulari";"2";"Osona";74;1868;374;41;34;7;335;1535;63;2019;3;823;837;1660
"2020/2021";"Educació infantil: Parvulari";"2";"Pallars Jussà";4;111;28;1;1;0;27;84;7;2019;3;58;46;104
"2020/2021";"Educació infantil: Parvulari";"2";"Pallars Sobirà";2;48;3;2;2;0;1;47;7;2019;3;29;35;64
"2020/2021";"Educació infantil: Parvulari";"2";"Pla d'Urgell";16;422;93;5;4;1;88;334;19;2019;3;180;191;371
"2020/2021";"Educació infantil: Parvulari";"2";"Pla de l'Estany";15;317;2;3;2;1;0;318;12;2019;3;195;186;381
"2020/2021";"Educació infantil: Parvulari";"2";"Priorat";1;112;53;0;0;0;53;59;15;2019;3;32;31;63
"2020/2021";"Educació infantil: Parvulari";"2";"Ribera d'Ebre";10;327;144;5;4;1;139;188;16;2019;3;83;109;192
"2020/2021";"Educació infantil: Parvulari";"2";"Ripollès";7;210;45;1;1;0;44;166;14;2019;3;95;110;205
"2020/2021";"Educació infantil: Parvulari";"2";"Segarra";10;230;2;2;1;1;2;230;12;2019;3;121;127;248
"2020/2021";"Educació infantil: Parvulari";"2";"Segrià";92;2282;288;42;36;6;249;2036;81;2019;3;1014;1091;2105
"2020/2021";"Educació infantil: Parvulari";"2";"Selva";72;1739;211;34;28;6;177;1562;45;2019;3;830;844;1674
"2020/2021";"Educació infantil: Parvulari";"2";"Solsonès";5;170;26;2;2;0;25;146;11;2019;3;69;72;141
"2020/2021";"Educació infantil: Parvulari";"2";"Tarragonès";110;2688;252;86;65;21;177;2522;68;2019;3;1347;1429;2776
"2020/2021";"Educació infantil: Parvulari";"2";"Terra Alta";3;155;70;0;0;0;70;85;12;2019;3;44;47;91
"2020/2021";"Educació infantil: Parvulari";"2";"Urgell";16;430;72;6;5;1;68;364;23;2019;3;179;194;373
"2020/2021";"Educació infantil: Parvulari";"2";"Vallès Occidental";390;9583;649;220;171;49;456;9154;235;2019;3;4675;5066;9741
"2020/2021";"Educació infantil: Parvulari";"2";"Vallès Oriental";178;4367;612;119;101;18;499;3874;118;2019;3;1971;2112;4083
"2020/2021";"Educació infantil: Parvulari";"3";"Alt Camp";30;566;115;7;7;0;109;458;27;2019;4;222;201;423
"2020/2021";"Educació infantil: Parvulari";"3";"Alt Empordà";89;1586;136;17;16;1;126;1467;68;2019;4;697;739;1436
"2020/2021";"Educació infantil: Parvulari";"3";"Alt Penedès";60;1187;77;30;25;5;55;1140;46;2019;4;539;644;1183
"2020/2021";"Educació infantil: Parvulari";"3";"Alt Urgell";13;179;23;4;4;0;19;160;12;2019;4;97;85;182
"2020/2021";"Educació infantil: Parvulari";"3";"Alta Ribagorça";3;40;13;0;0;0;13;27;3;2019;4;13;20;33
"2020/2021";"Educació infantil: Parvulari";"3";"Anoia";62;1377;267;29;26;3;239;1139;48;2019;4;626;665;1291
"2020/2021";"Educació infantil: Parvulari";"3";"Aran";7;88;4;1;1;0;3;85;7;2019;4;43;59;102
"2020/2021";"Educació infantil: Parvulari";"3";"Bages";87;2057;322;26;24;2;296;1761;62;2019;4;920;944;1864
"2020/2021";"Educació infantil: Parvulari";"3";"Baix Camp";94;2203;258;40;32;8;220;1985;61;2019;4;999;1121;2120
"2020/2021";"Educació infantil: Parvulari";"3";"Baix Ebre";42;883;196;23;20;3;173;710;32;2019;4;395;330;725
"2020/2021";"Educació infantil: Parvulari";"3";"Baix Empordà";65;1356;124;34;28;6;99;1266;44;2019;4;638;651;1289
"2020/2021";"Educació infantil: Parvulari";"3";"Baix Llobregat";327;8109;549;180;133;47;395;7740;209;2019;4;4161;4434;8595
"2020/2021";"Educació infantil: Parvulari";"3";"Baix Penedès";48;1162;107;37;32;5;70;1092;28;2019;4;508;612;1120
"2020/2021";"Educació infantil: Parvulari";"3";"Barcelonès";805;19834;1010;511;377;134;573;19335;478;2019;4;9329;10015;19344
"2020/2021";"Educació infantil: Parvulari";"3";"Berguedà";22;421;93;9;8;1;84;337;23;2019;4;169;177;346
"2020/2021";"Educació infantil: Parvulari";"3";"Cerdanya";13;189;39;7;7;0;32;157;13;2019;4;88;106;194
"2020/2021";"Educació infantil: Parvulari";"3";"Conca de Barberà";14;240;53;6;6;0;47;193;13;2019;4;91;98;189
"2020/2021";"Educació infantil: Parvulari";"3";"Garraf";55;1375;136;40;32;8;102;1279;33;2019;4;744;760;1504
"2020/2021";"Educació infantil: Parvulari";"3";"Garrigues";15;152;9;2;2;0;7;145;16;2019;4;89;71;160
"2020/2021";"Educació infantil: Parvulari";"3";"Garrotxa";31;578;23;5;5;0;18;560;24;2019;4;272;299;571
"2020/2021";"Educació infantil: Parvulari";"3";"Gironès";100;2331;168;51;42;9;122;2214;62;2019;4;1092;1226;2318
"2020/2021";"Educació infantil: Parvulari";"3";"Maresme";185;4556;445;113;93;20;338;4224;121;2019;4;2248;2469;4717
"2020/2021";"Educació infantil: Parvulari";"3";"Moianès";11;167;54;3;3;0;51;116;10;2019;4;51;55;106
"2020/2021";"Educació infantil: Parvulari";"3";"Montsià";34;760;143;10;9;1;133;627;21;2019;4;294;319;613
"2020/2021";"Educació infantil: Parvulari";"3";"Noguera";32;394;35;5;4;1;32;364;33;2019;4;179;200;379
"2020/2021";"Educació infantil: Parvulari";"3";"Osona";87;1897;330;20;18;2;313;1587;64;2019;4;848;936;1784
"2020/2021";"Educació infantil: Parvulari";"3";"Pallars Jussà";9;135;24;1;1;0;23;112;7;2019;4;50;61;111
"2020/2021";"Educació infantil: Parvulari";"3";"Pallars Sobirà";6;61;1;1;1;0;0;61;7;2019;4;22;26;48
"2020/2021";"Educació infantil: Parvulari";"3";"Pla d'Urgell";23;458;94;7;7;0;89;371;19;2019;4;217;213;430
"2020/2021";"Educació infantil: Parvulari";"3";"Pla de l'Estany";18;333;0;0;0;0;0;333;12;2019;4;175;196;371
"2020/2021";"Educació infantil: Parvulari";"3";"Priorat";10;143;83;0;0;0;83;60;15;2019;4;43;32;75
"2020/2021";"Educació infantil: Parvulari";"3";"Ribera d'Ebre";18;331;149;0;0;0;149;182;16;2019;4;80;97;177
"2020/2021";"Educació infantil: Parvulari";"3";"Ripollès";13;220;24;2;2;0;22;198;14;2019;4;95;95;190
"2020/2021";"Educació infantil: Parvulari";"3";"Segarra";15;285;51;2;2;0;49;236;12;2019;4;121;120;241
"2020/2021";"Educació infantil: Parvulari";"3";"Segrià";112;2315;236;34;25;9;208;2113;81;2019;4;981;1096;2077
"2020/2021";"Educació infantil: Parvulari";"3";"Selva";69;1664;169;29;22;7;144;1524;45;2019;4;838;862;1700
"2020/2021";"Educació infantil: Parvulari";"3";"Solsonès";11;178;38;0;0;0;38;140;11;2019;4;53;69;122
"2020/2021";"Educació infantil: Parvulari";"3";"Tarragonès";120;2929;335;57;49;8;280;2651;67;2019;4;1352;1459;2811
"2020/2021";"Educació infantil: Parvulari";"3";"Terra Alta";11;159;72;3;3;0;69;90;12;2019;4;41;35;76
"2020/2021";"Educació infantil: Parvulari";"3";"Urgell";23;419;82;8;6;2;74;345;23;2019;4;201;213;414
"2020/2021";"Educació infantil: Parvulari";"3";"Vallès Occidental";398;9783;615;186;156;30;452;9354;238;2019;4;4785;5274;10059
"2020/2021";"Educació infantil: Parvulari";"3";"Vallès Oriental";182;4389;516;88;70;18;442;3961;118;2019;4;2006;2138;4144
"2020/2021";"Educació primària";"1";"Alt Camp";18;554;136;6;6;0;130;424;27;2019;5;250;211;461
"2020/2021";"Educació primària";"1";"Alt Empordà";61;1471;111;25;21;4;86;1385;68;2019;5;705;765;1470
"2020/2021";"Educació primària";"1";"Alt Penedès";52;1244;91;27;22;5;64;1180;46;2019;5;576;611;1187
"2020/2021";"Educació primària";"1";"Alt Urgell";6;187;17;7;7;0;10;177;12;2019;5;81;91;172
"2020/2021";"Educació primària";"1";"Alta Ribagorça";1;37;6;0;0;0;6;31;3;2019;5;18;24;42
"2020/2021";"Educació primària";"1";"Anoia";58;1501;287;43;33;10;247;1257;48;2019;5;651;680;1331
"2020/2021";"Educació primària";"1";"Aran";4;102;1;0;0;0;1;101;7;2019;5;46;42;88
"2020/2021";"Educació primària";"1";"Bages";82;2053;246;27;24;3;220;1834;62;2019;5;886;965;1851
"2020/2021";"Educació primària";"1";"Baix Camp";86;2195;174;34;29;5;149;2055;61;2019;5;996;1044;2040
"2020/2021";"Educació primària";"1";"Baix Ebre";31;870;169;18;16;2;151;719;32;2019;5;362;386;748
"2020/2021";"Educació primària";"1";"Baix Empordà";58;1411;190;24;21;3;178;1245;44;2019;5;644;700;1344
"2020/2021";"Educació primària";"1";"Baix Llobregat";332;8237;404;154;124;30;265;7987;210;2019;5;4126;4269;8395
"2020/2021";"Educació primària";"1";"Baix Penedès";46;1161;154;41;36;5;114;1048;28;2019;5;513;575;1088
"2020/2021";"Educació primària";"1";"Barcelonès";809;19962;1482;1037;850;187;548;19517;479;2019;5;9428;9901;19329
"2020/2021";"Educació primària";"1";"Berguedà";13;398;88;7;7;0;81;317;22;2019;5;163;161;324
"2020/2021";"Educació primària";"1";"Cerdanya";6;183;28;5;5;0;23;160;13;2019;5;74;78;152
"2020/2021";"Educació primària";"1";"Conca de Barberà";8;258;71;7;7;0;64;194;14;2019;5;81;106;187
"2020/2021";"Educació primària";"1";"Garraf";55;1378;84;41;30;11;53;1335;33;2019;5;739;740;1479
"2020/2021";"Educació primària";"1";"Garrigues";6;179;32;3;3;0;29;150;16;2019;5;72;70;142
"2020/2021";"Educació primària";"1";"Garrotxa";26;576;55;21;18;3;34;542;23;2019;5;299;293;592
"2020/2021";"Educació primària";"1";"Gironès";100;2446;238;123;110;13;130;2331;62;2019;5;1123;1132;2255
"2020/2021";"Educació primària";"1";"Maresme";188;4696;364;111;88;23;262;4443;122;2019;5;2216;2383;4599
"2020/2021";"Educació primària";"1";"Moianès";4;154;51;2;2;0;49;105;10;2019;5;78;67;145
"2020/2021";"Educació primària";"1";"Montsià";27;724;131;16;16;0;115;609;21;2019;5;273;315;588
"2020/2021";"Educació primària";"1";"Noguera";16;409;47;2;1;1;45;364;33;2019;5;191;180;371
"2020/2021";"Educació primària";"1";"Osona";78;1985;308;41;35;6;269;1718;63;2019;5;801;907;1708
"2020/2021";"Educació primària";"1";"Pallars Jussà";5;138;31;0;0;0;31;107;7;2019;5;50;62;112
"2020/2021";"Educació primària";"1";"Pallars Sobirà";2;43;1;1;1;0;0;43;7;2019;5;31;34;65
"2020/2021";"Educació primària";"1";"Pla d'Urgell";18;486;69;0;0;0;69;417;19;2019;5;201;185;386
"2020/2021";"Educació primària";"1";"Pla de l'Estany";18;388;42;25;25;0;17;371;13;2019;5;176;196;372
"2020/2021";"Educació primària";"1";"Priorat";2;113;38;0;0;0;38;75;15;2019;5;38;38;76
"2020/2021";"Educació primària";"1";"Ribera d'Ebre";8;284;114;3;3;0;111;173;16;2019;5;96;109;205
"2020/2021";"Educació primària";"1";"Ripollès";8;221;51;3;3;0;48;173;14;2019;5;115;119;234
"2020/2021";"Educació primària";"1";"Segarra";12;276;54;4;3;1;50;226;12;2019;5;141;136;277
"2020/2021";"Educació primària";"1";"Segrià";93;2330;224;39;33;6;185;2145;81;2019;5;984;1098;2082
"2020/2021";"Educació primària";"1";"Selva";71;1724;185;51;47;4;134;1590;45;2019;5;778;905;1683
"2020/2021";"Educació primària";"1";"Solsonès";5;154;29;2;2;0;27;127;11;2019;5;63;69;132
"2020/2021";"Educació primària";"1";"Tarragonès";117;2928;278;68;57;11;211;2718;67;2019;5;1262;1408;2670
"2020/2021";"Educació primària";"1";"Terra Alta";3;149;75;0;0;0;75;74;12;2019;5;48;41;89
"2020/2021";"Educació primària";"1";"Urgell";18;463;63;2;1;1;61;402;23;2019;5;182;190;372
"2020/2021";"Educació primària";"1";"Vallès Occidental";396;9771;455;290;246;44;204;9606;238;2019;5;4872;5171;10043
"2020/2021";"Educació primària";"1";"Vallès Oriental";179;4439;489;100;85;15;395;4050;119;2019;5;2043;2179;4222
"2020/2021";"Educació primària";"2";"Alt Camp";22;543;100;1;1;0;99;444;27;2019;6;224;242;466
"2020/2021";"Educació primària";"2";"Alt Empordà";67;1505;110;22;19;3;93;1417;68;2019;6;800;793;1593
"2020/2021";"Educació primària";"2";"Alt Penedès";62;1261;110;15;12;3;95;1166;46;2019;6;643;681;1324
"2020/2021";"Educació primària";"2";"Alt Urgell";10;202;36;4;3;1;32;170;12;2019;6;92;92;184
"2020/2021";"Educació primària";"2";"Alta Ribagorça";2;32;0;1;1;0;0;33;3;2019;6;16;13;29
"2020/2021";"Educació primària";"2";"Anoia";64;1528;252;30;27;3;222;1306;48;2019;6;636;665;1301
"2020/2021";"Educació primària";"2";"Aran";4;77;4;1;1;0;3;74;7;2019;6;50;43;93
"2020/2021";"Educació primària";"2";"Bages";83;2016;224;21;19;2;203;1813;62;2019;6;952;1037;1989
"2020/2021";"Educació primària";"2";"Baix Camp";94;2312;296;38;35;3;263;2054;61;2019;6;1107;1127;2234
"2020/2021";"Educació primària";"2";"Baix Ebre";34;867;153;6;5;1;147;720;32;2019;6;350;413;763
"2020/2021";"Educació primària";"2";"Baix Empordà";61;1416;136;18;17;1;120;1298;44;2019;6;652;731;1383
"2020/2021";"Educació primària";"2";"Baix Llobregat";324;8041;372;103;79;24;287;7772;209;2019;6;4376;4696;9072
"2020/2021";"Educació primària";"2";"Baix Penedès";45;1138;120;33;28;5;87;1051;28;2019;6;576;632;1208
"2020/2021";"Educació primària";"2";"Barcelonès";801;19735;927;477;341;136;525;19285;475;2019;6;9793;10321;20114
"2020/2021";"Educació primària";"2";"Berguedà";18;385;85;1;1;0;84;301;22;2019;6;168;194;362
"2020/2021";"Educació primària";"2";"Cerdanya";8;173;44;1;1;0;43;130;13;2019;6;76;93;169
"2020/2021";"Educació primària";"2";"Conca de Barberà";10;256;81;6;6;0;76;181;14;2019;6;91;102;193
"2020/2021";"Educació primària";"2";"Garraf";53;1325;64;36;27;9;32;1297;33;2019;6;765;845;1610
"2020/2021";"Educació primària";"2";"Garrigues";8;176;36;2;2;0;34;142;16;2019;6;87;97;184
"2020/2021";"Educació primària";"2";"Garrotxa";29;589;33;5;3;2;29;561;23;2019;6;295;302;597
"2020/2021";"Educació primària";"2";"Gironès";102;2398;221;50;39;11;175;2227;62;2019;6;1099;1256;2355
"2020/2021";"Educació primària";"2";"Maresme";186;4604;298;105;81;24;200;4411;119;2019;6;2353;2532;4885
"2020/2021";"Educació primària";"2";"Moianès";7;157;28;1;1;0;27;130;10;2019;6;66;102;168
"2020/2021";"Educació primària";"2";"Montsià";29;722;146;8;8;0;138;584;21;2019;6;327;344;671
"2020/2021";"Educació primària";"2";"Noguera";17;418;54;2;2;0;52;366;33;2019;6;181;226;407
"2020/2021";"Educació primària";"2";"Osona";79;1919;305;17;13;4;290;1631;65;2019;6;906;974;1880
"2020/2021";"Educació primària";"2";"Pallars Jussà";4;115;6;2;2;0;4;111;7;2019;6;52;64;116
"2020/2021";"Educació primària";"2";"Pallars Sobirà";3;69;2;1;1;0;1;68;7;2019;6;28;34;62
"2020/2021";"Educació primària";"2";"Pla d'Urgell";23;481;95;4;3;1;91;390;19;2019;6;211;224;435
"2020/2021";"Educació primària";"2";"Pla de l'Estany";17;375;12;3;3;0;9;366;13;2019;6;183;214;397
"2020/2021";"Educació primària";"2";"Priorat";3;112;45;1;1;0;44;68;15;2019;6;38;29;67
"2020/2021";"Educació primària";"2";"Ribera d'Ebre";11;294;86;2;2;0;84;210;16;2019;6;105;100;205
"2020/2021";"Educació primària";"2";"Ripollès";11;275;49;1;1;0;48;227;14;2019;6;111;125;236
"2020/2021";"Educació primària";"2";"Segarra";12;283;21;2;2;0;19;264;12;2019;6;121;136;257
"2020/2021";"Educació primària";"2";"Segrià";99;2347;228;24;21;3;205;2143;81;2019;6;1114;1112;2226
"2020/2021";"Educació primària";"2";"Selva";71;1751;209;22;21;1;188;1564;45;2019;6;887;896;1783
"2020/2021";"Educació primària";"2";"Solsonès";6;155;29;2;1;1;27;128;11;2019;6;59;60;119
"2020/2021";"Educació primària";"2";"Tarragonès";116;2749;219;38;34;4;185;2568;67;2019;6;1396;1469;2865
"2020/2021";"Educació primària";"2";"Terra Alta";5;147;56;1;1;0;55;92;12;2019;6;40;56;96
"2020/2021";"Educació primària";"2";"Urgell";19;453;78;4;3;1;75;379;23;2019;6;216;195;411
"2020/2021";"Educació primària";"2";"Vallès Occidental";397;9787;345;159;121;38;211;9601;239;2019;6;5289;5513;10802
"2020/2021";"Educació primària";"2";"Vallès Oriental";180;4398;369;104;85;19;272;4133;119;2019;6;2152;2403;4555
"2020/2021";"Educació primària";"3";"Alt Camp";24;549;100;10;10;0;93;459;27;2019;7;276;248;524
"2020/2021";"Educació primària";"3";"Alt Empordà";79;1607;98;33;26;7;72;1542;68;2019;7;790;826;1616
"2020/2021";"Educació primària";"3";"Alt Penedès";59;1304;80;22;16;6;64;1246;46;2019;7;679;682;1361
"2020/2021";"Educació primària";"3";"Alt Urgell";8;222;40;2;2;0;38;184;12;2019;7;99;96;195
"2020/2021";"Educació primària";"3";"Alta Ribagorça";2;36;6;0;0;0;6;30;3;2019;7;19;24;43
"2020/2021";"Educació primària";"3";"Anoia";61;1491;258;36;28;8;224;1269;48;2019;7;707;763;1470
"2020/2021";"Educació primària";"3";"Aran";6;89;2;2;2;0;0;89;7;2019;7;40;41;81
"2020/2021";"Educació primària";"3";"Bages";85;2097;191;38;36;2;156;1944;62;2019;7;922;1043;1965
"2020/2021";"Educació primària";"3";"Baix Camp";95;2329;160;27;23;4;139;2196;62;2019;7;1077;1215;2292
"2020/2021";"Educació primària";"3";"Baix Ebre";37;876;150;11;7;4;139;737;32;2019;7;357;446;803
"2020/2021";"Educació primària";"3";"Baix Empordà";62;1438;115;19;17;2;99;1342;44;2019;7;676;798;1474
"2020/2021";"Educació primària";"3";"Baix Llobregat";341;8511;337;117;94;23;233;8291;210;2019;7;4566;4805;9371
"2020/2021";"Educació primària";"3";"Baix Penedès";53;1306;132;25;22;3;108;1199;28;2019;7;620;683;1303
"2020/2021";"Educació primària";"3";"Barcelonès";808;20139;664;465;321;144;296;19940;474;2019;7;9842;10391;20233
"2020/2021";"Educació primària";"3";"Berguedà";17;423;94;8;8;0;86;337;22;2019;7;196;207;403
"2020/2021";"Educació primària";"3";"Cerdanya";9;177;42;5;5;0;37;140;13;2019;7;96;106;202
"2020/2021";"Educació primària";"3";"Conca de Barberà";11;261;79;3;3;0;76;185;13;2019;7;92;102;194
"2020/2021";"Educació primària";"3";"Garraf";58;1446;76;20;16;4;58;1390;33;2019;7;819;838;1657
"2020/2021";"Educació primària";"3";"Garrigues";9;185;8;1;1;0;7;178;16;2019;7;88;86;174
"2020/2021";"Educació primària";"3";"Garrotxa";32;603;19;0;0;0;19;584;23;2019;7;334;332;666
"2020/2021";"Educació primària";"3";"Gironès";103;2500;201;35;28;7;173;2334;62;2019;7;1154;1223;2377
"2020/2021";"Educació primària";"3";"Maresme";198;4899;368;108;90;18;266;4639;121;2019;7;2443;2634;5077
"2020/2021";"Educació primària";"3";"Moianès";9;175;25;2;1;1;23;152;10;2019;7;87;73;160
"2020/2021";"Educació primària";"3";"Montsià";31;800;129;9;7;2;121;680;21;2019;7;365;344;709
"2020/2021";"Educació primària";"3";"Noguera";20;399;24;7;5;2;21;382;33;2019;7;207;199;406
"2020/2021";"Educació primària";"3";"Osona";82;2030;254;31;26;5;225;1807;65;2019;7;951;1009;1960
"2020/2021";"Educació primària";"3";"Pallars Jussà";7;147;29;0;0;0;29;118;7;2019;7;58;66;124
"2020/2021";"Educació primària";"3";"Pallars Sobirà";4;56;1;1;1;0;0;56;7;2019;7;41;27;68
"2020/2021";"Educació primària";"3";"Pla d'Urgell";20;503;87;2;2;0;85;418;19;2019;7;199;237;436
"2020/2021";"Educació primària";"3";"Pla de l'Estany";17;401;20;3;3;0;17;384;13;2019;7;184;185;369
"2020/2021";"Educació primària";"3";"Priorat";4;126;59;4;4;0;55;71;15;2019;7;37;52;89
"2020/2021";"Educació primària";"3";"Ribera d'Ebre";13;300;101;2;2;0;99;201;16;2019;7;84;116;200
"2020/2021";"Educació primària";"3";"Ripollès";10;273;48;2;2;0;46;227;14;2019;7;126;122;248
"2020/2021";"Educació primària";"3";"Segarra";12;283;32;1;1;0;31;252;12;2019;7;129;124;253
"2020/2021";"Educació primària";"3";"Segrià";101;2458;262;24;19;5;240;2220;81;2019;7;1114;1197;2311
"2020/2021";"Educació primària";"3";"Selva";76;1875;208;27;24;3;185;1694;45;2019;7;917;973;1890
"2020/2021";"Educació primària";"3";"Solsonès";5;158;31;1;1;0;30;128;11;2019;7;74;77;151
"2020/2021";"Educació primària";"3";"Tarragonès";119;3010;290;37;34;3;254;2757;67;2019;7;1409;1477;2886
"2020/2021";"Educació primària";"3";"Terra Alta";8;178;85;2;2;0;83;95;12;2019;7;37;53;90
"2020/2021";"Educació primària";"3";"Urgell";21;477;71;7;6;1;65;413;23;2019;7;188;205;393
"2020/2021";"Educació primària";"3";"Vallès Occidental";410;10192;278;160;121;39;148;10074;238;2019;7;5498;5704;11202
"2020/2021";"Educació primària";"3";"Vallès Oriental";190;4699;370;85;69;16;295;4414;119;2019;7;2342;2530;4872
"2020/2021";"Educació primària";"4";"Alt Camp";22;599;99;7;5;2;92;507;27;2019;8;246;283;529
"2020/2021";"Educació primària";"4";"Alt Empordà";69;1624;115;14;12;2;103;1523;68;2019;8;796;825;1621
"2020/2021";"Educació primària";"4";"Alt Penedès";62;1333;67;19;14;5;49;1285;46;2019;8;711;760;1471
"2020/2021";"Educació primària";"4";"Alt Urgell";10;192;10;1;1;0;9;183;13;2019;8;107;98;205
"2020/2021";"Educació primària";"4";"Alta Ribagorça";3;63;13;0;0;0;13;50;3;2019;8;15;27;42
"2020/2021";"Educació primària";"4";"Anoia";65;1576;179;43;33;10;141;1440;48;2019;8;737;816;1553
"2020/2021";"Educació primària";"4";"Aran";3;72;1;0;0;0;1;71;7;2019;8;50;53;103
"2020/2021";"Educació primària";"4";"Bages";84;2081;199;26;21;5;173;1908;62;2019;8;1023;1088;2111
"2020/2021";"Educació primària";"4";"Baix Camp";98;2426;226;42;33;9;191;2242;62;2019;8;1142;1219;2361
"2020/2021";"Educació primària";"4";"Baix Ebre";34;880;120;12;7;5;108;772;32;2019;8;383;429;812
"2020/2021";"Educació primària";"4";"Baix Empordà";63;1487;72;24;20;4;57;1439;44;2019;8;805;841;1646
"2020/2021";"Educació primària";"4";"Baix Llobregat";347;8663;279;109;77;32;194;8493;210;2019;8;4758;5087;9845
"2020/2021";"Educació primària";"4";"Baix Penedès";52;1303;129;20;15;5;111;1194;28;2019;8;639;652;1291
"2020/2021";"Educació primària";"4";"Barcelonès";799;19868;577;456;322;134;229;19747;473;2019;8;9803;10521;20324
"2020/2021";"Educació primària";"4";"Berguedà";19;443;60;6;6;0;54;389;23;2019;8;175;201;376
"2020/2021";"Educació primària";"4";"Cerdanya";7;174;22;6;5;1;16;158;13;2019;8;89;99;188
"2020/2021";"Educació primària";"4";"Conca de Barberà";9;231;46;3;2;1;43;188;13;2019;8;98;88;186
"2020/2021";"Educació primària";"4";"Garraf";62;1526;60;18;15;3;43;1484;33;2019;8;812;918;1730
"2020/2021";"Educació primària";"4";"Garrigues";8;187;12;0;0;0;12;175;16;2019;8;85;101;186
"2020/2021";"Educació primària";"4";"Garrotxa";29;639;16;5;5;0;11;628;23;2019;8;327;311;638
"2020/2021";"Educació primària";"4";"Gironès";102;2450;147;24;20;4;123;2327;62;2019;8;1198;1338;2536
"2020/2021";"Educació primària";"4";"Maresme";197;4906;255;85;68;17;177;4736;120;2019;8;2614;2733;5347
"2020/2021";"Educació primària";"4";"Moianès";8;183;42;3;2;1;40;144;10;2019;8;77;83;160
"2020/2021";"Educació primària";"4";"Montsià";31;772;95;5;5;0;90;682;21;2019;8;317;381;698
"2020/2021";"Educació primària";"4";"Noguera";18;439;48;6;4;2;47;397;33;2019;8;214;229;443
"2020/2021";"Educació primària";"4";"Osona";83;2052;203;22;22;0;182;1871;64;2019;8;999;962;1961
"2020/2021";"Educació primària";"4";"Pallars Jussà";6;143;25;1;1;0;24;119;7;2019;8;49;62;111
"2020/2021";"Educació primària";"4";"Pallars Sobirà";4;66;1;1;1;0;0;66;7;2019;8;30;32;62
"2020/2021";"Educació primària";"4";"Pla d'Urgell";22;489;79;4;4;0;75;414;19;2019;8;233;209;442
"2020/2021";"Educació primària";"4";"Pla de l'Estany";19;372;15;4;4;0;11;361;13;2019;8;204;254;458
"2020/2021";"Educació primària";"4";"Priorat";3;125;42;2;2;0;40;85;15;2019;8;43;43;86
"2020/2021";"Educació primària";"4";"Ribera d'Ebre";12;282;86;2;2;0;84;198;16;2019;8;105;96;201
"2020/2021";"Educació primària";"4";"Ripollès";12;294;53;1;1;0;52;242;14;2019;8;129;117;246
"2020/2021";"Educació primària";"4";"Segarra";12;272;41;4;3;1;38;235;12;2019;8;125;155;280
"2020/2021";"Educació primària";"4";"Segrià";110;2606;298;37;31;6;264;2345;81;2019;8;1138;1254;2392
"2020/2021";"Educació primària";"4";"Selva";77;1910;197;22;19;3;176;1735;45;2019;8;977;953;1930
"2020/2021";"Educació primària";"4";"Solsonès";6;159;17;1;1;0;16;143;11;2019;8;73;65;138
"2020/2021";"Educació primària";"4";"Tarragonès";120;2976;276;48;41;7;231;2748;67;2019;8;1526;1639;3165
"2020/2021";"Educació primària";"4";"Terra Alta";6;148;53;0;0;0;53;95;12;2019;8;64;51;115
"2020/2021";"Educació primària";"4";"Urgell";18;454;53;4;4;0;49;405;23;2019;8;215;216;431
"2020/2021";"Educació primària";"4";"Vallès Occidental";426;10580;315;120;92;28;228;10385;238;2019;8;5348;5909;11257
"2020/2021";"Educació primària";"4";"Vallès Oriental";201;4941;333;68;54;14;274;4676;119;2019;8;2408;2519;4927
"2020/2021";"Educació primària";"5";"Alt Camp";19;576;101;9;8;1;93;484;27;2019;9;228;270;498
"2020/2021";"Educació primària";"5";"Alt Empordà";67;1659;104;15;14;1;96;1570;68;2019;9;804;887;1691
"2020/2021";"Educació primària";"5";"Alt Penedès";63;1470;94;15;14;1;81;1391;46;2019;9;682;664;1346
"2020/2021";"Educació primària";"5";"Alt Urgell";8;194;18;5;4;1;13;181;13;2019;9;86;100;186
"2020/2021";"Educació primària";"5";"Alta Ribagorça";1;37;6;0;0;0;6;31;3;2019;9;15;13;28
"2020/2021";"Educació primària";"5";"Anoia";63;1616;143;29;26;3;115;1502;48;2019;9;731;784;1515
"2020/2021";"Educació primària";"5";"Aran";4;96;0;0;0;0;0;96;7;2019;9;50;56;106
"2020/2021";"Educació primària";"5";"Bages";84;2135;171;33;29;4;139;1997;61;2019;9;1000;1080;2080
"2020/2021";"Educació primària";"5";"Baix Camp";96;2456;212;18;16;2;199;2262;62;2019;9;1180;1292;2472
"2020/2021";"Educació primària";"5";"Baix Ebre";34;919;130;12;11;1;118;801;32;2019;9;418;446;864
"2020/2021";"Educació primària";"5";"Baix Empordà";63;1542;61;13;11;2;51;1494;44;2019;9;703;822;1525
"2020/2021";"Educació primària";"5";"Baix Llobregat";363;9082;251;87;61;26;188;8918;210;2019;9;4797;5186;9983
"2020/2021";"Educació primària";"5";"Baix Penedès";54;1370;147;23;20;3;125;1246;28;2019;9;646;632;1278
"2020/2021";"Educació primària";"5";"Barcelonès";800;19932;420;400;270;130;132;19912;472;2019;9;9822;10664;20486
"2020/2021";"Educació primària";"5";"Berguedà";17;449;82;5;4;1;77;372;23;2019;9;195;193;388
"2020/2021";"Educació primària";"5";"Cerdanya";7;183;23;2;2;0;21;162;13;2019;9;101;93;194
"2020/2021";"Educació primària";"5";"Conca de Barberà";9;283;95;5;5;0;91;193;14;2019;9;109;92;201
"2020/2021";"Educació primària";"5";"Garraf";61;1520;70;30;20;10;44;1480;33;2019;9;794;911;1705
"2020/2021";"Educació primària";"5";"Garrigues";7;180;17;1;1;0;16;164;16;2019;9;85;104;189
"2020/2021";"Educació primària";"5";"Garrotxa";28;613;10;4;4;0;6;607;23;2019;9;287;325;612
"2020/2021";"Educació primària";"5";"Gironès";102;2500;113;37;28;9;86;2424;61;2019;9;1185;1311;2496
"2020/2021";"Educació primària";"5";"Maresme";206;5152;233;69;58;11;176;4988;121;2019;9;2619;2737;5356
"2020/2021";"Educació primària";"5";"Moianès";6;180;32;2;2;0;30;150;10;2019;9;75;79;154
"2020/2021";"Educació primària";"5";"Montsià";31;824;137;20;18;2;117;707;21;2019;9;362;379;741
"2020/2021";"Educació primària";"5";"Noguera";16;424;29;6;5;1;26;401;33;2019;9;203;245;448
"2020/2021";"Educació primària";"5";"Osona";81;2130;240;20;15;5;221;1910;65;2019;9;903;1059;1962
"2020/2021";"Educació primària";"5";"Pallars Jussà";5;140;22;0;0;0;22;118;7;2019;9;60;57;117
"2020/2021";"Educació primària";"5";"Pallars Sobirà";3;63;3;2;2;0;1;62;7;2019;9;29;49;78
"2020/2021";"Educació primària";"5";"Pla d'Urgell";19;496;75;3;2;1;72;424;19;2019;9;222;238;460
"2020/2021";"Educació primària";"5";"Pla de l'Estany";18;451;8;2;2;0;6;445;13;2019;9;212;229;441
"2020/2021";"Educació primària";"5";"Priorat";3;125;42;1;1;0;41;84;15;2019;9;35;41;76
"2020/2021";"Educació primària";"5";"Ribera d'Ebre";8;304;99;3;3;0;96;208;16;2019;9;85;111;196
"2020/2021";"Educació primària";"5";"Ripollès";11;299;74;0;0;0;74;225;14;2019;9;117;135;252
"2020/2021";"Educació primària";"5";"Segarra";11;297;43;1;1;0;42;255;12;2019;9;146;147;293
"2020/2021";"Educació primària";"5";"Segrià";104;2637;259;23;20;3;238;2401;81;2019;9;1189;1240;2429
"2020/2021";"Educació primària";"5";"Selva";76;1876;134;21;17;4;117;1763;45;2019;9;965;1026;1991
"2020/2021";"Educació primària";"5";"Solsonès";6;166;35;2;2;0;33;133;11;2019;9;63;66;129
"2020/2021";"Educació primària";"5";"Tarragonès";125;3153;229;40;33;7;193;2964;67;2019;9;1498;1599;3097
"2020/2021";"Educació primària";"5";"Terra Alta";4;181;72;0;0;0;72;109;12;2019;9;54;57;111
"2020/2021";"Educació primària";"5";"Urgell";19;463;38;2;1;1;36;427;23;2019;9;191;247;438
"2020/2021";"Educació primària";"5";"Vallès Occidental";420;10491;267;148;117;31;147;10372;239;2019;9;5610;6066;11676
"2020/2021";"Educació primària";"5";"Vallès Oriental";194;4867;257;69;47;22;197;4679;119;2019;9;2442;2673;5115
"2020/2021";"Educació primària";"6";"Alt Camp";31;557;82;2;2;0;81;477;27;2019;10;275;276;551
"2020/2021";"Educació primària";"6";"Alt Empordà";93;1726;139;10;9;1;130;1597;68;2019;10;849;884;1733
"2020/2021";"Educació primària";"6";"Alt Penedès";66;1333;89;7;6;1;82;1251;46;2019;10;724;732;1456
"2020/2021";"Educació primària";"6";"Alt Urgell";16;214;31;4;3;1;27;187;13;2019;10;117;111;228
"2020/2021";"Educació primària";"6";"Alta Ribagorça";3;38;13;1;1;0;12;26;3;2019;10;22;26;48
"2020/2021";"Educació primària";"6";"Anoia";72;1628;198;23;19;4;175;1453;48;2019;10;776;882;1658
"2020/2021";"Educació primària";"6";"Aran";9;92;1;0;0;0;1;91;7;2019;10;47;49;96
"2020/2021";"Educació primària";"6";"Bages";93;2219;245;17;15;2;229;1991;61;2019;10;1012;1081;2093
"2020/2021";"Educació primària";"6";"Baix Camp";107;2540;218;31;23;8;190;2353;62;2019;10;1217;1316;2533
"2020/2021";"Educació primària";"6";"Baix Ebre";45;963;155;7;6;1;148;815;32;2019;10;396;447;843
"2020/2021";"Educació primària";"6";"Baix Empordà";68;1500;53;15;11;4;42;1462;44;2019;10;827;836;1663
"2020/2021";"Educació primària";"6";"Baix Llobregat";366;9149;287;88;67;21;218;8950;210;2019;10;5095;5193;10288
"2020/2021";"Educació primària";"6";"Baix Penedès";57;1393;168;28;21;7;140;1253;28;2019;10;693;645;1338
"2020/2021";"Educació primària";"6";"Barcelonès";804;20009;356;320;207;113;128;19973;472;2019;10;10354;11110;21464
"2020/2021";"Educació primària";"6";"Berguedà";25;414;59;3;2;1;56;358;22;2019;10;186;209;395
"2020/2021";"Educació primària";"6";"Cerdanya";14;179;22;1;1;0;21;158;13;2019;10;103;105;208
"2020/2021";"Educació primària";"6";"Conca de Barberà";16;286;81;1;1;0;81;206;14;2019;10;112;111;223
"2020/2021";"Educació primària";"6";"Garraf";61;1525;37;4;4;0;33;1492;33;2019;10;896;988;1884
"2020/2021";"Educació primària";"6";"Garrigues";18;195;14;1;1;0;13;182;16;2019;10;83;94;177
"2020/2021";"Educació primària";"6";"Garrotxa";31;620;30;6;5;1;24;596;23;2019;10;308;337;645
"2020/2021";"Educació primària";"6";"Gironès";107;2617;233;23;17;6;213;2407;61;2019;10;1255;1336;2591
"2020/2021";"Educació primària";"6";"Maresme";208;5141;228;60;50;10;176;4973;121;2019;10;2699;2889;5588
"2020/2021";"Educació primària";"6";"Moianès";12;201;64;0;0;0;64;137;10;2019;10;77;96;173
"2020/2021";"Educació primària";"6";"Montsià";37;799;75;5;4;1;70;729;21;2019;10;378;390;768
"2020/2021";"Educació primària";"6";"Noguera";39;501;60;3;2;1;59;444;33;2019;10;231;241;472
"2020/2021";"Educació primària";"6";"Osona";96;2090;252;27;23;4;228;1865;64;2019;10;957;1077;2034
"2020/2021";"Educació primària";"6";"Pallars Jussà";8;116;2;1;1;0;1;115;7;2019;10;68;70;138
"2020/2021";"Educació primària";"6";"Pallars Sobirà";8;73;0;0;0;0;0;73;7;2019;10;30;34;64
"2020/2021";"Educació primària";"6";"Pla d'Urgell";24;496;84;2;2;0;82;414;19;2019;10;228;247;475
"2020/2021";"Educació primària";"6";"Pla de l'Estany";20;421;1;1;1;0;0;421;13;2019;10;206;209;415
"2020/2021";"Educació primària";"6";"Priorat";16;120;51;0;0;0;51;69;15;2019;10;41;50;91
"2020/2021";"Educació primària";"6";"Ribera d'Ebre";19;302;110;0;0;0;110;192;16;2019;10;90;105;195
"2020/2021";"Educació primària";"6";"Ripollès";17;297;70;0;0;0;70;227;14;2019;10;116;143;259
"2020/2021";"Educació primària";"6";"Segarra";16;304;25;2;1;1;23;281;12;2019;10;113;126;239
"2020/2021";"Educació primària";"6";"Segrià";125;2633;237;17;15;2;222;2413;81;2019;10;1219;1282;2501
"2020/2021";"Educació primària";"6";"Selva";80;1955;190;13;12;1;177;1778;45;2019;10;1011;1057;2068
"2020/2021";"Educació primària";"6";"Solsonès";13;164;26;2;1;1;24;140;11;2019;10;74;87;161
"2020/2021";"Educació primària";"6";"Tarragonès";131;3200;309;31;27;4;278;2922;67;2019;10;1542;1757;3299
"2020/2021";"Educació primària";"6";"Terra Alta";13;154;52;1;1;0;51;103;12;2019;10;45;52;97
"2020/2021";"Educació primària";"6";"Urgell";28;465;44;5;5;0;40;426;23;2019;10;242;205;447
"2020/2021";"Educació primària";"6";"Vallès Occidental";439;10910;261;93;67;26;199;10742;239;2019;10;5822;6250;12072
"2020/2021";"Educació primària";"6";"Vallès Oriental";206;5003;201;42;31;11;162;4844;119;2019;10;2574;2763;5337
"2020/2021";"Educació secundària obligatòria";"1";"Alt Camp";18;549;431;439;425;14;7;557;6;2019;11;247;274;521
"2020/2021";"Educació secundària obligatòria";"1";"Alt Empordà";58;1669;1393;1527;1411;116;22;1803;18;2019;11;749;873;1622
"2020/2021";"Educació secundària obligatòria";"1";"Alt Penedès";49;1432;1012;1045;985;60;15;1465;17;2019;11;652;733;1385
"2020/2021";"Educació secundària obligatòria";"1";"Alt Urgell";8;240;180;181;173;8;8;241;4;2019;11;88;111;199
"2020/2021";"Educació secundària obligatòria";"1";"Alta Ribagorça";2;60;58;53;53;0;5;55;1;2019;11;19;23;42
"2020/2021";"Educació secundària obligatòria";"1";"Anoia";60;1734;1241;1208;1172;36;45;1701;21;2019;11;773;817;1590
"2020/2021";"Educació secundària obligatòria";"1";"Aran";3;90;86;77;77;0;9;81;1;2019;11;66;53;119
"2020/2021";"Educació secundària obligatòria";"1";"Bages";77;2285;1742;1698;1586;112;164;2241;32;2019;11;999;1054;2053
"2020/2021";"Educació secundària obligatòria";"1";"Baix Camp";87;2592;1810;1837;1727;110;76;2619;28;2019;11;1234;1257;2491
"2020/2021";"Educació secundària obligatòria";"1";"Baix Ebre";32;960;733;673;645;28;66;900;12;2019;11;370;409;779
"2020/2021";"Educació secundària obligatòria";"1";"Baix Empordà";56;1645;1352;1415;1299;116;36;1708;18;2019;11;693;785;1478
"2020/2021";"Educació secundària obligatòria";"1";"Baix Llobregat";330;9823;7320;7700;7196;504;95;10203;111;2019;11;4948;5152;10100
"2020/2021";"Educació secundària obligatòria";"1";"Baix Penedès";48;1436;1072;1068;1028;40;35;1432;13;2019;11;658;695;1353
"2020/2021";"Educació secundària obligatòria";"1";"Barcelonès";744;22021;11705;12439;11140;1299;237;22755;307;2019;11;9906;10595;20501
"2020/2021";"Educació secundària obligatòria";"1";"Berguedà";15;450;406;359;348;11;47;403;7;2019;11;170;202;372
"2020/2021";"Educació secundària obligatòria";"1";"Cerdanya";5;150;114;114;114;0;0;150;2;2019;11;105;97;202
"2020/2021";"Educació secundària obligatòria";"1";"Conca de Barberà";7;213;184;176;173;3;9;205;4;2019;11;101;98;199
"2020/2021";"Educació secundària obligatòria";"1";"Garraf";56;1680;1347;1496;1311;185;2;1829;20;2019;11;866;913;1779
"2020/2021";"Educació secundària obligatòria";"1";"Garrigues";7;210;181;143;143;0;38;172;3;2019;11;89;90;179
"2020/2021";"Educació secundària obligatòria";"1";"Garrotxa";21;613;412;451;415;36;0;652;8;2019;11;314;338;652
"2020/2021";"Educació secundària obligatòria";"1";"Gironès";88;2539;1995;2143;1994;149;3;2687;27;2019;11;1148;1237;2385
"2020/2021";"Educació secundària obligatòria";"1";"Maresme";189;5583;3766;3829;3620;209;124;5646;73;2019;11;2604;2685;5289
"2020/2021";"Educació secundària obligatòria";"1";"Moianès";5;150;123;89;88;1;34;116;2;2019;11;82;77;159
"2020/2021";"Educació secundària obligatòria";"1";"Montsià";27;810;641;597;573;24;65;766;10;2019;11;343;401;744
"2020/2021";"Educació secundària obligatòria";"1";"Noguera";19;558;453;370;360;10;83;475;7;2019;11;192;227;419
"2020/2021";"Educació secundària obligatòria";"1";"Osona";75;2178;1503;1491;1405;86;72;2166;31;2019;11;912;1013;1925
"2020/2021";"Educació secundària obligatòria";"1";"Pallars Jussà";6;179;151;113;112;1;38;141;3;2019;11;62;55;117
"2020/2021";"Educació secundària obligatòria";"1";"Pallars Sobirà";3;90;89;64;64;0;25;65;2;2019;11;33;33;66
"2020/2021";"Educació secundària obligatòria";"1";"Pla d'Urgell";14;408;387;384;377;7;14;405;4;2019;11;209;208;417
"2020/2021";"Educació secundària obligatòria";"1";"Pla de l'Estany";13;390;363;380;360;20;0;407;4;2019;11;170;208;378
"2020/2021";"Educació secundària obligatòria";"1";"Priorat";4;120;105;73;72;1;32;88;2;2019;11;44;44;88
"2020/2021";"Educació secundària obligatòria";"1";"Ribera d'Ebre";8;240;179;119;119;0;60;180;4;2019;11;86;89;175
"2020/2021";"Educació secundària obligatòria";"1";"Ripollès";11;330;243;183;178;5;60;270;5;2019;11;117;110;227
"2020/2021";"Educació secundària obligatòria";"1";"Segarra";9;255;231;223;213;10;14;247;4;2019;11;122;139;261
"2020/2021";"Educació secundària obligatòria";"1";"Segrià";96;2811;2026;1887;1790;97;198;2672;32;2019;11;1101;1178;2279
"2020/2021";"Educació secundària obligatòria";"1";"Selva";70;2067;1714;1689;1565;124;135;2042;24;2019;11;919;995;1914
"2020/2021";"Educació secundària obligatòria";"1";"Solsonès";7;191;177;140;140;0;37;154;3;2019;11;57;78;135
"2020/2021";"Educació secundària obligatòria";"1";"Tarragonès";108;3191;2254;2326;2216;110;53;3263;34;2019;11;1508;1523;3031
"2020/2021";"Educació secundària obligatòria";"1";"Terra Alta";4;120;103;76;76;0;27;93;2;2019;11;34;53;87
"2020/2021";"Educació secundària obligatòria";"1";"Urgell";17;507;419;386;367;19;42;474;6;2019;11;201;204;405
"2020/2021";"Educació secundària obligatòria";"1";"Vallès Occidental";411;12122;7970;8400;7826;574;62;12552;146;2019;11;5760;6108;11868
"2020/2021";"Educació secundària obligatòria";"1";"Vallès Oriental";181;5315;4158;4388;4048;340;48;5545;64;2019;11;2453;2676;5129
"2020/2021";"Educació secundària obligatòria";"2";"Alt Camp";18;540;30;7;6;1;23;517;6;2019;12;230;250;480
"2020/2021";"Educació secundària obligatòria";"2";"Alt Empordà";56;1615;70;16;14;2;58;1561;17;2019;12;789;860;1649
"2020/2021";"Educació secundària obligatòria";"2";"Alt Penedès";45;1338;23;8;7;1;15;1323;16;2019;12;652;681;1333
"2020/2021";"Educació secundària obligatòria";"2";"Alt Urgell";8;240;41;7;6;1;34;206;4;2019;12;94;120;214
"2020/2021";"Educació secundària obligatòria";"2";"Alta Ribagorça";2;60;11;0;0;0;11;49;1;2019;12;15;14;29
"2020/2021";"Educació secundària obligatòria";"2";"Anoia";55;1635;73;28;23;5;47;1590;19;2019;12;749;786;1535
"2020/2021";"Educació secundària obligatòria";"2";"Aran";3;90;11;2;2;0;9;81;1;2019;12;54;42;96
"2020/2021";"Educació secundària obligatòria";"2";"Bages";76;2226;170;42;35;7;132;2098;32;2019;12;1012;1031;2043
"2020/2021";"Educació secundària obligatòria";"2";"Baix Camp";85;2529;95;34;29;5;65;2468;27;2019;12;1126;1214;2340
"2020/2021";"Educació secundària obligatòria";"2";"Baix Ebre";30;900;65;5;4;1;60;840;11;2019;12;409;406;815
"2020/2021";"Educació secundària obligatòria";"2";"Baix Empordà";50;1471;77;14;12;2;64;1408;16;2019;12;763;734;1497
"2020/2021";"Educació secundària obligatòria";"2";"Baix Llobregat";320;9501;242;115;92;23;152;9374;111;2019;12;4883;5235;10118
"2020/2021";"Educació secundària obligatòria";"2";"Baix Penedès";46;1359;35;14;11;3;21;1338;12;2019;12;610;673;1283
"2020/2021";"Educació secundària obligatòria";"2";"Barcelonès";716;21149;721;505;351;154;325;20933;300;2019;12;10029;10618;20647
"2020/2021";"Educació secundària obligatòria";"2";"Berguedà";14;420;47;5;4;1;42;378;7;2019;12;151;221;372
"2020/2021";"Educació secundària obligatòria";"2";"Cerdanya";5;150;7;3;3;0;4;146;2;2019;12;109;108;217
"2020/2021";"Educació secundària obligatòria";"2";"Conca de Barberà";7;210;30;2;2;0;28;182;4;2019;12;81;107;188
"2020/2021";"Educació secundària obligatòria";"2";"Garraf";53;1584;20;17;16;1;5;1581;20;2019;12;868;936;1804
"2020/2021";"Educació secundària obligatòria";"2";"Garrigues";7;210;50;3;3;0;47;163;3;2019;12;68;106;174
"2020/2021";"Educació secundària obligatòria";"2";"Garrotxa";21;612;11;8;5;3;5;609;7;2019;12;309;324;633
"2020/2021";"Educació secundària obligatòria";"2";"Gironès";84;2422;30;20;17;3;17;2412;27;2019;12;1178;1190;2368
"2020/2021";"Educació secundària obligatòria";"2";"Maresme";180;5353;277;90;79;11;197;5166;72;2019;12;2568;2816;5384
"2020/2021";"Educació secundària obligatòria";"2";"Moianès";4;120;15;1;1;0;14;106;2;2019;12;88;69;157
"2020/2021";"Educació secundària obligatòria";"2";"Montsià";27;810;64;7;7;0;57;753;10;2019;12;367;382;749
"2020/2021";"Educació secundària obligatòria";"2";"Noguera";15;438;29;4;3;1;26;413;7;2019;12;179;179;358
"2020/2021";"Educació secundària obligatòria";"2";"Osona";68;2014;135;17;14;3;123;1896;28;2019;12;854;919;1773
"2020/2021";"Educació secundària obligatòria";"2";"Pallars Jussà";5;150;25;0;0;0;25;125;3;2019;12;53;57;110
"2020/2021";"Educació secundària obligatòria";"2";"Pallars Sobirà";3;90;28;0;0;0;28;62;2;2019;12;28;28;56
"2020/2021";"Educació secundària obligatòria";"2";"Pla d'Urgell";12;351;9;10;8;2;0;352;4;2019;12;209;217;426
"2020/2021";"Educació secundària obligatòria";"2";"Pla de l'Estany";13;390;5;4;2;2;1;389;4;2019;12;205;221;426
"2020/2021";"Educació secundària obligatòria";"2";"Priorat";4;120;30;1;1;0;29;91;2;2019;12;36;40;76
"2020/2021";"Educació secundària obligatòria";"2";"Ribera d'Ebre";8;240;50;1;1;0;49;191;4;2019;12;91;85;176
"2020/2021";"Educació secundària obligatòria";"2";"Ripollès";9;270;47;1;1;0;46;224;5;2019;12;104;140;244
"2020/2021";"Educació secundària obligatòria";"2";"Segarra";9;266;17;1;1;0;16;250;4;2019;12;112;140;252
"2020/2021";"Educació secundària obligatòria";"2";"Segrià";89;2607;226;57;44;13;170;2438;32;2019;12;1108;1203;2311
"2020/2021";"Educació secundària obligatòria";"2";"Selva";66;1948;149;35;30;5;117;1834;24;2019;12;995;1035;2030
"2020/2021";"Educació secundària obligatòria";"2";"Solsonès";6;180;45;1;1;0;44;136;3;2019;12;73;72;145
"2020/2021";"Educació secundària obligatòria";"2";"Tarragonès";103;3025;108;35;29;6;79;2952;34;2019;12;1523;1600;3123
"2020/2021";"Educació secundària obligatòria";"2";"Terra Alta";3;90;9;0;0;0;9;81;2;2019;12;50;66;116
"2020/2021";"Educació secundària obligatòria";"2";"Urgell";15;450;3;1;1;0;2;448;6;2019;12;206;218;424
"2020/2021";"Educació secundària obligatòria";"2";"Vallès Occidental";401;11820;369;175;147;28;213;11626;140;2019;12;5768;5958;11726
"2020/2021";"Educació secundària obligatòria";"2";"Vallès Oriental";172;5094;175;54;44;10;129;4973;63;2019;12;2519;2709;5228
"2020/2021";"Educació secundària obligatòria";"3";"Alt Camp";16;480;37;6;6;0;32;449;6;2019;13;225;256;481
"2020/2021";"Educació secundària obligatòria";"3";"Alt Empordà";53;1536;13;19;16;3;3;1542;17;2019;13;807;784;1591
"2020/2021";"Educació secundària obligatòria";"3";"Alt Penedès";45;1338;38;8;6;2;31;1308;16;2019;13;625;722;1347
"2020/2021";"Educació secundària obligatòria";"3";"Alt Urgell";8;240;22;9;8;1;13;227;4;2019;13;88;119;207
"2020/2021";"Educació secundària obligatòria";"3";"Alta Ribagorça";2;60;21;0;0;0;21;39;1;2019;13;31;28;59
"2020/2021";"Educació secundària obligatòria";"3";"Anoia";54;1608;116;40;33;7;76;1532;19;2019;13;755;801;1556
"2020/2021";"Educació secundària obligatòria";"3";"Aran";4;120;17;0;0;0;17;103;1;2019;13;45;58;103
"2020/2021";"Educació secundària obligatòria";"3";"Bages";73;2184;163;41;35;6;125;2062;30;2019;13;968;1014;1982
"2020/2021";"Educació secundària obligatòria";"3";"Baix Camp";83;2463;73;21;15;6;58;2411;27;2019;13;1163;1225;2388
"2020/2021";"Educació secundària obligatòria";"3";"Baix Ebre";30;900;83;21;18;3;62;838;11;2019;13;339;403;742
"2020/2021";"Educació secundària obligatòria";"3";"Baix Empordà";47;1401;28;20;15;5;10;1393;16;2019;13;691;703;1394
"2020/2021";"Educació secundària obligatòria";"3";"Baix Llobregat";320;9513;179;107;91;16;93;9441;109;2019;13;4816;5272;10088
"2020/2021";"Educació secundària obligatòria";"3";"Baix Penedès";42;1245;4;4;4;0;0;1245;11;2019;13;601;647;1248
"2020/2021";"Educació secundària obligatòria";"3";"Barcelonès";710;21021;609;624;445;179;120;21036;294;2019;13;9937;10474;20411
"2020/2021";"Educació secundària obligatòria";"3";"Berguedà";14;420;59;10;8;2;49;371;7;2019;13;175;200;375
"2020/2021";"Educació secundària obligatòria";"3";"Cerdanya";5;150;1;0;0;0;1;149;2;2019;13;97;116;213
"2020/2021";"Educació secundària obligatòria";"3";"Conca de Barberà";7;210;8;0;0;0;8;202;4;2019;13;100;122;222
"2020/2021";"Educació secundària obligatòria";"3";"Garraf";54;1609;51;33;28;5;20;1591;20;2019;13;871;894;1765
"2020/2021";"Educació secundària obligatòria";"3";"Garrigues";7;210;24;1;1;0;23;187;3;2019;13;70;88;158
"2020/2021";"Educació secundària obligatòria";"3";"Garrotxa";20;600;25;6;5;1;19;581;7;2019;13;283;306;589
"2020/2021";"Educació secundària obligatòria";"3";"Gironès";82;2373;23;27;21;6;5;2377;26;2019;13;1102;1230;2332
"2020/2021";"Educació secundària obligatòria";"3";"Maresme";183;5458;286;109;90;19;186;5281;70;2019;13;2585;2829;5414
"2020/2021";"Educació secundària obligatòria";"3";"Moianès";5;150;43;2;2;0;41;109;2;2019;13;66;79;145
"2020/2021";"Educació secundària obligatòria";"3";"Montsià";27;810;77;18;16;2;65;751;9;2019;13;338;421;759
"2020/2021";"Educació secundària obligatòria";"3";"Noguera";13;381;40;5;4;1;36;346;7;2019;13;207;200;407
"2020/2021";"Educació secundària obligatòria";"3";"Osona";68;1982;179;40;32;8;146;1843;28;2019;13;925;955;1880
"2020/2021";"Educació secundària obligatòria";"3";"Pallars Jussà";5;150;45;0;0;0;45;105;3;2019;13;57;52;109
"2020/2021";"Educació secundària obligatòria";"3";"Pallars Sobirà";2;60;5;0;0;0;5;55;2;2019;13;33;33;66
"2020/2021";"Educació secundària obligatòria";"3";"Pla d'Urgell";12;351;26;6;5;1;20;331;4;2019;13;179;208;387
"2020/2021";"Educació secundària obligatòria";"3";"Pla de l'Estany";14;420;13;5;3;2;8;412;4;2019;13;189;201;390
"2020/2021";"Educació secundària obligatòria";"3";"Priorat";4;120;39;1;1;0;38;82;2;2019;13;41;44;85
"2020/2021";"Educació secundària obligatòria";"3";"Ribera d'Ebre";7;210;24;0;0;0;24;186;4;2019;13;99;105;204
"2020/2021";"Educació secundària obligatòria";"3";"Ripollès";10;300;58;5;5;0;53;247;5;2019;13;115;137;252
"2020/2021";"Educació secundària obligatòria";"3";"Segarra";10;300;53;2;2;0;51;249;4;2019;13;136;150;286
"2020/2021";"Educació secundària obligatòria";"3";"Segrià";86;2514;151;37;28;9;114;2400;32;2019;13;1084;1123;2207
"2020/2021";"Educació secundària obligatòria";"3";"Selva";69;2030;142;27;24;3;117;1915;23;2019;13;939;984;1923
"2020/2021";"Educació secundària obligatòria";"3";"Solsonès";6;180;31;1;1;0;30;150;3;2019;13;86;72;158
"2020/2021";"Educació secundària obligatòria";"3";"Tarragonès";105;3088;106;40;28;12;70;3022;34;2019;13;1499;1516;3015
"2020/2021";"Educació secundària obligatòria";"3";"Terra Alta";5;150;36;0;0;0;36;114;2;2019;13;49;50;99
"2020/2021";"Educació secundària obligatòria";"3";"Urgell";16;480;38;7;6;1;31;449;6;2019;13;206;185;391
"2020/2021";"Educació secundària obligatòria";"3";"Vallès Occidental";383;11319;182;127;105;22;86;11264;132;2019;13;5559;5889;11448
"2020/2021";"Educació secundària obligatòria";"3";"Vallès Oriental";176;5233;204;72;57;15;139;5101;62;2019;13;2500;2603;5103
"2020/2021";"Educació secundària obligatòria";"4";"Alt Camp";16;480;23;1;1;0;23;458;6;2019;14;213;244;457
"2020/2021";"Educació secundària obligatòria";"4";"Alt Empordà";55;1602;68;10;9;1;61;1544;17;2019;14;745;767;1512
"2020/2021";"Educació secundària obligatòria";"4";"Alt Penedès";45;1327;11;5;5;0;7;1321;16;2019;14;645;705;1350
"2020/2021";"Educació secundària obligatòria";"4";"Alt Urgell";8;240;28;4;4;0;24;216;4;2019;14;85;115;200
"2020/2021";"Educació secundària obligatòria";"4";"Alta Ribagorça";2;60;2;1;1;0;1;59;1;2019;14;16;17;33
"2020/2021";"Educació secundària obligatòria";"4";"Anoia";54;1608;94;20;18;2;75;1534;19;2019;14;742;804;1546
"2020/2021";"Educació secundària obligatòria";"4";"Aran";3;90;11;1;1;0;10;80;1;2019;14;43;43;86
"2020/2021";"Educació secundària obligatòria";"4";"Bages";70;2094;150;30;26;4;120;1974;30;2019;14;954;1058;2012
"2020/2021";"Educació secundària obligatòria";"4";"Baix Camp";82;2444;122;31;24;7;95;2353;27;2019;14;1142;1148;2290
"2020/2021";"Educació secundària obligatòria";"4";"Baix Ebre";31;930;116;21;19;2;95;835;11;2019;14;372;425;797
"2020/2021";"Educació secundària obligatòria";"4";"Baix Empordà";48;1418;38;15;13;2;26;1395;16;2019;14;705;762;1467
"2020/2021";"Educació secundària obligatòria";"4";"Baix Llobregat";319;9492;266;109;93;16;168;9335;109;2019;14;4705;4985;9690
"2020/2021";"Educació secundària obligatòria";"4";"Baix Penedès";42;1262;16;4;4;0;12;1250;11;2019;14;557;663;1220
"2020/2021";"Educació secundària obligatòria";"4";"Barcelonès";701;20772;564;592;422;170;103;20800;290;2019;14;9949;10468;20417
"2020/2021";"Educació secundària obligatòria";"4";"Berguedà";14;420;60;6;6;0;54;366;7;2019;14;171;196;367
"2020/2021";"Educació secundària obligatòria";"4";"Cerdanya";6;180;5;2;2;0;3;177;2;2019;14;97;96;193
"2020/2021";"Educació secundària obligatòria";"4";"Conca de Barberà";9;270;42;3;3;0;39;231;4;2019;14;126;108;234
"2020/2021";"Educació secundària obligatòria";"4";"Garraf";56;1663;53;14;11;3;39;1624;20;2019;14;852;913;1765
"2020/2021";"Educació secundària obligatòria";"4";"Garrigues";6;180;28;0;0;0;28;152;3;2019;14;80;99;179
"2020/2021";"Educació secundària obligatòria";"4";"Garrotxa";19;570;40;1;1;0;39;531;7;2019;14;299;335;634
"2020/2021";"Educació secundària obligatòria";"4";"Gironès";77;2288;33;14;9;5;20;2269;26;2019;14;1185;1200;2385
"2020/2021";"Educació secundària obligatòria";"4";"Maresme";178;5304;268;72;58;14;205;5108;68;2019;14;2551;2798;5349
"2020/2021";"Educació secundària obligatòria";"4";"Moianès";4;120;4;1;1;0;3;117;2;2019;14;69;73;142
"2020/2021";"Educació secundària obligatòria";"4";"Montsià";26;780;68;3;3;0;65;715;9;2019;14;339;365;704
"2020/2021";"Educació secundària obligatòria";"4";"Noguera";15;438;47;4;3;1;43;395;7;2019;14;186;195;381
"2020/2021";"Educació secundària obligatòria";"4";"Osona";68;2009;132;29;23;6;104;1906;28;2019;14;871;943;1814
"2020/2021";"Educació secundària obligatòria";"4";"Pallars Jussà";5;150;27;0;0;0;27;123;3;2019;14;68;47;115
"2020/2021";"Educació secundària obligatòria";"4";"Pallars Sobirà";3;90;29;0;0;0;29;61;2;2019;14;26;29;55
"2020/2021";"Educació secundària obligatòria";"4";"Pla d'Urgell";11;318;21;2;2;0;19;299;3;2019;14;175;195;370
"2020/2021";"Educació secundària obligatòria";"4";"Pla de l'Estany";12;360;1;0;0;0;1;359;4;2019;14;186;191;377
"2020/2021";"Educació secundària obligatòria";"4";"Priorat";4;120;23;1;1;0;22;98;2;2019;14;34;45;79
"2020/2021";"Educació secundària obligatòria";"4";"Ribera d'Ebre";7;210;38;2;2;0;36;174;4;2019;14;80;83;163
"2020/2021";"Educació secundària obligatòria";"4";"Ripollès";9;270;31;0;0;0;31;239;5;2019;14;118;122;240
"2020/2021";"Educació secundària obligatòria";"4";"Segarra";10;300;31;1;1;0;30;270;4;2019;14;126;139;265
"2020/2021";"Educació secundària obligatòria";"4";"Segrià";86;2514;168;30;25;5;140;2376;31;2019;14;1056;1123;2179
"2020/2021";"Educació secundària obligatòria";"4";"Selva";64;1915;124;23;20;3;102;1814;23;2019;14;970;993;1963
"2020/2021";"Educació secundària obligatòria";"4";"Solsonès";6;180;18;4;4;0;14;166;2;2019;14;68;70;138
"2020/2021";"Educació secundària obligatòria";"4";"Tarragonès";102;3030;154;29;24;5;127;2905;34;2019;14;1417;1523;2940
"2020/2021";"Educació secundària obligatòria";"4";"Terra Alta";4;120;24;0;0;0;24;96;2;2019;14;42;60;102
"2020/2021";"Educació secundària obligatòria";"4";"Urgell";15;450;56;6;5;1;50;400;6;2019;14;191;202;393
"2020/2021";"Educació secundària obligatòria";"4";"Vallès Occidental";372;11004;213;79;64;15;145;10870;130;2019;14;5595;5711;11306
"2020/2021";"Educació secundària obligatòria";"4";"Vallès Oriental";172;5122;209;62;49;13;152;4975;62;2019;14;2482;2592;5074
"2021/2022";"Educació infantil: Parvulari";"1";"Alt Camp";21;553;550;352;345;7;202;355;27;2020;2;208;217;425
"2021/2022";"Educació infantil: Parvulari";"1";"Alt Empordà";63;1364;1364;1303;1212;91;128;1303;69;2020;2;700;715;1415
"2021/2022";"Educació infantil: Parvulari";"1";"Alt Penedès";53;999;998;956;912;44;58;957;46;2020;2;530;537;1067
"2021/2022";"Educació infantil: Parvulari";"1";"Alt Urgell";9;192;192;123;121;2;69;123;13;2020;2;80;81;161
"2021/2022";"Educació infantil: Parvulari";"1";"Alta Ribagorça";2;40;40;24;24;0;16;24;3;2020;2;14;15;29
"2021/2022";"Educació infantil: Parvulari";"1";"Anoia";60;1387;1387;1032;997;35;366;1032;48;2020;2;548;648;1196
"2021/2022";"Educació infantil: Parvulari";"1";"Aran";3;73;73;62;61;1;11;62;7;2020;2;33;49;82
"2021/2022";"Educació infantil: Parvulari";"1";"Bages";81;1924;1924;1594;1503;91;387;1594;62;2020;2;790;880;1670
"2021/2022";"Educació infantil: Parvulari";"1";"Baix Camp";89;2036;2035;1775;1662;113;306;1776;61;2020;2;934;999;1933
"2021/2022";"Educació infantil: Parvulari";"1";"Baix Ebre";32;829;828;608;590;18;228;609;32;2020;2;341;374;715
"2021/2022";"Educació infantil: Parvulari";"1";"Baix Empordà";55;1271;1270;1089;1032;57;205;1090;44;2020;2;645;631;1276
"2021/2022";"Educació infantil: Parvulari";"1";"Baix Llobregat";310;7620;7617;6645;6336;309;1110;6648;210;2020;2;3659;3899;7558
"2021/2022";"Educació infantil: Parvulari";"1";"Baix Penedès";44;1036;1035;846;834;12;189;847;28;2020;2;467;494;961
"2021/2022";"Educació infantil: Parvulari";"1";"Barcelonès";804;19472;19457;17369;16068;1301;2763;17384;479;2020;2;9052;9585;18637
"2021/2022";"Educació infantil: Parvulari";"1";"Berguedà";17;428;427;268;263;5;159;269;23;2020;2;153;163;316
"2021/2022";"Educació infantil: Parvulari";"1";"Cerdanya";7;141;141;122;117;5;21;122;13;2020;2;88;83;171
"2021/2022";"Educació infantil: Parvulari";"1";"Conca de Barberà";8;256;256;141;141;0;115;141;14;2020;2;71;102;173
"2021/2022";"Educació infantil: Parvulari";"1";"Garraf";55;1214;1211;1165;1085;80;91;1168;33;2020;2;607;651;1258
"2021/2022";"Educació infantil: Parvulari";"1";"Garrigues";6;167;165;117;117;0;48;119;16;2020;2;60;74;134
"2021/2022";"Educació infantil: Parvulari";"1";"Garrotxa";24;507;507;511;474;37;23;511;24;2020;2;235;289;524
"2021/2022";"Educació infantil: Parvulari";"1";"Gironès";97;2080;2080;1981;1894;87;163;1981;62;2020;2;1020;1062;2082
"2021/2022";"Educació infantil: Parvulari";"1";"Maresme";180;4320;4312;3730;3508;222;672;3738;121;2020;2;1976;2108;4084
"2021/2022";"Educació infantil: Parvulari";"1";"Moianès";6;185;185;88;87;1;97;88;10;2020;2;57;54;111
"2021/2022";"Educació infantil: Parvulari";"1";"Montsià";26;683;683;562;539;23;133;562;21;2020;2;294;277;571
"2021/2022";"Educació infantil: Parvulari";"1";"Noguera";15;350;350;301;286;15;57;301;33;2020;2;154;174;328
"2021/2022";"Educació infantil: Parvulari";"1";"Osona";78;1874;1874;1475;1419;56;444;1475;65;2020;2;759;791;1550
"2021/2022";"Educació infantil: Parvulari";"1";"Pallars Jussà";4;100;100;67;67;0;33;67;7;2020;2;42;52;94
"2021/2022";"Educació infantil: Parvulari";"1";"Pallars Sobirà";2;49;49;47;46;1;3;47;7;2020;2;25;33;58
"2021/2022";"Educació infantil: Parvulari";"1";"Pla d'Urgell";20;440;440;286;284;2;154;286;19;2020;2;156;191;347
"2021/2022";"Educació infantil: Parvulari";"1";"Pla de l'Estany";13;269;269;294;268;26;3;294;12;2020;2;172;169;341
"2021/2022";"Educació infantil: Parvulari";"1";"Priorat";2;121;121;40;40;0;81;40;15;2020;2;32;46;78
"2021/2022";"Educació infantil: Parvulari";"1";"Ribera d'Ebre";10;258;258;136;136;0;122;136;16;2020;2;82;106;188
"2021/2022";"Educació infantil: Parvulari";"1";"Ripollès";8;224;224;166;164;2;58;166;14;2020;2;105;93;198
"2021/2022";"Educació infantil: Parvulari";"1";"Segarra";10;209;209;208;191;17;13;208;12;2020;2;107;101;208
"2021/2022";"Educació infantil: Parvulari";"1";"Segrià";94;2121;2121;1782;1705;77;392;1782;81;2020;2;967;985;1952
"2021/2022";"Educació infantil: Parvulari";"1";"Selva";67;1593;1593;1397;1325;72;242;1397;45;2020;2;762;814;1576
"2021/2022";"Educació infantil: Parvulari";"1";"Solsonès";6;180;180;116;116;0;64;116;11;2020;2;86;80;166
"2021/2022";"Educació infantil: Parvulari";"1";"Tarragonès";112;2605;2605;2364;2243;121;291;2364;68;2020;2;1214;1225;2439
"2021/2022";"Educació infantil: Parvulari";"1";"Terra Alta";4;152;151;78;78;0;73;79;12;2020;2;35;29;64
"2021/2022";"Educació infantil: Parvulari";"1";"Urgell";17;394;394;348;328;20;59;348;23;2020;2;177;177;354
"2021/2022";"Educació infantil: Parvulari";"1";"Vallès Occidental";390;8993;8982;8222;7787;435;980;8233;240;2020;2;4274;4636;8910
"2021/2022";"Educació infantil: Parvulari";"1";"Vallès Oriental";167;4070;4067;3520;3367;153;597;3523;119;2020;2;1868;1933;3801
"2021/2022";"Educació infantil: Parvulari";"2";"Alt Camp";17;516;126;11;9;2;115;401;27;2020;3;217;233;450
"2021/2022";"Educació infantil: Parvulari";"2";"Alt Empordà";59;1400;93;30;22;8;68;1337;69;2020;3;642;657;1299
"2021/2022";"Educació infantil: Parvulari";"2";"Alt Penedès";46;1112;109;26;22;4;84;1029;46;2020;3;514;593;1107
"2021/2022";"Educació infantil: Parvulari";"2";"Alt Urgell";7;199;58;12;8;4;49;153;13;2020;3;84;88;172
"2021/2022";"Educació infantil: Parvulari";"2";"Alta Ribagorça";1;39;12;1;1;0;11;28;3;2020;3;10;24;34
"2021/2022";"Educació infantil: Parvulari";"2";"Anoia";54;1348;224;31;29;2;193;1155;48;2020;3;625;614;1239
"2021/2022";"Educació infantil: Parvulari";"2";"Aran";2;74;0;0;0;0;0;74;7;2020;3;51;50;101
"2021/2022";"Educació infantil: Parvulari";"2";"Bages";78;1919;311;33;28;5;281;1641;61;2020;3;905;892;1797
"2021/2022";"Educació infantil: Parvulari";"2";"Baix Camp";85;2047;220;72;55;17;162;1899;61;2020;3;932;1056;1988
"2021/2022";"Educació infantil: Parvulari";"2";"Baix Ebre";31;878;222;25;19;6;198;681;32;2020;3;356;366;722
"2021/2022";"Educació infantil: Parvulari";"2";"Baix Empordà";57;1313;137;30;28;2;110;1206;44;2020;3;626;699;1325
"2021/2022";"Educació infantil: Parvulari";"2";"Baix Llobregat";318;7818;969;248;201;47;733;7097;209;2020;3;3965;4110;8075
"2021/2022";"Educació infantil: Parvulari";"2";"Baix Penedès";43;1090;167;39;32;7;129;962;28;2020;3;489;513;1002
"2021/2022";"Educació infantil: Parvulari";"2";"Barcelonès";777;19024;1959;898;647;251;1180;17963;474;2020;3;9286;9844;19130
"2021/2022";"Educació infantil: Parvulari";"2";"Berguedà";14;386;105;7;6;1;98;288;23;2020;3;169;192;361
"2021/2022";"Educació infantil: Parvulari";"2";"Cerdanya";6;157;15;2;2;0;13;144;13;2020;3;72;97;169
"2021/2022";"Educació infantil: Parvulari";"2";"Conca de Barberà";7;231;75;1;1;0;74;157;13;2020;3;68;97;165
"2021/2022";"Educació infantil: Parvulari";"2";"Garraf";55;1212;123;57;41;16;75;1146;33;2020;3;689;718;1407
"2021/2022";"Educació infantil: Parvulari";"2";"Garrigues";5;164;42;0;0;0;42;122;16;2020;3;79;89;168
"2021/2022";"Educació infantil: Parvulari";"2";"Garrotxa";24;537;46;11;10;1;35;502;24;2020;3;274;276;550
"2021/2022";"Educació infantil: Parvulari";"2";"Gironès";91;2104;153;44;38;6;123;1995;62;2020;3;1075;1104;2179
"2021/2022";"Educació infantil: Parvulari";"2";"Maresme";177;4327;569;140;111;29;439;3898;120;2020;3;2123;2270;4393
"2021/2022";"Educació infantil: Parvulari";"2";"Moianès";5;139;42;2;2;0;40;99;9;2020;3;59;66;125
"2021/2022";"Educació infantil: Parvulari";"2";"Montsià";24;669;119;7;6;1;113;557;21;2020;3;282;285;567
"2021/2022";"Educació infantil: Parvulari";"2";"Noguera";14;387;82;5;3;2;77;310;33;2020;3;171;161;332
"2021/2022";"Educació infantil: Parvulari";"2";"Osona";74;1806;310;42;38;4;269;1538;64;2020;3;791;808;1599
"2021/2022";"Educació infantil: Parvulari";"2";"Pallars Jussà";4;119;24;1;1;0;23;96;7;2020;3;42;42;84
"2021/2022";"Educació infantil: Parvulari";"2";"Pallars Sobirà";2;55;1;0;0;0;1;54;7;2020;3;28;20;48
"2021/2022";"Educació infantil: Parvulari";"2";"Pla d'Urgell";18;450;107;6;5;1;101;349;19;2020;3;171;157;328
"2021/2022";"Educació infantil: Parvulari";"2";"Pla de l'Estany";15;314;2;1;1;0;1;313;12;2020;3;144;195;339
"2021/2022";"Educació infantil: Parvulari";"2";"Priorat";2;146;70;0;0;0;70;76;15;2020;3;32;29;61
"2021/2022";"Educació infantil: Parvulari";"2";"Ribera d'Ebre";8;272;94;1;1;0;93;179;16;2020;3;90;109;199
"2021/2022";"Educació infantil: Parvulari";"2";"Ripollès";9;214;29;2;2;0;28;187;14;2020;3;73;88;161
"2021/2022";"Educació infantil: Parvulari";"2";"Segarra";9;221;21;4;3;1;17;204;12;2020;3;118;127;245
"2021/2022";"Educació infantil: Parvulari";"2";"Segrià";90;2252;355;49;40;9;306;1946;81;2020;3;985;1041;2026
"2021/2022";"Educació infantil: Parvulari";"2";"Selva";67;1603;194;53;36;17;152;1462;45;2020;3;834;848;1682
"2021/2022";"Educació infantil: Parvulari";"2";"Solsonès";6;193;30;2;1;1;28;165;11;2020;3;76;73;149
"2021/2022";"Educació infantil: Parvulari";"2";"Tarragonès";110;2594;304;75;63;12;233;2365;68;2020;3;1315;1304;2619
"2021/2022";"Educació infantil: Parvulari";"2";"Terra Alta";2;125;64;0;0;0;64;61;12;2020;3;39;50;89
"2021/2022";"Educació infantil: Parvulari";"2";"Urgell";16;405;74;5;5;0;70;336;23;2020;3;188;187;375
"2021/2022";"Educació infantil: Parvulari";"2";"Vallès Occidental";387;9447;1110;301;245;56;821;8638;236;2020;3;4565;4963;9528
"2021/2022";"Educació infantil: Parvulari";"2";"Vallès Oriental";168;4082;488;122;97;25;369;3716;118;2020;3;1961;2017;3978
"2021/2022";"Educació infantil: Parvulari";"3";"Alt Camp";31;559;126;3;3;0;123;436;27;2020;4;228;243;471
"2021/2022";"Educació infantil: Parvulari";"3";"Alt Empordà";84;1342;109;14;14;0;98;1247;69;2020;4;744;784;1528
"2021/2022";"Educació infantil: Parvulari";"3";"Alt Penedès";59;1163;96;14;12;2;82;1081;46;2020;4;572;576;1148
"2021/2022";"Educació infantil: Parvulari";"3";"Alt Urgell";13;205;45;0;0;0;45;160;13;2020;4;93;85;178
"2021/2022";"Educació infantil: Parvulari";"3";"Alta Ribagorça";3;38;1;0;0;0;1;37;3;2020;4;19;15;34
"2021/2022";"Educació infantil: Parvulari";"3";"Anoia";64;1441;270;33;28;5;237;1204;48;2020;4;584;607;1191
"2021/2022";"Educació infantil: Parvulari";"3";"Aran";8;89;0;0;0;0;0;89;7;2020;4;46;53;99
"2021/2022";"Educació infantil: Parvulari";"3";"Bages";85;1985;247;46;40;6;203;1784;60;2020;4;877;923;1800
"2021/2022";"Educació infantil: Parvulari";"3";"Baix Camp";92;2112;244;43;30;13;207;1911;61;2020;4;975;1074;2049
"2021/2022";"Educació infantil: Parvulari";"3";"Baix Ebre";42;883;190;21;15;6;170;714;32;2020;4;358;365;723
"2021/2022";"Educació infantil: Parvulari";"3";"Baix Empordà";65;1358;120;22;18;4;102;1260;44;2020;4;621;726;1347
"2021/2022";"Educació infantil: Parvulari";"3";"Baix Llobregat";323;8001;656;193;151;42;477;7538;210;2020;4;4032;4263;8295
"2021/2022";"Educació infantil: Parvulari";"3";"Baix Penedès";46;1103;146;28;25;3;126;985;28;2020;4;554;571;1125
"2021/2022";"Educació infantil: Parvulari";"3";"Barcelonès";796;19551;1618;675;515;160;1013;18608;475;2020;4;9590;9981;19571
"2021/2022";"Educació infantil: Parvulari";"3";"Berguedà";22;415;74;3;3;0;71;344;22;2020;4;159;194;353
"2021/2022";"Educació infantil: Parvulari";"3";"Cerdanya";13;182;31;5;4;1;28;156;13;2020;4;92;96;188
"2021/2022";"Educació infantil: Parvulari";"3";"Conca de Barberà";15;263;95;1;1;0;94;169;14;2020;4;85;113;198
"2021/2022";"Educació infantil: Parvulari";"3";"Garraf";54;1350;123;40;32;8;85;1267;33;2020;4;720;699;1419
"2021/2022";"Educació infantil: Parvulari";"3";"Garrigues";16;180;29;2;2;0;27;153;16;2020;4;77;69;146
"2021/2022";"Educació infantil: Parvulari";"3";"Garrotxa";31;608;61;5;5;0;56;552;24;2020;4;287;292;579
"2021/2022";"Educació infantil: Parvulari";"3";"Gironès";99;2199;140;41;30;11;113;2100;62;2020;4;1023;1221;2244
"2021/2022";"Educació infantil: Parvulari";"3";"Maresme";184;4519;432;134;96;38;317;4221;120;2020;4;2128;2352;4480
"2021/2022";"Educació infantil: Parvulari";"3";"Moianès";10;156;54;0;0;0;54;102;9;2020;4;62;66;128
"2021/2022";"Educació infantil: Parvulari";"3";"Montsià";31;672;119;15;10;5;106;568;21;2020;4;318;312;630
"2021/2022";"Educació infantil: Parvulari";"3";"Noguera";31;322;15;4;4;0;11;311;33;2020;4;194;184;378
"2021/2022";"Educació infantil: Parvulari";"3";"Osona";85;1861;323;22;21;1;301;1560;63;2020;4;823;837;1660
"2021/2022";"Educació infantil: Parvulari";"3";"Pallars Jussà";7;114;26;0;0;0;26;88;7;2020;4;58;46;104
"2021/2022";"Educació infantil: Parvulari";"3";"Pallars Sobirà";5;51;3;0;0;0;3;48;7;2020;4;29;35;64
"2021/2022";"Educació infantil: Parvulari";"3";"Pla d'Urgell";22;429;96;7;5;2;89;340;19;2020;4;180;191;371
"2021/2022";"Educació infantil: Parvulari";"3";"Pla de l'Estany";17;319;1;6;5;1;0;324;12;2020;4;195;186;381
"2021/2022";"Educació infantil: Parvulari";"3";"Priorat";10;122;63;4;4;0;59;63;15;2020;4;32;31;63
"2021/2022";"Educació infantil: Parvulari";"3";"Ribera d'Ebre";17;325;144;1;1;0;143;182;16;2020;4;83;109;192
"2021/2022";"Educació infantil: Parvulari";"3";"Ripollès";13;199;39;1;1;0;38;161;14;2020;4;95;110;205
"2021/2022";"Educació infantil: Parvulari";"3";"Segarra";15;275;46;4;4;0;42;233;12;2020;4;121;127;248
"2021/2022";"Educació infantil: Parvulari";"3";"Segrià";113;2270;262;33;27;6;230;2041;81;2020;4;1014;1091;2105
"2021/2022";"Educació infantil: Parvulari";"3";"Selva";75;1760;215;31;24;7;186;1576;45;2020;4;830;844;1674
"2021/2022";"Educació infantil: Parvulari";"3";"Solsonès";10;168;23;1;1;0;22;146;11;2020;4;69;72;141
"2021/2022";"Educació infantil: Parvulari";"3";"Tarragonès";113;2713;249;66;50;16;189;2530;68;2020;4;1347;1429;2776
"2021/2022";"Educació infantil: Parvulari";"3";"Terra Alta";11;156;68;0;0;0;68;88;12;2020;4;44;47;91
"2021/2022";"Educació infantil: Parvulari";"3";"Urgell";24;432;68;7;6;1;61;371;23;2020;4;179;194;373
"2021/2022";"Educació infantil: Parvulari";"3";"Vallès Occidental";393;9640;661;216;172;44;465;9195;236;2020;4;4675;5066;9741
"2021/2022";"Educació infantil: Parvulari";"3";"Vallès Oriental";182;4376;585;90;76;14;501;3881;119;2020;4;1971;2112;4083
"2021/2022";"Educació primària";"1";"Alt Camp";19;579;123;9;9;0;114;465;27;2020;5;222;201;423
"2021/2022";"Educació primària";"1";"Alt Empordà";65;1554;86;18;13;5;71;1486;69;2020;5;697;739;1436
"2021/2022";"Educació primària";"1";"Alt Penedès";56;1270;134;24;21;3;110;1160;46;2020;5;539;644;1183
"2021/2022";"Educació primària";"1";"Alt Urgell";8;212;49;2;1;1;47;165;13;2020;5;97;85;182
"2021/2022";"Educació primària";"1";"Alta Ribagorça";1;41;13;0;0;0;13;28;3;2020;5;13;20;33
"2021/2022";"Educació primària";"1";"Anoia";53;1386;254;39;34;5;218;1171;48;2020;5;626;665;1291
"2021/2022";"Educació primària";"1";"Aran";3;88;0;0;0;0;0;88;7;2020;5;43;59;102
"2021/2022";"Educació primària";"1";"Bages";82;2059;324;39;35;4;285;1774;62;2020;5;920;944;1864
"2021/2022";"Educació primària";"1";"Baix Camp";87;2223;255;54;43;11;205;2022;61;2020;5;999;1121;2120
"2021/2022";"Educació primària";"1";"Baix Ebre";30;868;177;13;12;1;164;704;32;2020;5;395;330;725
"2021/2022";"Educació primària";"1";"Baix Empordà";57;1369;114;35;28;7;83;1290;44;2020;5;638;651;1289
"2021/2022";"Educació primària";"1";"Baix Llobregat";330;8181;615;182;149;33;443;7748;210;2020;5;4161;4434;8595
"2021/2022";"Educació primària";"1";"Baix Penedès";47;1182;74;41;31;10;44;1149;28;2020;5;508;612;1120
"2021/2022";"Educació primària";"1";"Barcelonès";816;20119;1868;1094;898;196;876;19345;478;2020;5;9329;10015;19344
"2021/2022";"Educació primària";"1";"Berguedà";15;412;76;5;5;0;71;341;23;2020;5;169;177;346
"2021/2022";"Educació primària";"1";"Cerdanya";7;184;30;6;6;0;25;160;13;2020;5;88;106;194
"2021/2022";"Educació primària";"1";"Conca de Barberà";8;258;57;2;2;0;55;203;14;2020;5;91;98;189
"2021/2022";"Educació primària";"1";"Garraf";55;1375;114;46;34;12;74;1307;33;2020;5;744;760;1504
"2021/2022";"Educació primària";"1";"Garrigues";5;152;12;2;2;0;10;142;16;2020;5;89;71;160
"2021/2022";"Educació primària";"1";"Garrotxa";25;621;59;16;14;2;44;578;23;2020;5;272;299;571
"2021/2022";"Educació primària";"1";"Gironès";98;2303;178;117;101;16;83;2242;62;2020;5;1092;1226;2318
"2021/2022";"Educació primària";"1";"Maresme";186;4653;463;116;97;19;354;4306;121;2020;5;2248;2469;4717
"2021/2022";"Educació primària";"1";"Moianès";5;166;45;2;2;0;43;123;10;2020;5;51;55;106
"2021/2022";"Educació primària";"1";"Montsià";27;734;114;8;6;2;106;628;21;2020;5;294;319;613
"2021/2022";"Educació primària";"1";"Noguera";15;405;42;7;5;2;38;370;33;2020;5;179;200;379
"2021/2022";"Educació primària";"1";"Osona";80;1929;333;22;21;1;312;1618;65;2020;5;848;936;1784
"2021/2022";"Educació primària";"1";"Pallars Jussà";5;135;25;1;1;0;24;111;7;2020;5;50;61;111
"2021/2022";"Educació primària";"1";"Pallars Sobirà";3;78;17;0;0;0;17;61;7;2020;5;22;26;48
"2021/2022";"Educació primària";"1";"Pla d'Urgell";17;463;90;4;4;0;86;377;19;2020;5;217;213;430
"2021/2022";"Educació primària";"1";"Pla de l'Estany";16;356;25;25;24;1;3;356;13;2020;5;175;196;371
"2021/2022";"Educació primària";"1";"Priorat";2;114;52;0;0;0;52;62;15;2020;5;43;32;75
"2021/2022";"Educació primària";"1";"Ribera d'Ebre";8;303;123;2;2;0;121;182;16;2020;5;80;97;177
"2021/2022";"Educació primària";"1";"Ripollès";7;204;6;0;0;0;6;198;14;2020;5;95;95;190
"2021/2022";"Educació primària";"1";"Segarra";12;273;30;2;2;0;28;245;12;2020;5;121;120;241
"2021/2022";"Educació primària";"1";"Segrià";97;2404;303;36;27;9;271;2137;81;2020;5;981;1096;2077
"2021/2022";"Educació primària";"1";"Selva";67;1661;159;57;47;10;109;1559;45;2020;5;838;862;1700
"2021/2022";"Educació primària";"1";"Solsonès";7;172;30;3;3;0;27;145;11;2020;5;53;69;122
"2021/2022";"Educació primària";"1";"Tarragonès";118;2933;295;68;61;7;228;2706;67;2020;5;1352;1459;2811
"2021/2022";"Educació primària";"1";"Terra Alta";3;149;62;1;1;0;61;88;12;2020;5;41;35;76
"2021/2022";"Educació primària";"1";"Urgell";16;437;86;7;5;2;82;358;23;2020;5;201;213;414
"2021/2022";"Educació primària";"1";"Vallès Occidental";399;9834;718;307;266;41;437;9423;239;2020;5;4785;5274;10059
"2021/2022";"Educació primària";"1";"Vallès Oriental";179;4417;506;112;98;14;399;4023;119;2020;5;2006;2138;4144
"2021/2022";"Educació primària";"2";"Alt Camp";22;551;128;4;4;0;124;427;27;2020;6;250;211;461
"2021/2022";"Educació primària";"2";"Alt Empordà";68;1455;92;14;12;2;85;1377;69;2020;6;705;765;1470
"2021/2022";"Educació primària";"2";"Alt Penedès";58;1239;80;13;12;1;68;1172;46;2020;6;576;611;1187
"2021/2022";"Educació primària";"2";"Alt Urgell";9;211;40;1;1;0;39;172;13;2020;6;81;91;172
"2021/2022";"Educació primària";"2";"Alta Ribagorça";2;37;5;0;0;0;5;32;3;2020;6;18;24;42
"2021/2022";"Educació primària";"2";"Anoia";62;1480;251;24;18;6;227;1253;48;2020;6;651;680;1331
"2021/2022";"Educació primària";"2";"Aran";7;101;1;0;0;0;1;100;7;2020;6;46;42;88
"2021/2022";"Educació primària";"2";"Bages";85;2062;238;23;18;5;216;1847;62;2020;6;886;965;1851
"2021/2022";"Educació primària";"2";"Baix Camp";90;2189;154;39;26;13;124;2074;61;2020;6;996;1044;2040
"2021/2022";"Educació primària";"2";"Baix Ebre";36;862;150;14;11;3;137;726;32;2020;6;362;386;748
"2021/2022";"Educació primària";"2";"Baix Empordà";62;1420;203;26;24;2;180;1243;44;2020;6;644;700;1344
"2021/2022";"Educació primària";"2";"Baix Llobregat";332;8232;406;116;92;24;300;7942;210;2020;6;4126;4269;8395
"2021/2022";"Educació primària";"2";"Baix Penedès";48;1210;154;28;23;5;130;1084;28;2020;6;513;575;1088
"2021/2022";"Educació primària";"2";"Barcelonès";807;19876;1285;545;419;126;804;19136;476;2020;6;9428;9901;19329
"2021/2022";"Educació primària";"2";"Berguedà";19;413;91;4;4;0;87;326;22;2020;6;163;161;324
"2021/2022";"Educació primària";"2";"Cerdanya";8;185;19;2;2;0;18;168;13;2020;6;74;78;152
"2021/2022";"Educació primària";"2";"Conca de Barberà";9;231;48;3;3;0;45;186;13;2020;6;81;106;187
"2021/2022";"Educació primària";"2";"Garraf";56;1400;96;26;22;4;73;1330;33;2020;6;739;740;1479
"2021/2022";"Educació primària";"2";"Garrigues";7;183;26;1;1;0;25;158;16;2020;6;72;70;142
"2021/2022";"Educació primària";"2";"Garrotxa";27;630;78;5;4;1;74;557;23;2020;6;299;293;592
"2021/2022";"Educació primària";"2";"Gironès";103;2343;114;40;34;6;78;2269;62;2020;6;1123;1132;2255
"2021/2022";"Educació primària";"2";"Maresme";194;4788;358;81;61;20;282;4511;121;2020;6;2216;2383;4599
"2021/2022";"Educació primària";"2";"Moianès";7;169;62;4;4;0;58;111;10;2020;6;78;67;145
"2021/2022";"Educació primària";"2";"Montsià";28;707;106;12;11;1;95;613;21;2020;6;273;315;588
"2021/2022";"Educació primària";"2";"Noguera";16;398;31;2;2;0;29;369;33;2020;6;191;180;371
"2021/2022";"Educació primària";"2";"Osona";81;1925;225;18;16;2;207;1718;63;2020;6;801;907;1708
"2021/2022";"Educació primària";"2";"Pallars Jussà";6;143;29;1;1;0;28;115;7;2020;6;50;62;112
"2021/2022";"Educació primària";"2";"Pallars Sobirà";3;45;2;0;0;0;2;43;7;2020;6;31;34;65
"2021/2022";"Educació primària";"2";"Pla d'Urgell";24;545;114;2;2;0;112;433;19;2020;6;201;185;386
"2021/2022";"Educació primària";"2";"Pla de l'Estany";19;379;17;2;2;0;15;364;13;2020;6;176;196;372
"2021/2022";"Educació primària";"2";"Priorat";3;113;42;1;1;0;41;72;15;2020;6;38;38;76
"2021/2022";"Educació primària";"2";"Ribera d'Ebre";12;273;98;1;1;0;97;176;16;2020;6;96;109;205
"2021/2022";"Educació primària";"2";"Ripollès";9;200;18;1;1;0;18;183;14;2020;6;115;119;234
"2021/2022";"Educació primària";"2";"Segarra";12;263;34;4;3;1;30;233;12;2020;6;141;136;277
"2021/2022";"Educació primària";"2";"Segrià";96;2273;165;19;14;5;149;2127;81;2020;6;984;1098;2082
"2021/2022";"Educació primària";"2";"Selva";71;1705;135;24;19;5;115;1594;45;2020;6;778;905;1683
"2021/2022";"Educació primària";"2";"Solsonès";6;161;38;1;1;0;37;124;11;2020;6;63;69;132
"2021/2022";"Educació primària";"2";"Tarragonès";120;2928;264;35;28;7;229;2699;67;2020;6;1262;1408;2670
"2021/2022";"Educació primària";"2";"Terra Alta";5;147;73;0;0;0;73;74;12;2020;6;48;41;89
"2021/2022";"Educació primària";"2";"Urgell";20;486;85;2;2;0;84;403;23;2020;6;182;190;372
"2021/2022";"Educació primària";"2";"Vallès Occidental";398;9793;336;138;99;39;218;9595;238;2020;6;4872;5171;10043
"2021/2022";"Educació primària";"2";"Vallès Oriental";183;4466;471;96;77;19;381;4091;119;2020;6;2043;2179;4222
"2021/2022";"Educació primària";"3";"Alt Camp";24;538;98;6;5;1;92;446;27;2020;7;224;242;466
"2021/2022";"Educació primària";"3";"Alt Empordà";74;1514;108;12;9;3;97;1418;69;2020;7;800;793;1593
"2021/2022";"Educació primària";"3";"Alt Penedès";56;1267;110;22;19;3;90;1179;46;2020;7;643;681;1324
"2021/2022";"Educació primària";"3";"Alt Urgell";10;225;61;2;2;0;59;166;13;2020;7;92;92;184
"2021/2022";"Educació primària";"3";"Alta Ribagorça";2;34;0;0;0;0;0;34;3;2020;7;16;13;29
"2021/2022";"Educació primària";"3";"Anoia";62;1520;226;24;21;3;203;1318;48;2020;7;636;665;1301
"2021/2022";"Educació primària";"3";"Aran";4;79;2;0;0;0;2;77;7;2020;7;50;43;93
"2021/2022";"Educació primària";"3";"Bages";83;2015;222;30;26;4;195;1823;62;2020;7;952;1037;1989
"2021/2022";"Educació primària";"3";"Baix Camp";94;2319;266;41;29;12;232;2094;62;2020;7;1107;1127;2234
"2021/2022";"Educació primària";"3";"Baix Ebre";36;909;180;16;15;1;164;745;32;2020;7;350;413;763
"2021/2022";"Educació primària";"3";"Baix Empordà";61;1419;154;23;18;5;134;1288;44;2020;7;652;731;1383
"2021/2022";"Educació primària";"3";"Baix Llobregat";325;8069;415;157;118;39;279;7811;209;2020;7;4376;4696;9072
"2021/2022";"Educació primària";"3";"Baix Penedès";46;1128;85;27;19;8;62;1070;28;2020;7;576;632;1208
"2021/2022";"Educació primària";"3";"Barcelonès";799;19693;1153;464;354;110;757;19004;473;2020;7;9793;10321;20114
"2021/2022";"Educació primària";"3";"Berguedà";14;399;97;0;0;0;97;302;22;2020;7;168;194;362
"2021/2022";"Educació primària";"3";"Cerdanya";11;171;44;3;3;0;41;130;13;2020;7;76;93;169
"2021/2022";"Educació primària";"3";"Conca de Barberà";11;261;78;2;2;0;76;185;14;2020;7;91;102;193
"2021/2022";"Educació primària";"3";"Garraf";55;1375;104;31;24;7;77;1302;33;2020;7;765;845;1610
"2021/2022";"Educació primària";"3";"Garrigues";11;173;38;3;3;0;35;138;16;2020;7;87;97;184
"2021/2022";"Educació primària";"3";"Garrotxa";31;664;96;1;1;0;95;569;23;2020;7;295;302;597
"2021/2022";"Educació primària";"3";"Gironès";98;2302;143;43;35;8;105;2202;62;2020;7;1099;1256;2355
"2021/2022";"Educació primària";"3";"Maresme";189;4666;336;78;66;12;263;4408;119;2020;7;2353;2532;4885
"2021/2022";"Educació primària";"3";"Moianès";10;177;42;3;3;0;39;138;10;2020;7;66;102;168
"2021/2022";"Educació primària";"3";"Montsià";29;723;140;14;12;2;127;597;21;2020;7;327;344;671
"2021/2022";"Educació primària";"3";"Noguera";22;403;35;1;1;0;34;369;33;2020;7;181;226;407
"2021/2022";"Educació primària";"3";"Osona";78;1849;235;22;22;0;215;1636;65;2020;7;906;974;1880
"2021/2022";"Educació primària";"3";"Pallars Jussà";5;117;3;1;1;0;2;115;7;2020;7;52;64;116
"2021/2022";"Educació primària";"3";"Pallars Sobirà";3;85;19;0;0;0;19;66;7;2020;7;28;34;62
"2021/2022";"Educació primària";"3";"Pla d'Urgell";21;482;94;5;5;0;89;393;19;2020;7;211;224;435
"2021/2022";"Educació primària";"3";"Pla de l'Estany";17;376;11;5;5;0;7;370;13;2020;7;183;214;397
"2021/2022";"Educació primària";"3";"Priorat";4;127;60;1;1;0;59;68;15;2020;7;38;29;67
"2021/2022";"Educació primària";"3";"Ribera d'Ebre";12;307;101;4;4;0;97;210;16;2020;7;105;100;205
"2021/2022";"Educació primària";"3";"Ripollès";10;274;46;4;3;1;42;232;14;2020;7;111;125;236
"2021/2022";"Educació primària";"3";"Segarra";13;276;7;2;2;0;5;271;12;2020;7;121;136;257
"2021/2022";"Educació primària";"3";"Segrià";100;2358;242;28;22;6;218;2144;81;2020;7;1114;1112;2226
"2021/2022";"Educació primària";"3";"Selva";72;1751;206;21;16;5;187;1566;45;2020;7;887;896;1783
"2021/2022";"Educació primària";"3";"Solsonès";5;154;21;3;3;0;18;136;11;2020;7;59;60;119
"2021/2022";"Educació primària";"3";"Tarragonès";114;2763;222;41;29;12;185;2582;67;2020;7;1396;1469;2865
"2021/2022";"Educació primària";"3";"Terra Alta";7;153;63;0;0;0;63;90;12;2020;7;40;56;96
"2021/2022";"Educació primària";"3";"Urgell";21;457;77;2;2;0;75;382;23;2020;7;216;195;411
"2021/2022";"Educació primària";"3";"Vallès Occidental";397;9793;340;115;87;28;238;9568;239;2020;7;5289;5513;10802
"2021/2022";"Educació primària";"3";"Vallès Oriental";180;4390;350;68;56;12;290;4108;119;2020;7;2152;2403;4555
"2021/2022";"Educació primària";"4";"Alt Camp";20;544;88;7;6;1;82;463;27;2020;8;276;248;524
"2021/2022";"Educació primària";"4";"Alt Empordà";71;1597;83;16;14;2;70;1530;69;2020;8;790;826;1616
"2021/2022";"Educació primària";"4";"Alt Penedès";63;1278;58;5;4;1;53;1225;46;2020;8;679;682;1361
"2021/2022";"Educació primària";"4";"Alt Urgell";11;250;66;6;6;0;60;190;13;2020;8;99;96;195
"2021/2022";"Educació primària";"4";"Alta Ribagorça";2;37;7;0;0;0;7;30;3;2020;8;19;24;43
"2021/2022";"Educació primària";"4";"Anoia";62;1480;241;21;18;3;221;1260;48;2020;8;707;763;1470
"2021/2022";"Educació primària";"4";"Aran";6;86;0;0;0;0;0;86;7;2020;8;40;41;81
"2021/2022";"Educació primària";"4";"Bages";85;2119;201;24;21;3;181;1942;62;2020;8;922;1043;1965
"2021/2022";"Educació primària";"4";"Baix Camp";96;2320;144;20;15;5;126;2196;62;2020;8;1077;1215;2292
"2021/2022";"Educació primària";"4";"Baix Ebre";36;875;136;16;14;2;120;755;32;2020;8;357;446;803
"2021/2022";"Educació primària";"4";"Baix Empordà";62;1434;132;12;12;0;120;1314;44;2020;8;676;798;1474
"2021/2022";"Educació primària";"4";"Baix Llobregat";344;8584;429;138;96;42;306;8293;210;2020;8;4566;4805;9371
"2021/2022";"Educació primària";"4";"Baix Penedès";52;1307;113;16;13;3;101;1210;28;2020;8;620;683;1303
"2021/2022";"Educació primària";"4";"Barcelonès";807;20067;815;490;365;125;412;19742;470;2020;8;9842;10391;20233
"2021/2022";"Educació primària";"4";"Berguedà";19;426;90;6;6;0;84;342;22;2020;8;196;207;403
"2021/2022";"Educació primària";"4";"Cerdanya";7;174;38;5;5;0;33;141;13;2020;8;96;106;202
"2021/2022";"Educació primària";"4";"Conca de Barberà";11;281;80;1;1;0;79;202;14;2020;8;92;102;194
"2021/2022";"Educació primària";"4";"Garraf";59;1471;84;28;21;7;59;1415;33;2020;8;819;838;1657
"2021/2022";"Educació primària";"4";"Garrigues";7;190;12;0;0;0;12;178;16;2020;8;88;86;174
"2021/2022";"Educació primària";"4";"Garrotxa";30;693;87;2;2;0;85;608;23;2020;8;334;332;666
"2021/2022";"Educació primària";"4";"Gironès";105;2395;132;37;30;7;97;2300;62;2020;8;1154;1223;2377
"2021/2022";"Educació primària";"4";"Maresme";197;4890;324;85;74;11;248;4651;121;2020;8;2443;2634;5077
"2021/2022";"Educació primària";"4";"Moianès";6;180;26;6;6;0;20;160;10;2020;8;87;73;160
"2021/2022";"Educació primària";"4";"Montsià";32;809;131;5;4;1;126;683;21;2020;8;365;344;709
"2021/2022";"Educació primària";"4";"Noguera";16;415;35;1;1;0;34;381;33;2020;8;207;199;406
"2021/2022";"Educació primària";"4";"Osona";81;1974;196;21;19;2;175;1799;65;2020;8;951;1009;1960
"2021/2022";"Educació primària";"4";"Pallars Jussà";6;148;28;1;1;0;27;121;7;2020;8;58;66;124
"2021/2022";"Educació primària";"4";"Pallars Sobirà";5;77;20;0;0;0;20;57;7;2020;8;41;27;68
"2021/2022";"Educació primària";"4";"Pla d'Urgell";22;501;84;1;1;0;83;418;19;2020;8;199;237;436
"2021/2022";"Educació primària";"4";"Pla de l'Estany";17;390;9;7;4;3;3;388;13;2020;8;184;185;369
"2021/2022";"Educació primària";"4";"Priorat";3;126;57;2;2;0;55;71;15;2020;8;37;52;89
"2021/2022";"Educació primària";"4";"Ribera d'Ebre";13;298;93;6;6;0;87;211;16;2020;8;84;116;200
"2021/2022";"Educació primària";"4";"Ripollès";12;294;65;0;0;0;65;229;14;2020;8;126;122;248
"2021/2022";"Educació primària";"4";"Segarra";13;304;49;1;1;0;48;256;12;2020;8;129;124;253
"2021/2022";"Educació primària";"4";"Segrià";103;2443;241;26;19;7;217;2228;81;2020;8;1114;1197;2311
"2021/2022";"Educació primària";"4";"Selva";77;1881;207;20;15;5;189;1694;45;2020;8;917;973;1890
"2021/2022";"Educació primària";"4";"Solsonès";6;159;34;4;3;1;30;129;11;2020;8;74;77;151
"2021/2022";"Educació primària";"4";"Tarragonès";121;2999;286;38;33;5;250;2751;67;2020;8;1409;1477;2886
"2021/2022";"Educació primària";"4";"Terra Alta";7;173;79;0;0;0;79;94;12;2020;8;37;53;90
"2021/2022";"Educació primària";"4";"Urgell";19;470;68;4;3;1;64;406;23;2020;8;188;205;393
"2021/2022";"Educació primària";"4";"Vallès Occidental";412;10271;332;123;94;29;223;10062;238;2020;8;5498;5704;11202
"2021/2022";"Educació primària";"4";"Vallès Oriental";193;4759;411;64;50;14;359;4412;119;2020;8;2342;2530;4872
"2021/2022";"Educació primària";"5";"Alt Camp";20;597;96;3;2;1;94;504;27;2020;9;246;283;529
"2021/2022";"Educació primària";"5";"Alt Empordà";67;1620;105;12;8;4;94;1527;69;2020;9;796;825;1621
"2021/2022";"Educació primària";"5";"Alt Penedès";56;1338;66;12;11;1;54;1284;46;2020;9;711;760;1471
"2021/2022";"Educació primària";"5";"Alt Urgell";9;215;34;0;0;0;34;181;14;2020;9;107;98;205
"2021/2022";"Educació primària";"5";"Alta Ribagorça";2;63;12;0;0;0;12;51;3;2020;9;15;27;42
"2021/2022";"Educació primària";"5";"Anoia";63;1628;215;34;27;7;184;1447;48;2020;9;737;816;1553
"2021/2022";"Educació primària";"5";"Aran";2;66;2;0;0;0;2;64;7;2020;9;50;53;103
"2021/2022";"Educació primària";"5";"Bages";84;2135;235;25;21;4;211;1925;62;2020;9;1023;1088;2111
"2021/2022";"Educació primària";"5";"Baix Camp";95;2439;231;28;21;7;205;2236;62;2020;9;1142;1219;2361
"2021/2022";"Educació primària";"5";"Baix Ebre";33;930;158;25;15;10;134;797;32;2020;9;383;429;812
"2021/2022";"Educació primària";"5";"Baix Empordà";61;1480;91;22;19;3;71;1411;44;2020;9;805;841;1646
"2021/2022";"Educació primària";"5";"Baix Llobregat";348;8682;287;100;71;29;200;8495;210;2020;9;4758;5087;9845
"2021/2022";"Educació primària";"5";"Baix Penedès";52;1314;112;16;11;5;98;1218;28;2020;9;639;652;1291
"2021/2022";"Educació primària";"5";"Barcelonès";799;19859;755;399;282;117;421;19503;471;2020;9;9803;10521;20324
"2021/2022";"Educació primària";"5";"Berguedà";16;455;71;3;3;0;68;387;23;2020;9;175;201;376
"2021/2022";"Educació primària";"5";"Cerdanya";7;174;20;2;2;0;18;156;13;2020;9;89;99;188
"2021/2022";"Educació primària";"5";"Conca de Barberà";7;233;49;2;2;0;47;186;13;2020;9;98;88;186
"2021/2022";"Educació primària";"5";"Garraf";61;1525;72;22;16;6;55;1475;33;2020;9;812;918;1730
"2021/2022";"Educació primària";"5";"Garrigues";7;187;12;0;0;0;12;175;16;2020;9;85;101;186
"2021/2022";"Educació primària";"5";"Garrotxa";28;700;56;7;5;2;50;651;23;2020;9;327;311;638
"2021/2022";"Educació primària";"5";"Gironès";101;2362;80;41;34;7;53;2323;62;2020;9;1198;1338;2536
"2021/2022";"Educació primària";"5";"Maresme";202;5025;323;69;55;14;259;4771;121;2020;9;2614;2733;5347
"2021/2022";"Educació primària";"5";"Moianès";7;184;44;3;3;0;42;143;10;2020;9;77;83;160
"2021/2022";"Educació primària";"5";"Montsià";29;765;86;9;5;4;80;688;21;2020;9;317;381;698
"2021/2022";"Educació primària";"5";"Noguera";17;453;58;2;2;0;56;397;33;2020;9;214;229;443
"2021/2022";"Educació primària";"5";"Osona";83;2027;181;22;21;1;160;1868;64;2020;9;999;962;1961
"2021/2022";"Educació primària";"5";"Pallars Jussà";5;143;19;1;1;0;18;125;7;2020;9;49;62;111
"2021/2022";"Educació primària";"5";"Pallars Sobirà";3;81;16;0;0;0;16;65;7;2020;9;30;32;62
"2021/2022";"Educació primària";"5";"Pla d'Urgell";20;517;94;4;2;2;90;427;19;2020;9;233;209;442
"2021/2022";"Educació primària";"5";"Pla de l'Estany";18;373;9;0;0;0;9;364;13;2020;9;204;254;458
"2021/2022";"Educació primària";"5";"Priorat";3;126;46;1;1;0;45;81;15;2020;9;43;43;86
"2021/2022";"Educació primària";"5";"Ribera d'Ebre";8;290;93;3;3;0;90;200;16;2020;9;105;96;201
"2021/2022";"Educació primària";"5";"Ripollès";11;292;49;3;2;1;46;246;14;2020;9;129;117;246
"2021/2022";"Educació primària";"5";"Segarra";10;263;24;0;0;0;24;239;12;2020;9;125;155;280
"2021/2022";"Educació primària";"5";"Segrià";103;2623;304;24;21;3;280;2343;81;2020;9;1138;1254;2392
"2021/2022";"Educació primària";"5";"Selva";78;1923;194;16;13;3;180;1745;45;2020;9;977;953;1930
"2021/2022";"Educació primària";"5";"Solsonès";5;156;14;1;1;0;13;143;11;2020;9;73;65;138
"2021/2022";"Educació primària";"5";"Tarragonès";120;3026;302;37;30;7;266;2761;67;2020;9;1526;1639;3165
"2021/2022";"Educació primària";"5";"Terra Alta";3;156;60;1;1;0;59;97;12;2020;9;64;51;115
"2021/2022";"Educació primària";"5";"Urgell";18;449;48;1;1;0;47;402;23;2020;9;215;216;431
"2021/2022";"Educació primària";"5";"Vallès Occidental";429;10697;343;99;78;21;254;10453;239;2020;9;5348;5909;11257
"2021/2022";"Educació primària";"5";"Vallès Oriental";198;4923;300;54;42;12;253;4677;119;2020;9;2408;2519;4927
"2021/2022";"Educació primària";"6";"Alt Camp";32;572;92;1;1;0;91;481;27;2020;10;228;270;498
"2021/2022";"Educació primària";"6";"Alt Empordà";91;1618;82;9;7;2;74;1545;69;2020;10;804;887;1691
"2021/2022";"Educació primària";"6";"Alt Penedès";70;1495;100;12;7;5;89;1407;46;2020;10;682;664;1346
"2021/2022";"Educació primària";"6";"Alt Urgell";16;218;42;0;0;0;42;176;14;2020;10;86;100;186
"2021/2022";"Educació primària";"6";"Alta Ribagorça";3;36;3;0;0;0;3;33;3;2020;10;15;13;28
"2021/2022";"Educació primària";"6";"Anoia";72;1619;138;14;13;1;124;1495;48;2020;10;731;784;1515
"2021/2022";"Educació primària";"6";"Aran";9;94;1;0;0;0;1;93;7;2020;10;50;56;106
"2021/2022";"Educació primària";"6";"Bages";91;2181;199;14;9;5;186;1996;61;2020;10;1000;1080;2080
"2021/2022";"Educació primària";"6";"Baix Camp";104;2461;216;33;24;9;189;2278;62;2020;10;1180;1292;2472
"2021/2022";"Educació primària";"6";"Baix Ebre";45;956;174;14;10;4;160;796;32;2020;10;418;446;864
"2021/2022";"Educació primària";"6";"Baix Empordà";69;1536;48;3;3;0;46;1491;44;2020;10;703;822;1525
"2021/2022";"Educació primària";"6";"Baix Llobregat";365;9125;312;63;46;17;257;8876;210;2020;10;4797;5186;9983
"2021/2022";"Educació primària";"6";"Baix Penedès";56;1368;113;19;16;3;99;1274;28;2020;10;646;632;1278
"2021/2022";"Educació primària";"6";"Barcelonès";800;19903;518;357;250;107;235;19742;469;2020;10;9822;10664;20486
"2021/2022";"Educació primària";"6";"Berguedà";27;457;92;1;1;0;91;366;23;2020;10;195;193;388
"2021/2022";"Educació primària";"6";"Cerdanya";14;177;18;3;2;1;15;162;13;2020;10;101;93;194
"2021/2022";"Educació primària";"6";"Conca de Barberà";16;286;98;1;1;0;97;189;14;2020;10;109;92;201
"2021/2022";"Educació primària";"6";"Garraf";62;1544;81;22;16;6;60;1485;33;2020;10;794;911;1705
"2021/2022";"Educació primària";"6";"Garrigues";18;185;14;2;1;1;12;173;16;2020;10;85;104;189
"2021/2022";"Educació primària";"6";"Garrotxa";32;678;76;1;1;0;75;603;23;2020;10;287;325;612
"2021/2022";"Educació primària";"6";"Gironès";103;2425;40;24;15;9;24;2409;61;2020;10;1185;1311;2496
"2021/2022";"Educació primària";"6";"Maresme";211;5215;287;50;43;7;244;4978;121;2020;10;2619;2737;5356
"2021/2022";"Educació primària";"6";"Moianès";11;178;28;2;2;0;26;152;10;2020;10;75;79;154
"2021/2022";"Educació primària";"6";"Montsià";38;828;129;9;8;1;121;708;21;2020;10;362;379;741
"2021/2022";"Educació primària";"6";"Noguera";37;415;20;0;0;0;20;395;33;2020;10;203;245;448
"2021/2022";"Educació primària";"6";"Osona";97;2107;216;10;10;0;206;1901;65;2020;10;903;1059;1962
"2021/2022";"Educació primària";"6";"Pallars Jussà";9;140;27;2;2;0;25;115;7;2020;10;60;57;117
"2021/2022";"Educació primària";"6";"Pallars Sobirà";8;81;21;0;0;0;21;60;7;2020;10;29;49;78
"2021/2022";"Educació primària";"6";"Pla d'Urgell";24;497;71;1;1;0;70;427;19;2020;10;222;238;460
"2021/2022";"Educació primària";"6";"Pla de l'Estany";21;446;11;5;4;1;7;440;13;2020;10;212;229;441
"2021/2022";"Educació primària";"6";"Priorat";16;124;48;0;0;0;48;76;15;2020;10;35;41;76
"2021/2022";"Educació primària";"6";"Ribera d'Ebre";19;311;101;1;1;0;100;211;16;2020;10;85;111;196
"2021/2022";"Educació primària";"6";"Ripollès";18;312;84;3;2;1;81;231;14;2020;10;117;135;252
"2021/2022";"Educació primària";"6";"Segarra";16;286;25;0;0;0;25;261;12;2020;10;146;147;293
"2021/2022";"Educació primària";"6";"Segrià";126;2631;248;10;8;2;238;2393;81;2020;10;1189;1240;2429
"2021/2022";"Educació primària";"6";"Selva";77;1866;112;16;11;5;107;1770;45;2020;10;965;1026;1991
"2021/2022";"Educació primària";"6";"Solsonès";13;153;18;1;1;0;17;136;11;2020;10;63;66;129
"2021/2022";"Educació primària";"6";"Tarragonès";128;3174;230;20;14;6;211;2964;67;2020;10;1498;1599;3097
"2021/2022";"Educació primària";"6";"Terra Alta";14;179;70;0;0;0;70;109;12;2020;10;54;57;111
"2021/2022";"Educació primària";"6";"Urgell";28;461;43;1;1;0;42;419;23;2020;10;191;247;438
"2021/2022";"Educació primària";"6";"Vallès Occidental";423;10542;246;106;80;26;156;10402;239;2020;10;5610;6066;11676
"2021/2022";"Educació primària";"6";"Vallès Oriental";200;4890;251;45;37;8;215;4684;119;2020;10;2442;2673;5115
"2021/2022";"Educació secundària obligatòria";"1";"Alt Camp";17;510;386;370;355;15;16;494;6;2020;11;275;276;551
"2021/2022";"Educació secundària obligatòria";"1";"Alt Empordà";58;1688;1441;1529;1377;152;53;1776;18;2020;11;849;884;1733
"2021/2022";"Educació secundària obligatòria";"1";"Alt Penedès";46;1352;951;935;883;52;32;1336;17;2020;11;724;732;1456
"2021/2022";"Educació secundària obligatòria";"1";"Alt Urgell";9;270;221;143;137;6;79;192;5;2020;11;117;111;228
"2021/2022";"Educació secundària obligatòria";"1";"Alta Ribagorça";2;60;58;33;33;0;25;35;1;2020;11;22;26;48
"2021/2022";"Educació secundària obligatòria";"1";"Anoia";57;1650;1183;1100;1052;48;107;1567;21;2020;11;776;882;1658
"2021/2022";"Educació secundària obligatòria";"1";"Aran";3;90;88;88;88;0;0;90;1;2020;11;47;49;96
"2021/2022";"Educació secundària obligatòria";"1";"Bages";75;2220;1651;1634;1518;116;128;2203;33;2020;11;1012;1081;2093
"2021/2022";"Educació secundària obligatòria";"1";"Baix Camp";84;2486;1687;1792;1675;117;30;2591;28;2020;11;1217;1316;2533
"2021/2022";"Educació secundària obligatòria";"1";"Baix Ebre";32;960;703;668;632;36;67;925;12;2020;11;396;447;843
"2021/2022";"Educació secundària obligatòria";"1";"Baix Empordà";51;1515;1204;1274;1188;86;11;1585;18;2020;11;827;836;1663
"2021/2022";"Educació secundària obligatòria";"1";"Baix Llobregat";323;9599;7158;7412;6902;510;158;9853;111;2020;11;5095;5193;10288
"2021/2022";"Educació secundària obligatòria";"1";"Baix Penedès";48;1422;1081;1037;1013;24;61;1378;13;2020;11;693;645;1338
"2021/2022";"Educació secundària obligatòria";"1";"Barcelonès";721;21301;11179;12328;10594;1734;250;22450;306;2020;11;10354;11110;21464
"2021/2022";"Educació secundària obligatòria";"1";"Berguedà";16;480;439;369;367;2;70;410;7;2020;11;186;209;395
"2021/2022";"Educació secundària obligatòria";"1";"Cerdanya";5;150;121;113;104;9;8;142;2;2020;11;103;105;208
"2021/2022";"Educació secundària obligatòria";"1";"Conca de Barberà";8;240;210;171;170;1;39;201;4;2020;11;112;111;223
"2021/2022";"Educació secundària obligatòria";"1";"Garraf";55;1643;1279;1313;1220;93;30;1677;21;2020;11;896;988;1884
"2021/2022";"Educació secundària obligatòria";"1";"Garrigues";7;210;177;156;156;0;21;189;3;2020;11;83;94;177
"2021/2022";"Educació secundària obligatòria";"1";"Garrotxa";21;615;414;411;392;19;13;612;8;2020;11;308;337;645
"2021/2022";"Educació secundària obligatòria";"1";"Gironès";86;2496;1966;2100;1960;140;25;2630;27;2020;11;1255;1336;2591
"2021/2022";"Educació secundària obligatòria";"1";"Maresme";187;5486;3642;3783;3469;314;120;5627;75;2020;11;2699;2889;5588
"2021/2022";"Educació secundària obligatòria";"1";"Moianès";4;120;95;72;72;0;24;97;2;2020;11;77;96;173
"2021/2022";"Educació secundària obligatòria";"1";"Montsià";28;840;680;620;600;20;74;780;10;2020;11;378;390;768
"2021/2022";"Educació secundària obligatòria";"1";"Noguera";19;558;466;422;379;43;44;514;7;2020;11;231;241;472
"2021/2022";"Educació secundària obligatòria";"1";"Osona";76;2173;1479;1415;1339;76;122;2109;31;2020;11;957;1077;2034
"2021/2022";"Educació secundària obligatòria";"1";"Pallars Jussà";5;150;124;102;97;5;27;128;3;2020;11;68;70;138
"2021/2022";"Educació secundària obligatòria";"1";"Pallars Sobirà";3;90;89;74;74;0;15;75;2;2020;11;30;34;64
"2021/2022";"Educació secundària obligatòria";"1";"Pla d'Urgell";13;378;360;357;350;7;9;375;4;2020;11;228;247;475
"2021/2022";"Educació secundària obligatòria";"1";"Pla de l'Estany";15;450;414;416;399;17;4;452;4;2020;11;206;209;415
"2021/2022";"Educació secundària obligatòria";"1";"Priorat";3;90;82;62;62;0;20;70;2;2020;11;41;50;91
"2021/2022";"Educació secundària obligatòria";"1";"Ribera d'Ebre";8;240;178;126;126;0;52;188;4;2020;11;90;105;195
"2021/2022";"Educació secundària obligatòria";"1";"Ripollès";11;330;247;166;166;0;81;249;5;2020;11;116;143;259
"2021/2022";"Educació secundària obligatòria";"1";"Segarra";10;300;272;286;255;31;3;314;4;2020;11;113;126;239
"2021/2022";"Educació secundària obligatòria";"1";"Segrià";96;2817;2071;1946;1809;137;195;2692;32;2020;11;1219;1282;2501
"2021/2022";"Educació secundària obligatòria";"1";"Selva";69;1995;1647;1582;1498;84;125;1930;25;2020;11;1011;1057;2068
"2021/2022";"Educació secundària obligatòria";"1";"Solsonès";6;164;149;111;111;0;38;126;3;2020;11;74;87;161
"2021/2022";"Educació secundària obligatòria";"1";"Tarragonès";109;3213;2316;2275;2182;93;116;3172;34;2020;11;1542;1757;3299
"2021/2022";"Educació secundària obligatòria";"1";"Terra Alta";4;120;96;91;87;4;5;115;2;2020;11;45;52;97
"2021/2022";"Educació secundària obligatòria";"1";"Urgell";17;510;431;389;380;9;44;468;6;2020;11;242;205;447
"2021/2022";"Educació secundària obligatòria";"1";"Vallès Occidental";398;11727;7686;7975;7448;527;125;12016;148;2020;11;5822;6250;12072
"2021/2022";"Educació secundària obligatòria";"1";"Vallès Oriental";176;5186;4033;4160;3904;256;94;5313;64;2020;11;2574;2763;5337
"2021/2022";"Educació secundària obligatòria";"2";"Alt Camp";18;540;20;1;1;0;19;521;6;2020;12;247;274;521
"2021/2022";"Educació secundària obligatòria";"2";"Alt Empordà";58;1679;49;3;3;0;47;1633;18;2020;12;749;873;1622
"2021/2022";"Educació secundària obligatòria";"2";"Alt Penedès";49;1432;46;13;11;2;33;1399;17;2020;12;652;733;1385
"2021/2022";"Educació secundària obligatòria";"2";"Alt Urgell";9;270;46;4;2;2;42;228;5;2020;12;88;111;199
"2021/2022";"Educació secundària obligatòria";"2";"Alta Ribagorça";2;60;5;0;0;0;5;55;1;2020;12;19;23;42
"2021/2022";"Educació secundària obligatòria";"2";"Anoia";60;1735;106;24;21;3;82;1653;21;2020;12;773;817;1590
"2021/2022";"Educació secundària obligatòria";"2";"Aran";3;90;6;1;1;0;5;85;1;2020;12;66;53;119
"2021/2022";"Educació secundària obligatòria";"2";"Bages";76;2255;153;23;19;4;132;2125;32;2020;12;999;1054;2053
"2021/2022";"Educació secundària obligatòria";"2";"Baix Camp";87;2581;122;31;22;9;93;2490;28;2020;12;1234;1257;2491
"2021/2022";"Educació secundària obligatòria";"2";"Baix Ebre";31;930;72;14;10;4;60;872;12;2020;12;370;409;779
"2021/2022";"Educació secundària obligatòria";"2";"Baix Empordà";56;1665;103;16;13;3;87;1578;18;2020;12;693;785;1478
"2021/2022";"Educació secundària obligatòria";"2";"Baix Llobregat";329;9765;365;127;100;27;251;9527;111;2020;12;4948;5152;10100
"2021/2022";"Educació secundària obligatòria";"2";"Baix Penedès";49;1452;96;30;24;6;66;1386;13;2020;12;658;695;1353
"2021/2022";"Educació secundària obligatòria";"2";"Barcelonès";737;21654;960;498;363;135;508;21192;304;2020;12;9906;10595;20501
"2021/2022";"Educació secundària obligatòria";"2";"Berguedà";15;450;63;4;3;1;59;391;7;2020;12;170;202;372
"2021/2022";"Educació secundària obligatòria";"2";"Cerdanya";5;150;0;0;0;0;0;150;2;2020;12;105;97;202
"2021/2022";"Educació secundària obligatòria";"2";"Conca de Barberà";7;210;17;0;0;0;17;193;4;2020;12;101;98;199
"2021/2022";"Educació secundària obligatòria";"2";"Garraf";57;1710;62;25;20;5;38;1673;20;2020;12;866;913;1779
"2021/2022";"Educació secundària obligatòria";"2";"Garrigues";7;210;43;2;2;0;41;169;3;2020;12;89;90;179
"2021/2022";"Educació secundària obligatòria";"2";"Garrotxa";21;613;25;9;7;2;16;597;8;2020;12;314;338;652
"2021/2022";"Educació secundària obligatòria";"2";"Gironès";88;2548;40;17;14;3;26;2525;27;2020;12;1148;1237;2385
"2021/2022";"Educació secundària obligatòria";"2";"Maresme";190;5613;350;87;73;14;272;5350;73;2020;12;2604;2685;5289
"2021/2022";"Educació secundària obligatòria";"2";"Moianès";5;150;33;5;4;1;28;122;2;2020;12;82;77;159
"2021/2022";"Educació secundària obligatòria";"2";"Montsià";27;810;79;3;3;0;76;734;10;2020;12;343;401;744
"2021/2022";"Educació secundària obligatòria";"2";"Noguera";18;528;63;2;1;1;61;467;7;2020;12;192;227;419
"2021/2022";"Educació secundària obligatòria";"2";"Osona";76;2192;160;43;38;5;121;2075;31;2020;12;912;1013;1925
"2021/2022";"Educació secundària obligatòria";"2";"Pallars Jussà";6;180;45;0;0;0;45;135;3;2020;12;62;55;117
"2021/2022";"Educació secundària obligatòria";"2";"Pallars Sobirà";3;90;26;0;0;0;26;64;2;2020;12;33;33;66
"2021/2022";"Educació secundària obligatòria";"2";"Pla d'Urgell";14;408;16;2;2;0;14;394;4;2020;12;209;208;417
"2021/2022";"Educació secundària obligatòria";"2";"Pla de l'Estany";13;390;2;0;0;0;2;388;4;2020;12;170;208;378
"2021/2022";"Educació secundària obligatòria";"2";"Priorat";4;120;36;0;0;0;36;84;2;2020;12;44;44;88
"2021/2022";"Educació secundària obligatòria";"2";"Ribera d'Ebre";7;210;38;3;2;1;35;175;4;2020;12;86;89;175
"2021/2022";"Educació secundària obligatòria";"2";"Ripollès";11;330;74;2;2;0;72;258;5;2020;12;117;110;227
"2021/2022";"Educació secundària obligatòria";"2";"Segarra";9;270;24;1;1;0;23;247;4;2020;12;122;139;261
"2021/2022";"Educació secundària obligatòria";"2";"Segrià";95;2781;238;51;41;10;192;2594;32;2020;12;1101;1178;2279
"2021/2022";"Educació secundària obligatòria";"2";"Selva";69;2025;118;19;15;4;100;1926;25;2020;12;919;995;1914
"2021/2022";"Educació secundària obligatòria";"2";"Solsonès";7;191;36;0;0;0;36;155;3;2020;12;57;78;135
"2021/2022";"Educació secundària obligatòria";"2";"Tarragonès";109;3204;121;55;41;14;75;3138;34;2020;12;1508;1523;3031
"2021/2022";"Educació secundària obligatòria";"2";"Terra Alta";4;120;30;0;0;0;30;90;2;2020;12;34;53;87
"2021/2022";"Educació secundària obligatòria";"2";"Urgell";17;510;57;5;3;2;52;458;6;2020;12;201;204;405
"2021/2022";"Educació secundària obligatòria";"2";"Vallès Occidental";408;12006;453;177;132;45;293;11730;146;2020;12;5760;6108;11868
"2021/2022";"Educació secundària obligatòria";"2";"Vallès Oriental";178;5249;186;63;52;11;130;5126;64;2020;12;2453;2676;5129
"2021/2022";"Educació secundària obligatòria";"3";"Alt Camp";18;540;26;5;3;2;23;519;6;2020;13;230;250;480
"2021/2022";"Educació secundària obligatòria";"3";"Alt Empordà";57;1627;80;9;7;2;71;1556;17;2020;13;789;860;1649
"2021/2022";"Educació secundària obligatòria";"3";"Alt Penedès";45;1337;24;6;5;1;20;1319;16;2020;13;652;681;1333
"2021/2022";"Educació secundària obligatòria";"3";"Alt Urgell";9;270;65;2;2;0;63;207;5;2020;13;94;120;214
"2021/2022";"Educació secundària obligatòria";"3";"Alta Ribagorça";2;60;14;0;0;0;14;46;1;2020;13;15;14;29
"2021/2022";"Educació secundària obligatòria";"3";"Anoia";55;1631;55;25;20;5;34;1601;19;2020;13;749;786;1535
"2021/2022";"Educació secundària obligatòria";"3";"Aran";3;90;7;0;0;0;7;83;1;2020;13;54;42;96
"2021/2022";"Educació secundària obligatòria";"3";"Bages";76;2229;168;39;29;10;132;2100;32;2020;13;1012;1031;2043
"2021/2022";"Educació secundària obligatòria";"3";"Baix Camp";85;2515;69;21;14;7;52;2467;27;2020;13;1126;1214;2340
"2021/2022";"Educació secundària obligatòria";"3";"Baix Ebre";31;930;89;18;12;6;71;859;11;2020;13;409;406;815
"2021/2022";"Educació secundària obligatòria";"3";"Baix Empordà";50;1488;83;18;16;2;67;1423;16;2020;13;763;734;1497
"2021/2022";"Educació secundària obligatòria";"3";"Baix Llobregat";321;9523;273;131;100;31;154;9381;111;2020;13;4883;5235;10118
"2021/2022";"Educació secundària obligatòria";"3";"Baix Penedès";47;1389;33;16;12;4;17;1372;12;2020;13;610;673;1283
"2021/2022";"Educació secundària obligatòria";"3";"Barcelonès";717;21167;773;504;373;131;345;20898;299;2020;13;10029;10618;20647
"2021/2022";"Educació secundària obligatòria";"3";"Berguedà";14;420;39;3;2;1;37;384;7;2020;13;151;221;372
"2021/2022";"Educació secundària obligatòria";"3";"Cerdanya";5;150;7;4;4;0;3;147;2;2020;13;109;108;217
"2021/2022";"Educació secundària obligatòria";"3";"Conca de Barberà";7;210;23;2;2;0;21;189;4;2020;13;81;107;188
"2021/2022";"Educació secundària obligatòria";"3";"Garraf";54;1609;29;31;24;7;4;1611;20;2020;13;868;936;1804
"2021/2022";"Educació secundària obligatòria";"3";"Garrigues";7;210;41;5;4;1;36;174;3;2020;13;68;106;174
"2021/2022";"Educació secundària obligatòria";"3";"Garrotxa";21;613;21;7;5;2;15;599;7;2020;13;309;324;633
"2021/2022";"Educació secundària obligatòria";"3";"Gironès";84;2446;26;24;19;5;10;2444;27;2020;13;1178;1190;2368
"2021/2022";"Educació secundària obligatòria";"3";"Maresme";180;5334;258;82;71;11;180;5158;72;2020;13;2568;2816;5384
"2021/2022";"Educació secundària obligatòria";"3";"Moianès";4;120;13;4;4;0;10;111;2;2020;13;88;69;157
"2021/2022";"Educació secundària obligatòria";"3";"Montsià";28;810;71;9;6;3;62;748;10;2020;13;367;382;749
"2021/2022";"Educació secundària obligatòria";"3";"Noguera";15;438;36;2;2;0;34;404;7;2020;13;179;179;358
"2021/2022";"Educació secundària obligatòria";"3";"Osona";68;2010;135;22;19;3;114;1897;28;2020;13;854;919;1773
"2021/2022";"Educació secundària obligatòria";"3";"Pallars Jussà";5;150;37;3;3;0;34;116;3;2020;13;53;57;110
"2021/2022";"Educació secundària obligatòria";"3";"Pallars Sobirà";3;90;27;0;0;0;27;63;2;2020;13;28;28;56
"2021/2022";"Educació secundària obligatòria";"3";"Pla d'Urgell";12;351;3;1;1;0;2;349;4;2020;13;209;217;426
"2021/2022";"Educació secundària obligatòria";"3";"Pla de l'Estany";13;390;10;5;3;2;8;385;4;2020;13;205;221;426
"2021/2022";"Educació secundària obligatòria";"3";"Priorat";4;120;24;1;1;0;23;97;2;2020;13;36;40;76
"2021/2022";"Educació secundària obligatòria";"3";"Ribera d'Ebre";8;240;54;3;3;0;51;189;4;2020;13;91;85;176
"2021/2022";"Educació secundària obligatòria";"3";"Ripollès";9;270;44;5;3;2;39;231;5;2020;13;104;140;244
"2021/2022";"Educació secundària obligatòria";"3";"Segarra";9;270;15;1;1;0;14;256;4;2020;13;112;140;252
"2021/2022";"Educació secundària obligatòria";"3";"Segrià";88;2580;198;53;40;13;148;2435;32;2020;13;1108;1203;2311
"2021/2022";"Educació secundària obligatòria";"3";"Selva";66;1928;134;17;14;3;117;1811;25;2020;13;995;1035;2030
"2021/2022";"Educació secundària obligatòria";"3";"Solsonès";6;167;31;3;3;0;28;139;3;2020;13;73;72;145
"2021/2022";"Educació secundària obligatòria";"3";"Tarragonès";104;3060;103;20;18;2;86;2977;34;2020;13;1523;1600;3123
"2021/2022";"Educació secundària obligatòria";"3";"Terra Alta";4;120;32;0;0;0;32;88;2;2020;13;50;66;116
"2021/2022";"Educació secundària obligatòria";"3";"Urgell";17;510;46;5;4;1;41;469;6;2020;13;206;218;424
"2021/2022";"Educació secundària obligatòria";"3";"Vallès Occidental";401;11811;375;187;151;36;209;11623;140;2020;13;5768;5958;11726
"2021/2022";"Educació secundària obligatòria";"3";"Vallès Oriental";173;5105;152;61;51;10;99;5014;63;2020;13;2519;2709;5228
"2021/2022";"Educació secundària obligatòria";"4";"Alt Camp";16;480;37;4;3;1;33;447;6;2020;14;225;256;481
"2021/2022";"Educació secundària obligatòria";"4";"Alt Empordà";54;1563;55;7;5;2;48;1515;17;2020;14;807;784;1591
"2021/2022";"Educació secundària obligatòria";"4";"Alt Penedès";45;1344;36;12;10;2;27;1320;16;2020;14;625;722;1347
"2021/2022";"Educació secundària obligatòria";"4";"Alt Urgell";9;270;53;0;0;0;53;217;5;2020;14;88;119;207
"2021/2022";"Educació secundària obligatòria";"4";"Alta Ribagorça";2;60;23;0;0;0;23;37;1;2020;14;31;28;59
"2021/2022";"Educació secundària obligatòria";"4";"Anoia";54;1598;121;12;11;1;109;1489;19;2020;14;755;801;1556
"2021/2022";"Educació secundària obligatòria";"4";"Aran";4;120;19;1;1;0;18;102;1;2020;14;45;58;103
"2021/2022";"Educació secundària obligatòria";"4";"Bages";74;2214;196;15;14;1;181;2033;30;2020;14;968;1014;1982
"2021/2022";"Educació secundària obligatòria";"4";"Baix Camp";83;2461;102;20;13;7;85;2379;27;2020;14;1163;1225;2388
"2021/2022";"Educació secundària obligatòria";"4";"Baix Ebre";30;900;80;11;11;0;69;831;11;2020;14;339;403;742
"2021/2022";"Educació secundària obligatòria";"4";"Baix Empordà";47;1398;33;8;8;0;26;1373;16;2020;14;691;703;1394
"2021/2022";"Educació secundària obligatòria";"4";"Baix Llobregat";320;9505;252;95;76;19;162;9348;109;2020;14;4816;5272;10088
"2021/2022";"Educació secundària obligatòria";"4";"Baix Penedès";42;1245;9;4;3;1;6;1240;11;2020;14;601;647;1248
"2021/2022";"Educació secundària obligatòria";"4";"Barcelonès";708;20931;679;486;359;127;278;20738;291;2020;14;9937;10474;20411
"2021/2022";"Educació secundària obligatòria";"4";"Berguedà";14;420;58;6;5;1;52;368;7;2020;14;175;200;375
"2021/2022";"Educació secundària obligatòria";"4";"Cerdanya";5;150;0;0;0;0;0;150;2;2020;14;97;116;213
"2021/2022";"Educació secundària obligatòria";"4";"Conca de Barberà";7;210;13;0;0;0;13;197;4;2020;14;100;122;222
"2021/2022";"Educació secundària obligatòria";"4";"Garraf";55;1638;68;30;23;7;40;1600;20;2020;14;871;894;1765
"2021/2022";"Educació secundària obligatòria";"4";"Garrigues";7;210;25;0;0;0;25;185;3;2020;14;70;88;158
"2021/2022";"Educació secundària obligatòria";"4";"Garrotxa";20;600;12;2;1;1;10;590;7;2020;14;283;306;589
"2021/2022";"Educació secundària obligatòria";"4";"Gironès";83;2383;22;8;6;2;16;2369;26;2020;14;1102;1230;2332
"2021/2022";"Educació secundària obligatòria";"4";"Maresme";183;5440;362;95;86;9;271;5173;70;2020;14;2585;2829;5414
"2021/2022";"Educació secundària obligatòria";"4";"Moianès";4;120;14;2;2;0;12;108;2;2020;14;66;79;145
"2021/2022";"Educació secundària obligatòria";"4";"Montsià";29;870;122;17;15;2;105;765;9;2020;14;338;421;759
"2021/2022";"Educació secundària obligatòria";"4";"Noguera";13;381;31;2;1;1;30;352;7;2020;14;207;200;407
"2021/2022";"Educació secundària obligatòria";"4";"Osona";68;1988;160;25;22;3;135;1853;28;2020;14;925;955;1880
"2021/2022";"Educació secundària obligatòria";"4";"Pallars Jussà";5;150;49;0;0;0;49;101;3;2020;14;57;52;109
"2021/2022";"Educació secundària obligatòria";"4";"Pallars Sobirà";2;60;2;0;0;0;2;58;2;2020;14;33;33;66
"2021/2022";"Educació secundària obligatòria";"4";"Pla d'Urgell";12;351;25;7;7;0;18;333;4;2020;14;179;208;387
"2021/2022";"Educació secundària obligatòria";"4";"Pla de l'Estany";14;420;11;6;5;1;5;415;4;2020;14;189;201;390
"2021/2022";"Educació secundària obligatòria";"4";"Priorat";4;120;31;0;0;0;31;89;2;2020;14;41;44;85
"2021/2022";"Educació secundària obligatòria";"4";"Ribera d'Ebre";7;210;48;0;0;0;48;162;4;2020;14;99;105;204
"2021/2022";"Educació secundària obligatòria";"4";"Ripollès";10;300;52;4;3;1;48;252;5;2020;14;115;137;252
"2021/2022";"Educació secundària obligatòria";"4";"Segarra";10;300;39;3;3;0;36;264;4;2020;14;136;150;286
"2021/2022";"Educació secundària obligatòria";"4";"Segrià";86;2517;151;31;23;8;125;2397;32;2020;14;1084;1123;2207
"2021/2022";"Educació secundària obligatòria";"4";"Selva";69;1992;106;19;15;4;88;1905;24;2020;14;939;984;1923
"2021/2022";"Educació secundària obligatòria";"4";"Solsonès";6;166;13;0;0;0;13;153;3;2020;14;86;72;158
"2021/2022";"Educació secundària obligatòria";"4";"Tarragonès";105;3099;111;19;17;2;93;3007;34;2020;14;1499;1516;3015
"2021/2022";"Educació secundària obligatòria";"4";"Terra Alta";5;150;42;0;0;0;42;108;2;2020;14;49;50;99
"2021/2022";"Educació secundària obligatòria";"4";"Urgell";16;480;43;5;5;0;38;442;6;2020;14;206;185;391
"2021/2022";"Educació secundària obligatòria";"4";"Vallès Occidental";383;11310;209;98;72;26;125;11199;132;2020;14;5559;5889;11448
"2021/2022";"Educació secundària obligatòria";"4";"Vallès Oriental";176;5226;229;50;42;8;186;5047;62;2020;14;2500;2603;5103
"2022/2023";"Educació infantil: Parvulari";"1";"Alt Camp";23;446;446;334;328;6;112;334;27;2021;2;178;183;361
"2022/2023";"Educació infantil: Parvulari";"1";"Alt Empordà";69;1339;1339;1131;1045;86;213;1131;69;2021;2;627;701;1328
"2022/2023";"Educació infantil: Parvulari";"1";"Alt Penedès";53;992;989;916;858;58;76;919;46;2021;2;452;494;946
"2022/2023";"Educació infantil: Parvulari";"1";"Alt Urgell";7;145;145;116;111;5;29;116;12;2021;2;67;67;134
"2022/2023";"Educació infantil: Parvulari";"1";"Alta Ribagorça";2;31;31;19;19;0;12;19;3;2021;2;13;16;29
"2022/2023";"Educació infantil: Parvulari";"1";"Anoia";57;1183;1156;948;897;51;215;975;48;2021;2;540;558;1098
"2022/2023";"Educació infantil: Parvulari";"1";"Aran";5;83;83;71;70;1;12;71;7;2021;2;26;46;72
"2022/2023";"Educació infantil: Parvulari";"1";"Bages";80;1670;1670;1451;1309;142;230;1451;62;2021;2;745;832;1577
"2022/2023";"Educació infantil: Parvulari";"1";"Baix Camp";93;1867;1867;1635;1482;153;232;1635;61;2021;2;821;883;1704
"2022/2023";"Educació infantil: Parvulari";"1";"Baix Ebre";35;776;776;624;547;77;152;624;32;2021;2;329;314;643
"2022/2023";"Educació infantil: Parvulari";"1";"Baix Empordà";57;1163;1163;1000;939;61;164;1000;44;2021;2;549;549;1098
"2022/2023";"Educació infantil: Parvulari";"1";"Baix Llobregat";327;6732;6725;5999;5423;576;730;6006;209;2021;2;3342;3622;6964
"2022/2023";"Educació infantil: Parvulari";"1";"Baix Penedès";52;1050;1049;924;850;74;126;925;28;2021;2;423;437;860
"2022/2023";"Educació infantil: Parvulari";"1";"Barcelonès";801;17513;17482;15536;13821;1715;1957;15567;478;2021;2;8624;9021;17645
"2022/2023";"Educació infantil: Parvulari";"1";"Berguedà";17;367;362;262;255;7;104;267;23;2021;2;141;147;288
"2022/2023";"Educació infantil: Parvulari";"1";"Cerdanya";8;166;166;113;111;2;53;113;13;2021;2;77;74;151
"2022/2023";"Educació infantil: Parvulari";"1";"Conca de Barberà";8;188;188;112;109;3;76;112;14;2021;2;67;87;154
"2022/2023";"Educació infantil: Parvulari";"1";"Garraf";56;1123;1119;1015;899;116;106;1019;33;2021;2;602;615;1217
"2022/2023";"Educació infantil: Parvulari";"1";"Garrigues";6;177;177;141;137;4;36;141;16;2021;2;59;79;138
"2022/2023";"Educació infantil: Parvulari";"1";"Garrotxa";23;492;492;451;419;32;41;451;24;2021;2;235;271;506
"2022/2023";"Educació infantil: Parvulari";"1";"Gironès";96;1843;1842;1738;1609;129;121;1739;61;2021;2;978;1010;1988
"2022/2023";"Educació infantil: Parvulari";"1";"Maresme";180;3729;3722;3311;2962;349;419;3318;121;2021;2;1919;1865;3784
"2022/2023";"Educació infantil: Parvulari";"1";"Moianès";6;155;155;88;88;0;67;88;10;2021;2;52;46;98
"2022/2023";"Educació infantil: Parvulari";"1";"Montsià";29;632;632;496;472;24;136;496;21;2021;2;253;295;548
"2022/2023";"Educació infantil: Parvulari";"1";"Noguera";15;348;348;264;260;4;84;264;33;2021;2;163;164;327
"2022/2023";"Educació infantil: Parvulari";"1";"Osona";79;1673;1673;1425;1331;94;253;1425;65;2021;2;714;772;1486
"2022/2023";"Educació infantil: Parvulari";"1";"Pallars Jussà";6;113;113;84;84;0;29;84;7;2021;2;34;41;75
"2022/2023";"Educació infantil: Parvulari";"1";"Pallars Sobirà";3;54;54;48;48;0;6;48;7;2021;2;23;32;55
"2022/2023";"Educació infantil: Parvulari";"1";"Pla d'Urgell";17;366;366;274;274;0;93;274;19;2021;2;148;138;286
"2022/2023";"Educació infantil: Parvulari";"1";"Pla de l'Estany";15;281;281;264;242;22;17;264;12;2021;2;140;139;279
"2022/2023";"Educació infantil: Parvulari";"1";"Priorat";2;85;85;34;34;0;51;34;15;2021;2;19;22;41
"2022/2023";"Educació infantil: Parvulari";"1";"Ribera d'Ebre";8;245;245;128;128;0;117;128;16;2021;2;69;80;149
"2022/2023";"Educació infantil: Parvulari";"1";"Ripollès";9;236;236;166;164;2;71;166;14;2021;2;82;89;171
"2022/2023";"Educació infantil: Parvulari";"1";"Segarra";10;206;206;180;164;16;26;180;12;2021;2;103;107;210
"2022/2023";"Educació infantil: Parvulari";"1";"Segrià";93;1932;1930;1702;1527;175;230;1704;80;2021;2;867;901;1768
"2022/2023";"Educació infantil: Parvulari";"1";"Selva";73;1478;1477;1306;1219;87;180;1307;45;2021;2;741;716;1457
"2022/2023";"Educació infantil: Parvulari";"1";"Solsonès";7;167;167;133;129;4;34;133;11;2021;2;58;58;116
"2022/2023";"Educació infantil: Parvulari";"1";"Tarragonès";114;2405;2381;2080;1945;135;306;2104;67;2021;2;1158;1232;2390
"2022/2023";"Educació infantil: Parvulari";"1";"Terra Alta";4;140;140;59;59;0;81;59;12;2021;2;41;45;86
"2022/2023";"Educació infantil: Parvulari";"1";"Urgell";18;367;367;301;292;9;66;301;23;2021;2;168;182;350
"2022/2023";"Educació infantil: Parvulari";"1";"Vallès Occidental";393;8322;8318;7549;7054;495;770;7553;238;2021;2;4057;4192;8249
"2022/2023";"Educació infantil: Parvulari";"1";"Vallès Oriental";171;3504;3497;3101;2846;255;399;3108;119;2021;2;1667;1800;3467
"2022/2023";"Educació infantil: Parvulari";"2";"Alt Camp";18;458;94;6;4;2;88;370;27;2021;3;208;217;425
"2022/2023";"Educació infantil: Parvulari";"2";"Alt Empordà";58;1364;104;17;13;4;89;1277;69;2021;3;700;715;1415
"2022/2023";"Educació infantil: Parvulari";"2";"Alt Penedès";47;1003;69;20;17;3;54;954;46;2021;3;530;537;1067
"2022/2023";"Educació infantil: Parvulari";"2";"Alt Urgell";6;146;21;3;3;0;18;128;12;2021;3;80;81;161
"2022/2023";"Educació infantil: Parvulari";"2";"Alta Ribagorça";1;37;8;0;0;0;8;29;3;2021;3;14;15;29
"2022/2023";"Educació infantil: Parvulari";"2";"Anoia";53;1245;188;29;21;8;159;1086;48;2021;3;548;648;1196
"2022/2023";"Educació infantil: Parvulari";"2";"Aran";2;73;2;0;0;0;2;71;7;2021;3;33;49;82
"2022/2023";"Educació infantil: Parvulari";"2";"Bages";74;1789;283;26;18;8;257;1532;59;2021;3;790;880;1670
"2022/2023";"Educació infantil: Parvulari";"2";"Baix Camp";85;1929;224;54;31;23;170;1759;61;2021;3;934;999;1933
"2022/2023";"Educació infantil: Parvulari";"2";"Baix Ebre";30;814;197;9;8;1;188;626;32;2021;3;341;374;715
"2022/2023";"Educació infantil: Parvulari";"2";"Baix Empordà";55;1264;205;19;18;1;186;1078;44;2021;3;645;631;1276
"2022/2023";"Educació infantil: Parvulari";"2";"Baix Llobregat";303;7429;1040;121;93;28;919;6510;208;2021;3;3659;3899;7558
"2022/2023";"Educació infantil: Parvulari";"2";"Baix Penedès";43;1043;170;28;23;5;144;901;28;2021;3;467;494;961
"2022/2023";"Educació infantil: Parvulari";"2";"Barcelonès";748;18078;1837;479;284;195;1361;16720;466;2021;3;9052;9585;18637
"2022/2023";"Educació infantil: Parvulari";"2";"Berguedà";11;344;81;5;4;1;77;268;22;2021;3;153;163;316
"2022/2023";"Educació infantil: Parvulari";"2";"Cerdanya";7;168;39;4;2;2;35;133;13;2021;3;88;83;171
"2022/2023";"Educació infantil: Parvulari";"2";"Conca de Barberà";7;201;61;1;1;0;60;141;13;2021;3;71;102;173
"2022/2023";"Educació infantil: Parvulari";"2";"Garraf";54;1202;78;24;11;13;54;1148;33;2021;3;607;651;1258
"2022/2023";"Educació infantil: Parvulari";"2";"Garrigues";6;177;48;4;3;1;44;133;16;2021;3;60;74;134
"2022/2023";"Educació infantil: Parvulari";"2";"Garrotxa";23;529;36;7;6;1;29;500;24;2021;3;235;289;524
"2022/2023";"Educació infantil: Parvulari";"2";"Gironès";94;2039;149;36;25;11;122;1926;61;2021;3;1020;1062;2082
"2022/2023";"Educació infantil: Parvulari";"2";"Maresme";173;4109;562;83;62;21;483;3630;117;2021;3;1976;2108;4084
"2022/2023";"Educació infantil: Parvulari";"2";"Moianès";4;126;46;3;2;1;43;83;9;2021;3;57;54;111
"2022/2023";"Educació infantil: Parvulari";"2";"Montsià";24;663;95;10;6;4;85;578;21;2021;3;294;277;571
"2022/2023";"Educació infantil: Parvulari";"2";"Noguera";15;384;74;4;4;0;70;314;33;2021;3;154;174;328
"2022/2023";"Educació infantil: Parvulari";"2";"Osona";71;1720;293;41;36;5;252;1468;61;2021;3;759;791;1550
"2022/2023";"Educació infantil: Parvulari";"2";"Pallars Jussà";4;102;28;0;0;0;28;74;7;2021;3;42;52;94
"2022/2023";"Educació infantil: Parvulari";"2";"Pallars Sobirà";2;50;0;0;0;0;0;50;7;2021;3;25;33;58
"2022/2023";"Educació infantil: Parvulari";"2";"Pla d'Urgell";18;432;129;8;7;1;121;311;19;2021;3;156;191;347
"2022/2023";"Educació infantil: Parvulari";"2";"Pla de l'Estany";13;266;0;3;3;0;0;269;12;2021;3;172;169;341
"2022/2023";"Educació infantil: Parvulari";"2";"Priorat";1;80;40;0;0;0;40;40;15;2021;3;32;46;78
"2022/2023";"Educació infantil: Parvulari";"2";"Ribera d'Ebre";8;241;100;1;1;0;99;142;16;2021;3;82;106;188
"2022/2023";"Educació infantil: Parvulari";"2";"Ripollès";7;188;19;5;3;2;15;174;14;2021;3;105;93;198
"2022/2023";"Educació infantil: Parvulari";"2";"Segarra";9;220;7;0;0;0;7;213;12;2021;3;107;101;208
"2022/2023";"Educació infantil: Parvulari";"2";"Segrià";86;2014;225;42;26;16;184;1831;80;2021;3;967;985;1952
"2022/2023";"Educació infantil: Parvulari";"2";"Selva";66;1534;212;28;18;10;186;1350;43;2021;3;762;814;1576
"2022/2023";"Educació infantil: Parvulari";"2";"Solsonès";5;158;40;1;1;0;39;119;11;2021;3;86;80;166
"2022/2023";"Educació infantil: Parvulari";"2";"Tarragonès";111;2590;290;41;29;12;250;2341;68;2021;3;1214;1225;2439
"2022/2023";"Educació infantil: Parvulari";"2";"Terra Alta";3;150;59;2;2;0;57;93;12;2021;3;35;29;64
"2022/2023";"Educació infantil: Parvulari";"2";"Urgell";15;405;58;3;3;0;55;350;23;2021;3;177;177;354
"2022/2023";"Educació infantil: Parvulari";"2";"Vallès Occidental";382;8807;899;169;131;38;735;8077;233;2021;3;4274;4636;8910
"2022/2023";"Educació infantil: Parvulari";"2";"Vallès Oriental";169;4035;628;78;65;13;551;3485;119;2021;3;1868;1933;3801
"2022/2023";"Educació infantil: Parvulari";"3";"Alt Camp";30;485;73;4;3;1;70;416;27;2021;4;217;233;450
"2022/2023";"Educació infantil: Parvulari";"3";"Alt Empordà";87;1415;88;12;6;6;78;1339;69;2021;4;642;657;1299
"2022/2023";"Educació infantil: Parvulari";"3";"Alt Penedès";60;1115;86;12;11;1;75;1041;46;2021;4;514;593;1107
"2022/2023";"Educació infantil: Parvulari";"3";"Alt Urgell";13;157;6;3;3;0;3;154;12;2021;4;84;88;172
"2022/2023";"Educació infantil: Parvulari";"3";"Alta Ribagorça";3;38;7;0;0;0;7;31;3;2021;4;10;24;34
"2022/2023";"Educació infantil: Parvulari";"3";"Anoia";65;1379;209;22;21;1;189;1192;48;2021;4;625;614;1239
"2022/2023";"Educació infantil: Parvulari";"3";"Aran";7;76;0;0;0;0;0;76;7;2021;4;51;50;101
"2022/2023";"Educació infantil: Parvulari";"3";"Bages";83;1930;278;21;17;4;257;1673;61;2021;4;905;892;1797
"2022/2023";"Educació infantil: Parvulari";"3";"Baix Camp";94;2020;146;16;9;7;130;1890;61;2021;4;932;1056;1988
"2022/2023";"Educació infantil: Parvulari";"3";"Baix Ebre";41;884;199;15;9;6;184;700;32;2021;4;356;366;722
"2022/2023";"Educació infantil: Parvulari";"3";"Baix Empordà";64;1316;109;25;16;9;85;1232;44;2021;4;626;699;1325
"2022/2023";"Educació infantil: Parvulari";"3";"Baix Llobregat";320;7870;916;114;84;30;802;7068;208;2021;4;3965;4110;8075
"2022/2023";"Educació infantil: Parvulari";"3";"Baix Penedès";46;1096;118;28;22;6;90;1006;28;2021;4;489;513;1002
"2022/2023";"Educació infantil: Parvulari";"3";"Barcelonès";779;19122;1594;420;254;166;1175;17948;475;2021;4;9286;9844;19130
"2022/2023";"Educació infantil: Parvulari";"3";"Berguedà";21;372;87;6;4;2;81;291;23;2021;4;169;192;361
"2022/2023";"Educació infantil: Parvulari";"3";"Cerdanya";11;160;13;1;1;0;12;148;13;2021;4;72;97;169
"2022/2023";"Educació infantil: Parvulari";"3";"Conca de Barberà";14;209;52;2;2;0;50;159;13;2021;4;68;97;165
"2022/2023";"Educació infantil: Parvulari";"3";"Garraf";55;1244;92;28;19;9;66;1180;33;2021;4;689;718;1407
"2022/2023";"Educació infantil: Parvulari";"3";"Garrigues";17;184;56;2;2;0;54;130;16;2021;4;79;89;168
"2022/2023";"Educació infantil: Parvulari";"3";"Garrotxa";30;545;43;12;9;3;31;514;24;2021;4;274;276;550
"2022/2023";"Educació infantil: Parvulari";"3";"Gironès";95;2157;171;47;36;11;130;2033;61;2021;4;1075;1104;2179
"2022/2023";"Educació infantil: Parvulari";"3";"Maresme";182;4410;526;81;57;24;451;3965;120;2021;4;2123;2270;4393
"2022/2023";"Educació infantil: Parvulari";"3";"Moianès";10;149;39;2;2;0;37;112;9;2021;4;59;66;125
"2022/2023";"Educació infantil: Parvulari";"3";"Montsià";30;669;106;10;8;2;97;573;21;2021;4;282;285;567
"2022/2023";"Educació infantil: Parvulari";"3";"Noguera";33;384;75;5;5;0;70;314;33;2021;4;171;161;332
"2022/2023";"Educació infantil: Parvulari";"3";"Osona";86;1814;292;37;30;7;256;1559;64;2021;4;791;808;1599
"2022/2023";"Educació infantil: Parvulari";"3";"Pallars Jussà";7;121;20;1;0;1;19;102;7;2021;4;42;42;84
"2022/2023";"Educació infantil: Parvulari";"3";"Pallars Sobirà";5;54;1;1;1;0;0;54;7;2021;4;28;20;48
"2022/2023";"Educació infantil: Parvulari";"3";"Pla d'Urgell";23;448;88;7;7;0;82;367;19;2021;4;171;157;328
"2022/2023";"Educació infantil: Parvulari";"3";"Pla de l'Estany";17;316;1;3;3;0;1;318;12;2021;4;144;195;339
"2022/2023";"Educació infantil: Parvulari";"3";"Priorat";11;133;59;2;2;0;57;76;15;2021;4;32;29;61
"2022/2023";"Educació infantil: Parvulari";"3";"Ribera d'Ebre";15;272;90;1;1;0;89;183;16;2021;4;90;109;199
"2022/2023";"Educació infantil: Parvulari";"3";"Ripollès";14;218;29;3;3;0;26;192;14;2021;4;73;88;161
"2022/2023";"Educació infantil: Parvulari";"3";"Segarra";14;248;31;4;4;0;27;221;12;2021;4;118;127;245
"2022/2023";"Educació infantil: Parvulari";"3";"Segrià";111;2240;274;39;31;8;237;2005;80;2021;4;985;1041;2026
"2022/2023";"Educació infantil: Parvulari";"3";"Selva";69;1631;161;25;14;11;139;1495;45;2021;4;834;848;1682
"2022/2023";"Educació infantil: Parvulari";"3";"Solsonès";12;191;26;2;2;0;24;167;11;2021;4;76;73;149
"2022/2023";"Educació infantil: Parvulari";"3";"Tarragonès";113;2623;248;29;17;12;223;2404;68;2021;4;1315;1304;2619
"2022/2023";"Educació infantil: Parvulari";"3";"Terra Alta";10;131;64;0;0;0;64;67;12;2021;4;39;50;89
"2022/2023";"Educació infantil: Parvulari";"3";"Urgell";24;408;64;1;1;0;63;345;23;2021;4;188;187;375
"2022/2023";"Educació infantil: Parvulari";"3";"Vallès Occidental";388;9485;942;186;130;56;757;8729;234;2021;4;4565;4963;9528
"2022/2023";"Educació infantil: Parvulari";"3";"Vallès Oriental";174;4218;504;68;50;18;438;3782;119;2021;4;1961;2017;3978
"2022/2023";"Educació primària";"1";"Alt Camp";20;521;74;4;3;1;70;451;27;2021;5;228;243;471
"2022/2023";"Educació primària";"1";"Alt Empordà";59;1359;87;8;5;3;83;1280;69;2021;5;744;784;1528
"2022/2023";"Educació primària";"1";"Alt Penedès";51;1166;89;30;25;5;64;1107;46;2021;5;572;576;1148
"2022/2023";"Educació primària";"1";"Alt Urgell";7;176;10;3;3;0;7;169;12;2021;5;93;85;178
"2022/2023";"Educació primària";"1";"Alta Ribagorça";1;35;2;0;0;0;2;33;3;2021;5;19;15;34
"2022/2023";"Educació primària";"1";"Anoia";58;1465;255;30;27;3;225;1240;48;2021;5;584;607;1191
"2022/2023";"Educació primària";"1";"Aran";3;92;2;0;0;0;2;90;7;2021;5;46;53;99
"2022/2023";"Educació primària";"1";"Bages";81;2025;256;26;23;3;230;1795;62;2021;5;877;923;1800
"2022/2023";"Educació primària";"1";"Baix Camp";88;2119;207;36;26;10;171;1948;61;2021;5;975;1074;2049
"2022/2023";"Educació primària";"1";"Baix Ebre";31;867;169;15;9;6;154;713;32;2021;5;358;365;723
"2022/2023";"Educació primària";"1";"Baix Empordà";58;1385;129;15;14;1;116;1271;44;2021;5;621;726;1347
"2022/2023";"Educació primària";"1";"Baix Llobregat";325;8044;595;135;91;44;468;7584;209;2021;5;4032;4263;8295
"2022/2023";"Educació primària";"1";"Baix Penedès";47;1159;167;42;29;13;126;1034;28;2021;5;554;571;1125
"2022/2023";"Educació primària";"1";"Barcelonès";815;20074;2128;810;645;165;1319;18756;477;2021;5;9590;9981;19571
"2022/2023";"Educació primària";"1";"Berguedà";15;439;87;10;8;2;77;362;23;2021;5;159;194;353
"2022/2023";"Educació primària";"1";"Cerdanya";7;183;30;1;1;0;29;154;13;2021;5;92;96;188
"2022/2023";"Educació primària";"1";"Conca de Barberà";8;222;51;0;0;0;51;171;14;2021;5;85;113;198
"2022/2023";"Educació primària";"1";"Garraf";56;1400;138;38;21;17;100;1300;33;2021;5;720;699;1419
"2022/2023";"Educació primària";"1";"Garrigues";6;201;42;2;2;0;40;161;16;2021;5;77;69;146
"2022/2023";"Educació primària";"1";"Garrotxa";25;567;35;16;15;1;19;548;23;2021;5;287;292;579
"2022/2023";"Educació primària";"1";"Gironès";98;2290;218;68;53;15;159;2140;61;2021;5;1023;1221;2244
"2022/2023";"Educació primària";"1";"Maresme";186;4624;459;99;74;25;366;4264;121;2021;5;2128;2352;4480
"2022/2023";"Educació primària";"1";"Moianès";5;167;45;0;0;0;45;122;10;2021;5;62;66;128
"2022/2023";"Educació primària";"1";"Montsià";27;723;148;9;8;1;139;584;21;2021;5;318;312;630
"2022/2023";"Educació primària";"1";"Noguera";13;330;13;1;1;0;12;318;33;2021;5;194;184;378
"2022/2023";"Educació primària";"1";"Osona";78;1944;372;38;36;2;335;1610;65;2021;5;823;837;1660
"2022/2023";"Educació primària";"1";"Pallars Jussà";4;112;19;0;0;0;19;93;7;2021;5;58;46;104
"2022/2023";"Educació primària";"1";"Pallars Sobirà";2;46;0;0;0;0;0;46;7;2021;5;29;35;64
"2022/2023";"Educació primària";"1";"Pla d'Urgell";19;445;108;6;6;0;102;343;19;2021;5;180;191;371
"2022/2023";"Educació primària";"1";"Pla de l'Estany";16;348;26;21;20;1;6;343;13;2021;5;195;186;381
"2022/2023";"Educació primària";"1";"Priorat";1;89;27;0;0;0;27;62;15;2021;5;32;31;63
"2022/2023";"Educació primària";"1";"Ribera d'Ebre";10;312;123;4;4;0;119;193;16;2021;5;83;109;192
"2022/2023";"Educació primària";"1";"Ripollès";8;205;46;5;5;0;41;164;14;2021;5;95;110;205
"2022/2023";"Educació primària";"1";"Segarra";12;294;44;3;2;1;41;253;12;2021;5;121;127;248
"2022/2023";"Educació primària";"1";"Segrià";93;2321;278;41;24;17;249;2084;80;2021;5;1014;1091;2105
"2022/2023";"Educació primària";"1";"Selva";75;1770;215;34;30;4;185;1589;45;2021;5;830;844;1674
"2022/2023";"Educació primària";"1";"Solsonès";6;165;21;2;2;0;20;146;11;2021;5;69;72;141
"2022/2023";"Educació primària";"1";"Tarragonès";111;2702;190;58;46;12;133;2570;67;2021;5;1347;1429;2776
"2022/2023";"Educació primària";"1";"Terra Alta";3;149;56;3;3;0;53;96;12;2021;5;44;47;91
"2022/2023";"Educació primària";"1";"Urgell";16;436;61;3;2;1;58;378;23;2021;5;179;194;373
"2022/2023";"Educació primària";"1";"Vallès Occidental";398;9806;782;292;235;57;497;9316;237;2021;5;4675;5066;9741
"2022/2023";"Educació primària";"1";"Vallès Oriental";181;4434;567;100;79;21;472;3967;119;2021;5;1971;2112;4083
"2022/2023";"Educació primària";"2";"Alt Camp";23;542;62;4;4;0;58;484;27;2021;6;222;201;423
"2022/2023";"Educació primària";"2";"Alt Empordà";71;1552;83;7;5;2;76;1476;69;2021;6;697;739;1436
"2022/2023";"Educació primària";"2";"Alt Penedès";61;1237;83;13;12;1;72;1167;46;2021;6;539;644;1183
"2022/2023";"Educació primària";"2";"Alt Urgell";8;180;15;5;4;1;10;170;12;2021;6;97;85;182
"2022/2023";"Educació primària";"2";"Alta Ribagorça";2;40;12;0;0;0;12;28;3;2021;6;13;20;33
"2022/2023";"Educació primària";"2";"Anoia";61;1406;246;17;13;4;229;1177;48;2021;6;626;665;1291
"2022/2023";"Educació primària";"2";"Aran";6;88;1;0;0;0;1;87;7;2021;6;43;59;102
"2022/2023";"Educació primària";"2";"Bages";87;2057;272;13;9;4;259;1798;62;2021;6;920;944;1864
"2022/2023";"Educació primària";"2";"Baix Camp";91;2169;164;26;15;11;138;2031;61;2021;6;999;1121;2120
"2022/2023";"Educació primària";"2";"Baix Ebre";34;873;167;9;9;0;158;715;32;2021;6;395;330;725
"2022/2023";"Educació primària";"2";"Baix Empordà";62;1377;96;12;7;5;84;1293;44;2021;6;638;651;1289
"2022/2023";"Educació primària";"2";"Baix Llobregat";329;8156;554;74;48;26;482;7676;209;2021;6;4161;4434;8595
"2022/2023";"Educació primària";"2";"Baix Penedès";49;1236;99;17;15;2;82;1154;28;2021;6;508;612;1120
"2022/2023";"Educació primària";"2";"Barcelonès";804;19783;1073;338;192;146;736;19048;474;2021;6;9329;10015;19344
"2022/2023";"Educació primària";"2";"Berguedà";21;432;95;1;1;0;94;338;23;2021;6;169;177;346
"2022/2023";"Educació primària";"2";"Cerdanya";7;181;23;1;1;0;22;159;13;2021;6;88;106;194
"2022/2023";"Educació primària";"2";"Conca de Barberà";9;212;26;3;3;0;23;189;13;2021;6;91;98;189
"2022/2023";"Educació primària";"2";"Garraf";57;1425;126;29;23;6;98;1328;33;2021;6;744;760;1504
"2022/2023";"Educació primària";"2";"Garrigues";5;163;22;1;1;0;21;142;16;2021;6;89;71;160
"2022/2023";"Educació primària";"2";"Garrotxa";27;577;11;3;3;0;8;569;23;2021;6;272;299;571
"2022/2023";"Educació primària";"2";"Gironès";102;2317;126;29;18;11;104;2220;61;2021;6;1092;1226;2318
"2022/2023";"Educació primària";"2";"Maresme";188;4678;376;67;50;17;310;4369;121;2021;6;2248;2469;4717
"2022/2023";"Educació primària";"2";"Moianès";7;165;39;1;1;0;38;127;10;2021;6;51;55;106
"2022/2023";"Educació primària";"2";"Montsià";29;733;86;3;1;2;83;650;21;2021;6;294;319;613
"2022/2023";"Educació primària";"2";"Noguera";17;435;61;1;1;0;60;375;33;2021;6;179;200;379
"2022/2023";"Educació primària";"2";"Osona";82;1906;273;37;33;4;236;1670;65;2021;6;848;936;1784
"2022/2023";"Educació primària";"2";"Pallars Jussà";5;136;26;0;0;0;26;110;7;2021;6;50;61;111
"2022/2023";"Educació primària";"2";"Pallars Sobirà";3;62;1;0;0;0;1;61;7;2021;6;22;26;48
"2022/2023";"Educació primària";"2";"Pla d'Urgell";21;452;74;2;2;0;72;380;19;2021;6;217;213;430
"2022/2023";"Educació primària";"2";"Pla de l'Estany";17;354;6;3;3;0;5;351;13;2021;6;175;196;371
"2022/2023";"Educació primària";"2";"Priorat";3;105;40;0;0;0;40;65;15;2021;6;43;32;75
"2022/2023";"Educació primària";"2";"Ribera d'Ebre";10;286;112;1;0;1;111;175;16;2021;6;80;97;177
"2022/2023";"Educació primària";"2";"Ripollès";9;225;25;2;1;1;23;202;14;2021;6;95;95;190
"2022/2023";"Educació primària";"2";"Segarra";13;317;62;1;0;1;61;256;12;2021;6;121;120;241
"2022/2023";"Educació primària";"2";"Segrià";103;2337;188;29;18;11;165;2178;80;2021;6;981;1096;2077
"2022/2023";"Educació primària";"2";"Selva";70;1672;126;17;11;6;114;1563;45;2021;6;838;862;1700
"2022/2023";"Educació primària";"2";"Solsonès";7;174;33;4;4;0;29;145;11;2021;6;53;69;122
"2022/2023";"Educació primària";"2";"Tarragonès";122;2931;216;29;22;7;189;2744;67;2021;6;1352;1459;2811
"2022/2023";"Educació primària";"2";"Terra Alta";5;147;53;2;2;0;51;96;12;2021;6;41;35;76
"2022/2023";"Educació primària";"2";"Urgell";19;417;65;5;5;0;60;357;23;2021;6;201;213;414
"2022/2023";"Educació primària";"2";"Vallès Occidental";400;9839;514;125;82;43;391;9450;237;2021;6;4785;5274;10059
"2022/2023";"Educació primària";"2";"Vallès Oriental";183;4483;484;68;49;19;417;4067;119;2021;6;2006;2138;4144
"2022/2023";"Educació primària";"3";"Alt Camp";24;509;82;3;3;0;79;430;27;2021;7;250;211;461
"2022/2023";"Educació primària";"3";"Alt Empordà";72;1468;91;8;8;0;84;1385;69;2021;7;705;765;1470
"2022/2023";"Educació primària";"3";"Alt Penedès";53;1226;61;16;14;2;47;1181;46;2021;7;576;611;1187
"2022/2023";"Educació primària";"3";"Alt Urgell";8;179;7;0;0;0;7;172;12;2021;7;81;91;172
"2022/2023";"Educació primària";"3";"Alta Ribagorça";2;36;5;0;0;0;5;31;3;2021;7;18;24;42
"2022/2023";"Educació primària";"3";"Anoia";58;1479;236;16;12;4;220;1259;48;2021;7;651;680;1331
"2022/2023";"Educació primària";"3";"Aran";4;103;0;0;0;0;0;103;7;2021;7;46;42;88
"2022/2023";"Educació primària";"3";"Bages";83;2059;214;15;13;2;199;1860;62;2021;7;886;965;1851
"2022/2023";"Educació primària";"3";"Baix Camp";90;2164;96;16;9;7;80;2084;61;2021;7;996;1044;2040
"2022/2023";"Educació primària";"3";"Baix Ebre";36;882;164;10;7;3;154;728;32;2021;7;362;386;748
"2022/2023";"Educació primària";"3";"Baix Empordà";62;1427;189;14;12;2;177;1252;44;2021;7;644;700;1344
"2022/2023";"Educació primària";"3";"Baix Llobregat";334;8285;437;83;46;37;356;7931;209;2021;7;4126;4269;8395
"2022/2023";"Educació primària";"3";"Baix Penedès";53;1287;179;28;17;11;152;1136;28;2021;7;513;575;1088
"2022/2023";"Educació primària";"3";"Barcelonès";807;19865;1165;338;187;151;827;19038;476;2021;7;9428;9901;19329
"2022/2023";"Educació primària";"3";"Berguedà";13;417;89;1;1;0;88;329;22;2021;7;163;161;324
"2022/2023";"Educació primària";"3";"Cerdanya";11;180;15;0;0;0;15;165;13;2021;7;74;78;152
"2022/2023";"Educació primària";"3";"Conca de Barberà";9;207;22;1;1;0;21;186;13;2021;7;81;106;187
"2022/2023";"Educació primària";"3";"Garraf";57;1425;86;19;12;7;69;1358;33;2021;7;739;740;1479
"2022/2023";"Educació primària";"3";"Garrigues";14;195;28;4;4;0;24;171;16;2021;7;72;70;142
"2022/2023";"Educació primària";"3";"Garrotxa";29;583;22;4;3;1;18;565;23;2021;7;299;293;592
"2022/2023";"Educació primària";"3";"Gironès";102;2375;118;43;34;9;86;2300;61;2021;7;1123;1132;2255
"2022/2023";"Educació primària";"3";"Maresme";196;4837;353;54;38;16;302;4538;121;2021;7;2216;2383;4599
"2022/2023";"Educació primària";"3";"Moianès";10;175;68;1;1;0;67;108;10;2021;7;78;67;145
"2022/2023";"Educació primària";"3";"Montsià";29;736;120;10;10;0;110;626;21;2021;7;273;315;588
"2022/2023";"Educació primària";"3";"Noguera";22;401;28;3;2;1;25;376;33;2021;7;191;180;371
"2022/2023";"Educació primària";"3";"Osona";80;1918;200;26;23;3;179;1744;63;2021;7;801;907;1708
"2022/2023";"Educació primària";"3";"Pallars Jussà";8;143;28;2;2;0;26;117;7;2021;7;50;62;112
"2022/2023";"Educació primària";"3";"Pallars Sobirà";3;46;2;1;1;0;1;45;7;2021;7;31;34;65
"2022/2023";"Educació primària";"3";"Pla d'Urgell";22;528;94;8;8;0;86;442;19;2021;7;201;185;386
"2022/2023";"Educació primària";"3";"Pla de l'Estany";19;385;15;6;4;2;10;376;13;2021;7;176;196;372
"2022/2023";"Educació primària";"3";"Priorat";3;121;45;0;0;0;45;76;15;2021;7;38;38;76
"2022/2023";"Educació primària";"3";"Ribera d'Ebre";11;263;94;1;1;0;93;170;16;2021;7;96;109;205
"2022/2023";"Educació primària";"3";"Ripollès";8;202;20;2;2;0;18;184;14;2021;7;115;119;234
"2022/2023";"Educació primària";"3";"Segarra";14;277;42;0;0;0;42;235;12;2021;7;141;136;277
"2022/2023";"Educació primària";"3";"Segrià";94;2283;165;15;10;5;155;2133;80;2021;7;984;1098;2082
"2022/2023";"Educació primària";"3";"Selva";73;1711;130;18;13;5;115;1599;45;2021;7;778;905;1683
"2022/2023";"Educació primària";"3";"Solsonès";5;152;29;1;1;0;29;124;11;2021;7;63;69;132
"2022/2023";"Educació primària";"3";"Tarragonès";118;2929;227;32;23;9;196;2734;67;2021;7;1262;1408;2670
"2022/2023";"Educació primària";"3";"Terra Alta";7;146;68;0;0;0;68;78;12;2021;7;48;41;89
"2022/2023";"Educació primària";"3";"Urgell";21;495;86;6;6;0;80;415;23;2021;7;182;190;372
"2022/2023";"Educació primària";"3";"Vallès Occidental";399;9846;316;99;68;31;218;9629;236;2021;7;4872;5171;10043
"2022/2023";"Educació primària";"3";"Vallès Oriental";183;4488;400;50;40;10;354;4138;119;2021;7;2043;2179;4222
"2022/2023";"Educació primària";"4";"Alt Camp";21;497;39;1;1;0;38;459;27;2021;8;224;242;466
"2022/2023";"Educació primària";"4";"Alt Empordà";70;1535;121;6;4;2;115;1420;69;2021;8;800;793;1593
"2022/2023";"Educació primària";"4";"Alt Penedès";63;1253;93;13;13;0;83;1173;46;2021;8;643;681;1324
"2022/2023";"Educació primària";"4";"Alt Urgell";10;185;30;1;1;0;29;156;12;2021;8;92;92;184
"2022/2023";"Educació primària";"4";"Alta Ribagorça";2;34;1;0;0;0;1;33;3;2021;8;16;13;29
"2022/2023";"Educació primària";"4";"Anoia";67;1534;216;16;12;4;200;1334;48;2021;8;636;665;1301
"2022/2023";"Educació primària";"4";"Aran";4;82;1;0;0;0;1;81;7;2021;8;50;43;93
"2022/2023";"Educació primària";"4";"Bages";85;2052;232;16;12;4;216;1836;62;2021;8;952;1037;1989
"2022/2023";"Educació primària";"4";"Baix Camp";95;2227;164;34;27;7;130;2097;61;2021;8;1107;1127;2234
"2022/2023";"Educació primària";"4";"Baix Ebre";37;893;148;2;2;0;146;747;32;2021;8;350;413;763
"2022/2023";"Educació primària";"4";"Baix Empordà";62;1435;168;16;15;1;154;1283;44;2021;8;652;731;1383
"2022/2023";"Educació primària";"4";"Baix Llobregat";328;8150;446;82;49;33;367;7786;209;2021;8;4376;4696;9072
"2022/2023";"Educació primària";"4";"Baix Penedès";47;1185;101;11;8;3;92;1095;28;2021;8;576;632;1208
"2022/2023";"Educació primària";"4";"Barcelonès";799;19634;1042;299;171;128;743;18891;471;2021;8;9793;10321;20114
"2022/2023";"Educació primària";"4";"Berguedà";19;376;75;4;1;3;72;305;22;2021;8;168;194;362
"2022/2023";"Educació primària";"4";"Cerdanya";7;166;36;0;0;0;36;130;13;2021;8;76;93;169
"2022/2023";"Educació primària";"4";"Conca de Barberà";10;233;51;1;1;0;50;183;14;2021;8;91;102;193
"2022/2023";"Educació primària";"4";"Garraf";55;1375;86;17;11;6;69;1306;33;2021;8;765;845;1610
"2022/2023";"Educació primària";"4";"Garrigues";6;187;55;3;2;1;52;135;16;2021;8;87;97;184
"2022/2023";"Educació primària";"4";"Garrotxa";29;585;28;5;3;2;23;562;23;2021;8;295;302;597
"2022/2023";"Educació primària";"4";"Gironès";101;2324;158;24;17;7;139;2190;61;2021;8;1099;1256;2355
"2022/2023";"Educació primària";"4";"Maresme";191;4722;332;56;40;16;279;4446;119;2021;8;2353;2532;4885
"2022/2023";"Educació primària";"4";"Moianès";7;173;33;2;1;1;31;142;10;2021;8;66;102;168
"2022/2023";"Educació primària";"4";"Montsià";28;708;111;6;4;2;105;603;21;2021;8;327;344;671
"2022/2023";"Educació primària";"4";"Noguera";15;408;33;2;1;1;31;377;33;2021;8;181;226;407
"2022/2023";"Educació primària";"4";"Osona";78;1903;267;24;20;4;244;1660;65;2021;8;906;974;1880
"2022/2023";"Educació primària";"4";"Pallars Jussà";5;138;20;1;1;0;19;119;7;2021;8;52;64;116
"2022/2023";"Educació primària";"4";"Pallars Sobirà";5;67;0;0;0;0;0;67;7;2021;8;28;34;62
"2022/2023";"Educació primària";"4";"Pla d'Urgell";23;480;86;7;7;0;79;401;19;2021;8;211;224;435
"2022/2023";"Educació primària";"4";"Pla de l'Estany";17;368;5;4;3;1;2;367;13;2021;8;183;214;397
"2022/2023";"Educació primària";"4";"Priorat";3;116;47;2;2;0;45;71;15;2021;8;38;29;67
"2022/2023";"Educació primària";"4";"Ribera d'Ebre";12;299;92;0;0;0;92;207;16;2021;8;105;100;205
"2022/2023";"Educació primària";"4";"Ripollès";11;259;28;1;1;0;27;232;14;2021;8;111;125;236
"2022/2023";"Educació primària";"4";"Segarra";11;281;15;1;1;0;14;267;12;2021;8;121;136;257
"2022/2023";"Educació primària";"4";"Segrià";103;2365;229;17;11;6;212;2153;80;2021;8;1114;1112;2226
"2022/2023";"Educació primària";"4";"Selva";72;1744;195;10;8;2;186;1559;45;2021;8;887;896;1783
"2022/2023";"Educació primària";"4";"Solsonès";6;156;19;1;1;0;18;138;11;2021;8;59;60;119
"2022/2023";"Educació primària";"4";"Tarragonès";116;2756;157;31;23;8;128;2630;67;2021;8;1396;1469;2865
"2022/2023";"Educació primària";"4";"Terra Alta";5;134;47;0;0;0;47;87;12;2021;8;40;56;96
"2022/2023";"Educació primària";"4";"Urgell";20;459;74;0;0;0;74;385;23;2021;8;216;195;411
"2022/2023";"Educació primària";"4";"Vallès Occidental";398;9811;337;98;63;35;242;9572;237;2021;8;5289;5513;10802
"2022/2023";"Educació primària";"4";"Vallès Oriental";182;4487;417;58;46;12;364;4128;119;2021;8;2152;2403;4555
"2022/2023";"Educació primària";"5";"Alt Camp";18;505;42;6;5;1;36;469;27;2021;9;276;248;524
"2022/2023";"Educació primària";"5";"Alt Empordà";67;1596;84;11;8;3;75;1523;69;2021;9;790;826;1616
"2022/2023";"Educació primària";"5";"Alt Penedès";57;1292;68;10;8;2;60;1234;46;2021;9;679;682;1361
"2022/2023";"Educació primària";"5";"Alt Urgell";8;212;25;1;1;0;24;188;12;2021;9;99;96;195
"2022/2023";"Educació primària";"5";"Alta Ribagorça";1;35;6;0;0;0;6;29;3;2021;9;19;24;43
"2022/2023";"Educació primària";"5";"Anoia";57;1468;219;17;14;3;203;1266;48;2021;9;707;763;1470
"2022/2023";"Educació primària";"5";"Aran";3;86;0;0;0;0;0;86;7;2021;9;40;41;81
"2022/2023";"Educació primària";"5";"Bages";87;2146;211;18;13;5;193;1953;62;2021;9;922;1043;1965
"2022/2023";"Educació primària";"5";"Baix Camp";91;2258;76;13;7;6;63;2195;61;2021;9;1077;1215;2292
"2022/2023";"Educació primària";"5";"Baix Ebre";32;884;124;8;5;3;116;768;32;2021;9;357;446;803
"2022/2023";"Educació primària";"5";"Baix Empordà";59;1433;120;15;11;4;105;1328;44;2021;9;676;798;1474
"2022/2023";"Educació primària";"5";"Baix Llobregat";346;8632;428;90;53;37;341;8294;209;2021;9;4566;4805;9371
"2022/2023";"Educació primària";"5";"Baix Penedès";53;1336;115;15;13;2;111;1236;28;2021;9;620;683;1303
"2022/2023";"Educació primària";"5";"Barcelonès";808;20090;743;269;147;122;475;19616;470;2021;9;9842;10391;20233
"2022/2023";"Educació primària";"5";"Berguedà";15;438;104;4;3;1;100;338;22;2021;9;196;207;403
"2022/2023";"Educació primària";"5";"Cerdanya";7;169;34;0;0;0;34;135;13;2021;9;96;106;202
"2022/2023";"Educació primària";"5";"Conca de Barberà";9;254;56;1;1;0;55;199;14;2021;9;92;102;194
"2022/2023";"Educació primària";"5";"Garraf";59;1476;68;16;10;6;52;1424;33;2021;9;819;838;1657
"2022/2023";"Educació primària";"5";"Garrigues";7;201;20;2;2;0;18;183;16;2021;9;88;86;174
"2022/2023";"Educació primària";"5";"Garrotxa";30;607;12;3;2;1;9;598;23;2021;9;334;332;666
"2022/2023";"Educació primària";"5";"Gironès";103;2403;132;34;29;5;111;2305;61;2021;9;1154;1223;2377
"2022/2023";"Educació primària";"5";"Maresme";198;4908;329;58;39;19;275;4637;121;2021;9;2443;2634;5077
"2022/2023";"Educació primària";"5";"Moianès";6;182;22;1;0;1;21;161;10;2021;9;87;73;160
"2022/2023";"Educació primària";"5";"Montsià";31;810;117;2;2;0;115;695;21;2021;9;365;344;709
"2022/2023";"Educació primària";"5";"Noguera";16;446;44;2;0;2;42;404;33;2021;9;207;199;406
"2022/2023";"Educació primària";"5";"Osona";81;1997;196;28;22;6;171;1829;65;2021;9;951;1009;1960
"2022/2023";"Educació primària";"5";"Pallars Jussà";5;147;25;0;0;0;25;122;7;2021;9;58;66;124
"2022/2023";"Educació primària";"5";"Pallars Sobirà";3;54;0;0;0;0;0;54;7;2021;9;41;27;68
"2022/2023";"Educació primària";"5";"Pla d'Urgell";20;513;91;1;1;0;90;423;19;2021;9;199;237;436
"2022/2023";"Educació primària";"5";"Pla de l'Estany";17;391;3;1;1;0;2;389;13;2021;9;184;185;369
"2022/2023";"Educació primària";"5";"Priorat";3;122;47;0;0;0;47;75;15;2021;9;37;52;89
"2022/2023";"Educació primària";"5";"Ribera d'Ebre";9;294;88;1;1;0;87;207;16;2021;9;84;116;200
"2022/2023";"Educació primària";"5";"Ripollès";11;292;57;0;0;0;57;235;14;2021;9;126;122;248
"2022/2023";"Educació primària";"5";"Segarra";13;311;49;4;3;1;45;266;12;2021;9;129;124;253
"2022/2023";"Educació primària";"5";"Segrià";97;2463;221;23;13;10;203;2265;80;2021;9;1114;1197;2311
"2022/2023";"Educació primària";"5";"Selva";78;1882;183;10;7;3;177;1709;45;2021;9;917;973;1890
"2022/2023";"Educació primària";"5";"Solsonès";5;158;32;1;1;0;31;127;11;2021;9;74;77;151
"2022/2023";"Educació primària";"5";"Tarragonès";122;3015;251;24;17;7;228;2788;67;2021;9;1409;1477;2886
"2022/2023";"Educació primària";"5";"Terra Alta";3;154;54;1;1;0;53;101;12;2021;9;37;53;90
"2022/2023";"Educació primària";"5";"Urgell";18;474;59;2;1;1;57;417;23;2021;9;188;205;393
"2022/2023";"Educació primària";"5";"Vallès Occidental";414;10331;297;89;62;27;210;10123;237;2021;9;5498;5704;11202
"2022/2023";"Educació primària";"5";"Vallès Oriental";195;4822;433;53;40;13;384;4442;119;2021;9;2342;2530;4872
"2022/2023";"Educació primària";"6";"Alt Camp";33;564;53;1;0;1;52;512;27;2021;10;246;283;529
"2022/2023";"Educació primària";"6";"Alt Empordà";92;1620;102;10;10;0;96;1528;69;2021;10;796;825;1621
"2022/2023";"Educació primària";"6";"Alt Penedès";65;1324;46;9;9;0;38;1287;46;2021;10;711;760;1471
"2022/2023";"Educació primària";"6";"Alt Urgell";16;210;17;3;3;0;14;196;13;2021;10;107;98;205
"2022/2023";"Educació primària";"6";"Alta Ribagorça";4;63;14;0;0;0;14;49;3;2021;10;15;27;42
"2022/2023";"Educació primària";"6";"Anoia";72;1606;173;20;15;5;155;1453;48;2021;10;737;816;1553
"2022/2023";"Educació primària";"6";"Aran";8;72;1;0;0;0;1;71;7;2021;10;50;53;103
"2022/2023";"Educació primària";"6";"Bages";89;2114;184;5;5;0;180;1935;62;2021;10;1023;1088;2111
"2022/2023";"Educació primària";"6";"Baix Camp";102;2351;148;16;11;5;137;2219;61;2021;10;1142;1219;2361
"2022/2023";"Educació primària";"6";"Baix Ebre";44;941;160;7;2;5;153;788;32;2021;10;383;429;812
"2022/2023";"Educació primària";"6";"Baix Empordà";67;1472;82;11;9;2;73;1401;44;2021;10;805;841;1646
"2022/2023";"Educació primària";"6";"Baix Llobregat";348;8682;275;35;18;17;242;8442;209;2021;10;4758;5087;9845
"2022/2023";"Educació primària";"6";"Baix Penedès";55;1330;103;13;9;4;90;1240;28;2021;10;639;652;1291
"2022/2023";"Educació primària";"6";"Barcelonès";798;19812;578;200;95;105;378;19434;469;2021;10;9803;10521;20324
"2022/2023";"Educació primària";"6";"Berguedà";27;470;87;4;4;0;83;387;23;2021;10;175;201;376
"2022/2023";"Educació primària";"6";"Cerdanya";14;169;11;1;1;0;11;159;13;2021;10;89;99;188
"2022/2023";"Educació primària";"6";"Conca de Barberà";14;217;32;3;2;1;30;188;13;2021;10;98;88;186
"2022/2023";"Educació primària";"6";"Garraf";61;1525;60;20;14;6;40;1485;33;2021;10;812;918;1730
"2022/2023";"Educació primària";"6";"Garrigues";18;195;21;0;0;0;21;174;16;2021;10;85;101;186
"2022/2023";"Educació primària";"6";"Garrotxa";33;641;3;2;2;0;1;640;23;2021;10;327;311;638
"2022/2023";"Educació primària";"6";"Gironès";102;2371;81;11;8;3;74;2301;61;2021;10;1198;1338;2536
"2022/2023";"Educació primària";"6";"Maresme";204;5023;285;37;23;14;251;4775;121;2021;10;2614;2733;5347
"2022/2023";"Educació primària";"6";"Moianès";12;196;51;3;3;0;48;148;10;2021;10;77;83;160
"2022/2023";"Educació primària";"6";"Montsià";36;774;96;5;2;3;91;683;21;2021;10;317;381;698
"2022/2023";"Educació primària";"6";"Noguera";39;454;54;3;3;0;51;403;33;2021;10;214;229;443
"2022/2023";"Educació primària";"6";"Osona";95;2057;182;15;14;1;168;1890;64;2021;10;999;962;1961
"2022/2023";"Educació primària";"6";"Pallars Jussà";9;140;20;1;1;0;19;121;7;2021;10;49;62;111
"2022/2023";"Educació primària";"6";"Pallars Sobirà";8;69;0;0;0;0;0;69;7;2021;10;30;32;62
"2022/2023";"Educació primària";"6";"Pla d'Urgell";25;505;77;3;3;0;74;431;19;2021;10;233;209;442
"2022/2023";"Educació primària";"6";"Pla de l'Estany";19;372;3;2;2;0;1;371;13;2021;10;204;254;458
"2022/2023";"Educació primària";"6";"Priorat";16;117;43;3;3;0;40;77;15;2021;10;43;43;86
"2022/2023";"Educació primària";"6";"Ribera d'Ebre";18;278;80;1;1;0;79;199;16;2021;10;105;96;201
"2022/2023";"Educació primària";"6";"Ripollès";17;291;42;1;1;0;41;250;14;2021;10;129;117;246
"2022/2023";"Educació primària";"6";"Segarra";15;274;34;3;3;0;31;243;12;2021;10;125;155;280
"2022/2023";"Educació primària";"6";"Segrià";125;2621;276;25;18;7;256;2370;80;2021;10;1138;1254;2392
"2022/2023";"Educació primària";"6";"Selva";80;1914;180;13;9;4;168;1747;45;2021;10;977;953;1930
"2022/2023";"Educació primària";"6";"Solsonès";13;160;19;1;1;0;19;142;11;2021;10;73;65;138
"2022/2023";"Educació primària";"6";"Tarragonès";125;3061;265;26;19;7;242;2822;67;2021;10;1526;1639;3165
"2022/2023";"Educació primària";"6";"Terra Alta";13;152;49;0;0;0;49;103;12;2021;10;64;51;115
"2022/2023";"Educació primària";"6";"Urgell";29;476;68;1;0;1;67;409;23;2021;10;215;216;431
"2022/2023";"Educació primària";"6";"Vallès Occidental";430;10726;316;38;20;18;279;10448;237;2021;10;5348;5909;11257
"2022/2023";"Educació primària";"6";"Vallès Oriental";205;4982;323;25;16;9;299;4684;119;2021;10;2408;2519;4927
"2022/2023";"Educació secundària obligatòria";"1";"Alt Camp";18;540;419;387;364;23;32;508;6;2021;11;228;270;498
"2022/2023";"Educació secundària obligatòria";"1";"Alt Empordà";56;1627;1400;1319;1215;104;81;1546;18;2021;11;804;887;1691
"2022/2023";"Educació secundària obligatòria";"1";"Alt Penedès";50;1475;1095;1060;991;69;36;1440;17;2021;11;682;664;1346
"2022/2023";"Educació secundària obligatòria";"1";"Alt Urgell";8;240;175;126;109;17;49;191;4;2021;11;86;100;186
"2022/2023";"Educació secundària obligatòria";"1";"Alta Ribagorça";2;60;60;37;37;0;23;37;1;2021;11;15;13;28
"2022/2023";"Educació secundària obligatòria";"1";"Anoia";57;1680;1215;1045;969;76;170;1510;21;2021;11;731;784;1515
"2022/2023";"Educació secundària obligatòria";"1";"Aran";4;120;118;91;91;0;27;93;1;2021;11;50;56;106
"2022/2023";"Educació secundària obligatòria";"1";"Bages";77;2272;1730;1586;1478;108;163;2128;33;2021;11;1000;1080;2080
"2022/2023";"Educació secundària obligatòria";"1";"Baix Camp";85;2474;1727;1615;1519;96;124;2362;28;2021;11;1180;1292;2472
"2022/2023";"Educació secundària obligatòria";"1";"Baix Ebre";34;1040;797;608;561;47;193;851;12;2021;11;418;446;864
"2022/2023";"Educació secundària obligatòria";"1";"Baix Empordà";55;1594;1266;1203;1119;84;77;1531;18;2021;11;703;822;1525
"2022/2023";"Educació secundària obligatòria";"1";"Baix Llobregat";323;9636;7240;6915;6233;682;353;9311;111;2021;11;4797;5186;9983
"2022/2023";"Educació secundària obligatòria";"1";"Baix Penedès";47;1404;1046;1023;983;40;26;1381;13;2021;11;646;632;1278
"2022/2023";"Educació secundària obligatòria";"1";"Barcelonès";721;20993;11063;10700;8916;1784;476;20630;304;2021;11;9822;10664;20486
"2022/2023";"Educació secundària obligatòria";"1";"Berguedà";14;404;379;360;341;19;19;385;7;2021;11;195;193;388
"2022/2023";"Educació secundària obligatòria";"1";"Cerdanya";5;150;119;110;105;5;12;141;2;2021;11;101;93;194
"2022/2023";"Educació secundària obligatòria";"1";"Conca de Barberà";7;210;180;152;152;0;28;182;4;2021;11;109;92;201
"2022/2023";"Educació secundària obligatòria";"1";"Garraf";54;1581;1223;1200;1055;145;28;1558;21;2021;11;794;911;1705
"2022/2023";"Educació secundària obligatòria";"1";"Garrigues";7;210;174;147;142;5;27;183;3;2021;11;85;104;189
"2022/2023";"Educació secundària obligatòria";"1";"Garrotxa";22;617;412;411;373;38;11;616;8;2021;11;287;325;612
"2022/2023";"Educació secundària obligatòria";"1";"Gironès";88;2534;2023;2036;1861;175;36;2547;28;2021;11;1185;1311;2496
"2022/2023";"Educació secundària obligatòria";"1";"Maresme";188;5529;3825;3575;3205;370;268;5279;74;2021;11;2619;2737;5356
"2022/2023";"Educació secundària obligatòria";"1";"Moianès";5;130;101;86;81;5;16;115;2;2021;11;75;79;154
"2022/2023";"Educació secundària obligatòria";"1";"Montsià";25;753;628;546;524;22;86;671;10;2021;11;362;379;741
"2022/2023";"Educació secundària obligatòria";"1";"Noguera";17;498;408;358;320;38;50;448;7;2021;11;203;245;448
"2022/2023";"Educació secundària obligatòria";"1";"Osona";77;2188;1545;1442;1346;96;125;2085;31;2021;11;903;1059;1962
"2022/2023";"Educació secundària obligatòria";"1";"Pallars Jussà";5;150;128;99;98;1;29;121;3;2021;11;60;57;117
"2022/2023";"Educació secundària obligatòria";"1";"Pallars Sobirà";3;90;89;57;57;0;32;58;2;2021;11;29;49;78
"2022/2023";"Educació secundària obligatòria";"1";"Pla d'Urgell";14;408;397;372;349;23;25;383;4;2021;11;222;238;460
"2022/2023";"Educació secundària obligatòria";"1";"Pla de l'Estany";15;435;411;411;386;25;0;435;4;2021;11;212;229;441
"2022/2023";"Educació secundària obligatòria";"1";"Priorat";3;90;76;67;66;1;9;81;2;2021;11;35;41;76
"2022/2023";"Educació secundària obligatòria";"1";"Ribera d'Ebre";8;240;181;134;133;1;47;193;4;2021;11;85;111;196
"2022/2023";"Educació secundària obligatòria";"1";"Ripollès";11;300;220;166;164;2;54;246;5;2021;11;117;135;252
"2022/2023";"Educació secundària obligatòria";"1";"Segarra";11;292;264;251;248;3;13;279;4;2021;11;146;147;293
"2022/2023";"Educació secundària obligatòria";"1";"Segrià";94;2724;2004;1832;1651;181;177;2552;32;2021;11;1189;1240;2429
"2022/2023";"Educació secundària obligatòria";"1";"Selva";66;1931;1590;1438;1335;103;161;1779;25;2021;11;965;1026;1991
"2022/2023";"Educació secundària obligatòria";"1";"Solsonès";6;162;149;127;126;1;22;140;3;2021;11;63;66;129
"2022/2023";"Educació secundària obligatòria";"1";"Tarragonès";113;3305;2356;2235;2121;114;131;3184;35;2021;11;1498;1599;3097
"2022/2023";"Educació secundària obligatòria";"1";"Terra Alta";4;120;90;54;54;0;36;84;2;2021;11;54;57;111
"2022/2023";"Educació secundària obligatòria";"1";"Urgell";16;472;395;357;344;13;38;434;6;2021;11;191;247;438
"2022/2023";"Educació secundària obligatòria";"1";"Vallès Occidental";393;11556;7573;7184;6569;615;426;11167;147;2021;11;5610;6066;11676
"2022/2023";"Educació secundària obligatòria";"1";"Vallès Oriental";172;5043;3885;3684;3396;288;208;4842;64;2021;11;2442;2673;5115
"2022/2023";"Educació secundària obligatòria";"2";"Alt Camp";17;510;14;0;0;0;14;496;6;2021;12;275;276;551
"2022/2023";"Educació secundària obligatòria";"2";"Alt Empordà";58;1654;49;6;4;2;43;1611;18;2021;12;849;884;1733
"2022/2023";"Educació secundària obligatòria";"2";"Alt Penedès";46;1353;65;10;10;0;56;1298;17;2021;12;724;732;1456
"2022/2023";"Educació secundària obligatòria";"2";"Alt Urgell";8;240;47;2;2;0;45;195;4;2021;12;117;111;228
"2022/2023";"Educació secundària obligatòria";"2";"Alta Ribagorça";2;60;25;0;0;0;25;35;1;2021;12;22;26;48
"2022/2023";"Educació secundària obligatòria";"2";"Anoia";56;1647;137;12;8;4;125;1522;21;2021;12;776;882;1658
"2022/2023";"Educació secundària obligatòria";"2";"Aran";3;90;1;0;0;0;1;89;1;2021;12;47;49;96
"2022/2023";"Educació secundària obligatòria";"2";"Bages";75;2219;125;18;13;5;107;2112;33;2021;12;1012;1081;2093
"2022/2023";"Educació secundària obligatòria";"2";"Baix Camp";85;2526;69;16;8;8;53;2473;28;2021;12;1217;1316;2533
"2022/2023";"Educació secundària obligatòria";"2";"Baix Ebre";31;930;80;11;8;3;69;861;12;2021;12;396;447;843
"2022/2023";"Educació secundària obligatòria";"2";"Baix Empordà";51;1524;57;11;8;3;47;1478;18;2021;12;827;836;1663
"2022/2023";"Educació secundària obligatòria";"2";"Baix Llobregat";323;9618;444;92;57;35;359;9266;111;2021;12;5095;5193;10288
"2022/2023";"Educació secundària obligatòria";"2";"Baix Penedès";48;1422;80;26;24;2;54;1368;13;2021;12;693;645;1338
"2022/2023";"Educació secundària obligatòria";"2";"Barcelonès";716;21070;906;359;207;152;560;20523;302;2021;12;10354;11110;21464
"2022/2023";"Educació secundària obligatòria";"2";"Berguedà";16;483;72;4;4;0;68;415;7;2021;12;186;209;395
"2022/2023";"Educació secundària obligatòria";"2";"Cerdanya";5;150;12;2;2;0;10;140;2;2021;12;103;105;208
"2022/2023";"Educació secundària obligatòria";"2";"Conca de Barberà";8;240;42;3;3;0;40;201;4;2021;12;112;111;223
"2022/2023";"Educació secundària obligatòria";"2";"Garraf";56;1658;111;28;20;8;83;1575;21;2021;12;896;988;1884
"2022/2023";"Educació secundària obligatòria";"2";"Garrigues";7;210;11;5;5;0;6;204;3;2021;12;83;94;177
"2022/2023";"Educació secundària obligatòria";"2";"Garrotxa";21;611;28;7;4;3;21;590;8;2021;12;308;337;645
"2022/2023";"Educació secundària obligatòria";"2";"Gironès";86;2475;15;13;7;6;6;2473;27;2021;12;1255;1336;2591
"2022/2023";"Educació secundària obligatòria";"2";"Maresme";190;5453;337;95;80;15;252;5211;75;2021;12;2699;2889;5588
"2022/2023";"Educació secundària obligatòria";"2";"Moianès";5;150;48;2;2;0;46;104;2;2021;12;77;96;173
"2022/2023";"Educació secundària obligatòria";"2";"Montsià";28;840;80;7;4;3;73;767;10;2021;12;378;390;768
"2022/2023";"Educació secundària obligatòria";"2";"Noguera";18;540;65;8;6;2;57;483;7;2021;12;231;241;472
"2022/2023";"Educació secundària obligatòria";"2";"Osona";74;2143;155;39;30;9;120;2027;31;2021;12;957;1077;2034
"2022/2023";"Educació secundària obligatòria";"2";"Pallars Jussà";5;150;26;2;1;1;24;126;3;2021;12;68;70;138
"2022/2023";"Educació secundària obligatòria";"2";"Pallars Sobirà";3;90;13;0;0;0;13;77;2;2021;12;30;34;64
"2022/2023";"Educació secundària obligatòria";"2";"Pla d'Urgell";13;378;4;2;1;1;2;376;4;2021;12;228;247;475
"2022/2023";"Educació secundària obligatòria";"2";"Pla de l'Estany";15;450;14;4;3;1;10;440;4;2021;12;206;209;415
"2022/2023";"Educació secundària obligatòria";"2";"Priorat";3;90;20;0;0;0;20;70;2;2021;12;41;50;91
"2022/2023";"Educació secundària obligatòria";"2";"Ribera d'Ebre";7;210;23;0;0;0;23;187;4;2021;12;90;105;195
"2022/2023";"Educació secundària obligatòria";"2";"Ripollès";11;279;34;0;0;0;34;245;5;2021;12;116;143;259
"2022/2023";"Educació secundària obligatòria";"2";"Segarra";10;300;23;0;0;0;23;277;4;2021;12;113;126;239
"2022/2023";"Educació secundària obligatòria";"2";"Segrià";93;2763;208;25;18;7;183;2580;32;2021;12;1219;1282;2501
"2022/2023";"Educació secundària obligatòria";"2";"Selva";69;1987;147;34;31;3;125;1874;25;2021;12;1011;1057;2068
"2022/2023";"Educació secundària obligatòria";"2";"Solsonès";6;164;33;0;0;0;33;131;3;2021;12;74;87;161
"2022/2023";"Educació secundària obligatòria";"2";"Tarragonès";109;3212;123;35;27;8;94;3124;34;2021;12;1542;1757;3299
"2022/2023";"Educació secundària obligatòria";"2";"Terra Alta";4;120;14;0;0;0;14;106;2;2021;12;45;52;97
"2022/2023";"Educació secundària obligatòria";"2";"Urgell";17;510;50;9;8;1;41;469;6;2021;12;242;205;447
"2022/2023";"Educació secundària obligatòria";"2";"Vallès Occidental";396;11643;444;127;88;39;317;11326;148;2021;12;5822;6250;12072
"2022/2023";"Educació secundària obligatòria";"2";"Vallès Oriental";177;5212;246;46;29;17;201;5012;64;2021;12;2574;2763;5337
"2022/2023";"Educació secundària obligatòria";"3";"Alt Camp";18;540;12;3;3;0;10;531;6;2021;13;247;274;521
"2022/2023";"Educació secundària obligatòria";"3";"Alt Empordà";59;1710;78;12;8;4;67;1644;18;2021;13;749;873;1622
"2022/2023";"Educació secundària obligatòria";"3";"Alt Penedès";49;1439;46;16;13;3;30;1409;17;2021;13;652;733;1385
"2022/2023";"Educació secundària obligatòria";"3";"Alt Urgell";8;240;15;0;0;0;15;225;4;2021;13;88;111;199
"2022/2023";"Educació secundària obligatòria";"3";"Alta Ribagorça";2;60;5;0;0;0;5;55;1;2021;13;19;23;42
"2022/2023";"Educació secundària obligatòria";"3";"Anoia";60;1758;124;17;11;6;108;1651;21;2021;13;773;817;1590
"2022/2023";"Educació secundària obligatòria";"3";"Aran";3;90;1;0;0;0;1;89;1;2021;13;66;53;119
"2022/2023";"Educació secundària obligatòria";"3";"Bages";77;2264;137;22;16;6;115;2149;32;2021;13;999;1054;2053
"2022/2023";"Educació secundària obligatòria";"3";"Baix Camp";87;2601;115;27;16;11;88;2513;28;2021;13;1234;1257;2491
"2022/2023";"Educació secundària obligatòria";"3";"Baix Ebre";32;960;77;13;13;0;64;896;12;2021;13;370;409;779
"2022/2023";"Educació secundària obligatòria";"3";"Baix Empordà";56;1660;82;20;17;3;62;1598;18;2021;13;693;785;1478
"2022/2023";"Educació secundària obligatòria";"3";"Baix Llobregat";328;9742;314;103;71;32;214;9531;111;2021;13;4948;5152;10100
"2022/2023";"Educació secundària obligatòria";"3";"Baix Penedès";49;1452;65;17;17;0;48;1404;13;2021;13;658;695;1353
"2022/2023";"Educació secundària obligatòria";"3";"Barcelonès";737;21649;809;407;266;141;412;21247;303;2021;13;9906;10595;20501
"2022/2023";"Educació secundària obligatòria";"3";"Berguedà";15;450;58;5;5;0;53;397;7;2021;13;170;202;372
"2022/2023";"Educació secundària obligatòria";"3";"Cerdanya";5;150;0;0;0;0;0;150;2;2021;13;105;97;202
"2022/2023";"Educació secundària obligatòria";"3";"Conca de Barberà";7;210;18;1;1;0;17;193;4;2021;13;101;98;199
"2022/2023";"Educació secundària obligatòria";"3";"Garraf";57;1715;60;25;17;8;35;1680;20;2021;13;866;913;1779
"2022/2023";"Educació secundària obligatòria";"3";"Garrigues";7;210;51;4;4;0;47;163;3;2021;13;89;90;179
"2022/2023";"Educació secundària obligatòria";"3";"Garrotxa";21;613;15;4;4;0;11;602;8;2021;13;314;338;652
"2022/2023";"Educació secundària obligatòria";"3";"Gironès";88;2556;24;16;10;6;10;2548;27;2021;13;1148;1237;2385
"2022/2023";"Educació secundària obligatòria";"3";"Maresme";189;5549;339;97;82;15;245;5307;73;2021;13;2604;2685;5289
"2022/2023";"Educació secundària obligatòria";"3";"Moianès";5;150;29;3;3;0;26;124;2;2021;13;82;77;159
"2022/2023";"Educació secundària obligatòria";"3";"Montsià";27;780;47;5;1;4;42;738;10;2021;13;343;401;744
"2022/2023";"Educació secundària obligatòria";"3";"Noguera";18;540;69;6;4;2;63;477;7;2021;13;192;227;419
"2022/2023";"Educació secundària obligatòria";"3";"Osona";75;2186;130;43;29;14;89;2099;31;2021;13;912;1013;1925
"2022/2023";"Educació secundària obligatòria";"3";"Pallars Jussà";6;180;43;2;2;0;41;139;3;2021;13;62;55;117
"2022/2023";"Educació secundària obligatòria";"3";"Pallars Sobirà";3;90;24;0;0;0;24;66;2;2021;13;33;33;66
"2022/2023";"Educació secundària obligatòria";"3";"Pla d'Urgell";14;408;12;11;10;1;1;407;4;2021;13;209;208;417
"2022/2023";"Educació secundària obligatòria";"3";"Pla de l'Estany";13;390;2;1;0;1;1;389;4;2021;13;170;208;378
"2022/2023";"Educació secundària obligatòria";"3";"Priorat";4;120;41;0;0;0;41;79;2;2021;13;44;44;88
"2022/2023";"Educació secundària obligatòria";"3";"Ribera d'Ebre";8;240;55;1;1;0;54;186;4;2021;13;86;89;175
"2022/2023";"Educació secundària obligatòria";"3";"Ripollès";11;282;25;2;2;0;23;259;5;2021;13;117;110;227
"2022/2023";"Educació secundària obligatòria";"3";"Segarra";9;270;23;3;3;0;20;250;4;2021;13;122;139;261
"2022/2023";"Educació secundària obligatòria";"3";"Segrià";96;2853;245;32;18;14;213;2640;32;2021;13;1101;1178;2279
"2022/2023";"Educació secundària obligatòria";"3";"Selva";69;2022;107;13;12;1;98;1928;25;2021;13;919;995;1914
"2022/2023";"Educació secundària obligatòria";"3";"Solsonès";7;191;35;0;0;0;35;156;3;2021;13;57;78;135
"2022/2023";"Educació secundària obligatòria";"3";"Tarragonès";109;3217;87;28;15;13;67;3158;34;2021;13;1508;1523;3031
"2022/2023";"Educació secundària obligatòria";"3";"Terra Alta";4;120;30;0;0;0;30;90;2;2021;13;34;53;87
"2022/2023";"Educació secundària obligatòria";"3";"Urgell";17;510;59;9;4;5;50;460;6;2021;13;201;204;405
"2022/2023";"Educació secundària obligatòria";"3";"Vallès Occidental";408;12006;392;154;110;44;238;11768;146;2021;13;5760;6108;11868
"2022/2023";"Educació secundària obligatòria";"3";"Vallès Oriental";179;5272;177;44;34;10;134;5139;64;2021;13;2453;2676;5129
"2022/2023";"Educació secundària obligatòria";"4";"Alt Camp";18;540;38;1;1;0;37;503;6;2021;14;230;250;480
"2022/2023";"Educació secundària obligatòria";"4";"Alt Empordà";57;1630;72;7;6;1;65;1565;17;2021;14;789;860;1649
"2022/2023";"Educació secundària obligatòria";"4";"Alt Penedès";45;1338;20;3;3;0;17;1321;16;2021;14;652;681;1333
"2022/2023";"Educació secundària obligatòria";"4";"Alt Urgell";8;240;33;3;3;0;30;210;4;2021;14;94;120;214
"2022/2023";"Educació secundària obligatòria";"4";"Alta Ribagorça";2;60;16;0;0;0;16;44;1;2021;14;15;14;29
"2022/2023";"Educació secundària obligatòria";"4";"Anoia";56;1661;109;18;18;0;91;1570;19;2021;14;749;786;1535
"2022/2023";"Educació secundària obligatòria";"4";"Aran";3;90;5;0;0;0;5;85;1;2021;14;54;42;96
"2022/2023";"Educació secundària obligatòria";"4";"Bages";76;2237;180;19;17;2;161;2076;32;2021;14;1012;1031;2043
"2022/2023";"Educació secundària obligatòria";"4";"Baix Camp";86;2556;78;10;7;3;68;2488;27;2021;14;1126;1214;2340
"2022/2023";"Educació secundària obligatòria";"4";"Baix Ebre";31;930;103;13;11;2;90;840;11;2021;14;409;406;815
"2022/2023";"Educació secundària obligatòria";"4";"Baix Empordà";50;1470;74;12;11;1;62;1408;16;2021;14;763;734;1497
"2022/2023";"Educació secundària obligatòria";"4";"Baix Llobregat";321;9523;290;88;64;24;209;9321;111;2021;14;4883;5235;10118
"2022/2023";"Educació secundària obligatòria";"4";"Baix Penedès";48;1419;12;7;6;1;5;1414;12;2021;14;610;673;1283
"2022/2023";"Educació secundària obligatòria";"4";"Barcelonès";713;21008;686;342;219;123;347;20664;296;2021;14;10029;10618;20647
"2022/2023";"Educació secundària obligatòria";"4";"Berguedà";14;420;38;4;3;1;34;386;7;2021;14;151;221;372
"2022/2023";"Educació secundària obligatòria";"4";"Cerdanya";5;150;1;1;0;1;0;150;2;2021;14;109;108;217
"2022/2023";"Educació secundària obligatòria";"4";"Conca de Barberà";7;210;13;3;3;0;12;200;4;2021;14;81;107;188
"2022/2023";"Educació secundària obligatòria";"4";"Garraf";55;1638;33;10;8;2;23;1615;20;2021;14;868;936;1804
"2022/2023";"Educació secundària obligatòria";"4";"Garrigues";7;210;40;1;1;0;39;171;3;2021;14;68;106;174
"2022/2023";"Educació secundària obligatòria";"4";"Garrotxa";21;611;22;4;2;2;18;593;7;2021;14;309;324;633
"2022/2023";"Educació secundària obligatòria";"4";"Gironès";85;2468;40;15;11;4;28;2443;27;2021;14;1178;1190;2368
"2022/2023";"Educació secundària obligatòria";"4";"Maresme";181;5286;313;81;53;28;232;5054;72;2021;14;2568;2816;5384
"2022/2023";"Educació secundària obligatòria";"4";"Moianès";4;120;7;0;0;0;7;113;2;2021;14;88;69;157
"2022/2023";"Educació secundària obligatòria";"4";"Montsià";28;822;58;9;7;2;49;773;10;2021;14;367;382;749
"2022/2023";"Educació secundària obligatòria";"4";"Noguera";15;450;54;8;8;0;46;404;7;2021;14;179;179;358
"2022/2023";"Educació secundària obligatòria";"4";"Osona";68;2010;114;17;15;2;97;1913;28;2021;14;854;919;1773
"2022/2023";"Educació secundària obligatòria";"4";"Pallars Jussà";5;150;20;1;1;0;19;131;3;2021;14;53;57;110
"2022/2023";"Educació secundària obligatòria";"4";"Pallars Sobirà";3;90;27;0;0;0;27;63;2;2021;14;28;28;56
"2022/2023";"Educació secundària obligatòria";"4";"Pla d'Urgell";12;351;7;2;0;2;5;346;4;2021;14;209;217;426
"2022/2023";"Educació secundària obligatòria";"4";"Pla de l'Estany";13;390;16;4;0;4;12;378;4;2021;14;205;221;426
"2022/2023";"Educació secundària obligatòria";"4";"Priorat";4;120;32;2;1;1;30;90;2;2021;14;36;40;76
"2022/2023";"Educació secundària obligatòria";"4";"Ribera d'Ebre";7;210;35;3;3;0;32;178;4;2021;14;91;85;176
"2022/2023";"Educació secundària obligatòria";"4";"Ripollès";8;236;9;0;0;0;9;227;5;2021;14;104;140;244
"2022/2023";"Educació secundària obligatòria";"4";"Segarra";9;270;19;3;2;1;16;254;4;2021;14;112;140;252
"2022/2023";"Educació secundària obligatòria";"4";"Segrià";88;2619;198;28;22;6;170;2449;32;2021;14;1108;1203;2311
"2022/2023";"Educació secundària obligatòria";"4";"Selva";67;1957;124;15;9;6;110;1848;25;2021;14;995;1035;2030
"2022/2023";"Educació secundària obligatòria";"4";"Solsonès";6;167;29;1;1;0;28;139;3;2021;14;73;72;145
"2022/2023";"Educació secundària obligatòria";"4";"Tarragonès";106;3112;100;16;10;6;88;3028;34;2021;14;1523;1600;3123
"2022/2023";"Educació secundària obligatòria";"4";"Terra Alta";4;120;31;0;0;0;31;89;2;2021;14;50;66;116
"2022/2023";"Educació secundària obligatòria";"4";"Urgell";17;510;47;0;0;0;47;463;6;2021;14;206;218;424
"2022/2023";"Educació secundària obligatòria";"4";"Vallès Occidental";401;11811;358;88;60;28;271;11541;140;2021;14;5768;5958;11726
"2022/2023";"Educació secundària obligatòria";"4";"Vallès Oriental";175;5186;202;44;33;11;158;5028;63;2021;14;2519;2709;5228
"2023/2024";"Educació infantil: Parvulari";"1";"Alt Camp";21;420;416;326;299;27;90;330;27;2022;2;169;183;352
"2023/2024";"Educació infantil: Parvulari";"1";"Alt Empordà";63;1234;1234;1105;1021;84;133;1105;69;2022;2;569;626;1195
"2023/2024";"Educació infantil: Parvulari";"1";"Alt Penedès";48;898;878;825;773;52;55;845;46;2022;2;480;482;962
"2023/2024";"Educació infantil: Parvulari";"1";"Alt Urgell";8;143;143;125;115;10;18;125;12;2022;2;66;70;136
"2023/2024";"Educació infantil: Parvulari";"1";"Alta Ribagorça";2;27;27;18;18;0;9;18;3;2022;2;12;13;25
"2023/2024";"Educació infantil: Parvulari";"1";"Anoia";55;1092;1090;940;865;75;150;942;48;2022;2;507;503;1010
"2023/2024";"Educació infantil: Parvulari";"1";"Aran";4;69;69;56;56;0;13;56;7;2022;2;44;35;79
"2023/2024";"Educació infantil: Parvulari";"1";"Bages";78;1534;1534;1339;1207;132;196;1339;62;2022;2;741;765;1506
"2023/2024";"Educació infantil: Parvulari";"1";"Baix Camp";92;1793;1789;1566;1415;151;223;1570;61;2022;2;797;904;1701
"2023/2024";"Educació infantil: Parvulari";"1";"Baix Ebre";33;719;719;579;522;57;140;579;32;2022;2;329;347;676
"2023/2024";"Educació infantil: Parvulari";"1";"Baix Empordà";57;1084;1084;948;867;81;137;948;44;2022;2;527;554;1081
"2023/2024";"Educació infantil: Parvulari";"1";"Baix Llobregat";321;6466;6461;5680;5074;606;785;5685;209;2022;2;3165;3359;6524
"2023/2024";"Educació infantil: Parvulari";"1";"Baix Penedès";50;981;980;864;782;82;116;865;28;2022;2;461;497;958
"2023/2024";"Educació infantil: Parvulari";"1";"Barcelonès";800;17136;17120;15295;13640;1655;1825;15311;477;2022;2;8174;8643;16817
"2023/2024";"Educació infantil: Parvulari";"1";"Berguedà";17;383;381;291;273;18;90;293;23;2022;2;136;155;291
"2023/2024";"Educació infantil: Parvulari";"1";"Cerdanya";5;118;118;99;93;6;19;99;13;2022;2;74;71;145
"2023/2024";"Educació infantil: Parvulari";"1";"Conca de Barberà";8;188;188;140;139;1;48;140;14;2022;2;66;61;127
"2023/2024";"Educació infantil: Parvulari";"1";"Garraf";57;1102;1098;1020;901;119;78;1024;33;2022;2;560;578;1138
"2023/2024";"Educació infantil: Parvulari";"1";"Garrigues";5;145;141;106;105;1;35;110;16;2022;2;73;79;152
"2023/2024";"Educació infantil: Parvulari";"1";"Garrotxa";23;472;472;427;389;38;46;427;24;2022;2;239;236;475
"2023/2024";"Educació infantil: Parvulari";"1";"Gironès";98;1910;1910;1827;1714;113;112;1827;62;2022;2;928;919;1847
"2023/2024";"Educació infantil: Parvulari";"1";"Maresme";177;3533;3532;3142;2768;374;395;3143;121;2022;2;1709;1800;3509
"2023/2024";"Educació infantil: Parvulari";"1";"Moianès";6;169;169;98;95;3;71;98;10;2022;2;45;53;98
"2023/2024";"Educació infantil: Parvulari";"1";"Montsià";26;570;570;432;422;10;138;432;21;2022;2;265;276;541
"2023/2024";"Educació infantil: Parvulari";"1";"Noguera";12;306;306;257;244;13;49;257;32;2022;2;122;169;291
"2023/2024";"Educació infantil: Parvulari";"1";"Osona";79;1598;1596;1307;1189;118;292;1309;65;2022;2;719;730;1449
"2023/2024";"Educació infantil: Parvulari";"1";"Pallars Jussà";4;97;97;74;74;0;23;74;7;2022;2;51;39;90
"2023/2024";"Educació infantil: Parvulari";"1";"Pallars Sobirà";2;45;45;38;38;0;7;38;7;2022;2;23;27;50
"2023/2024";"Educació infantil: Parvulari";"1";"Pla d'Urgell";18;382;380;300;279;21;80;302;19;2022;2;151;150;301
"2023/2024";"Educació infantil: Parvulari";"1";"Pla de l'Estany";15;263;263;257;249;8;8;257;12;2022;2;147;133;280
"2023/2024";"Educació infantil: Parvulari";"1";"Priorat";2;70;70;30;29;1;40;30;15;2022;2;19;33;52
"2023/2024";"Educació infantil: Parvulari";"1";"Ribera d'Ebre";7;208;208;125;125;0;83;125;16;2022;2;73;69;142
"2023/2024";"Educació infantil: Parvulari";"1";"Ripollès";8;215;215;157;147;10;58;157;14;2022;2;77;101;178
"2023/2024";"Educació infantil: Parvulari";"1";"Segarra";10;228;228;200;183;17;28;200;11;2022;2;87;99;186
"2023/2024";"Educació infantil: Parvulari";"1";"Segrià";94;1901;1896;1651;1457;194;250;1656;80;2022;2;858;913;1771
"2023/2024";"Educació infantil: Parvulari";"1";"Selva";74;1502;1502;1328;1224;104;180;1328;45;2022;2;691;726;1417
"2023/2024";"Educació infantil: Parvulari";"1";"Solsonès";6;154;154;114;103;11;40;114;12;2022;2;57;75;132
"2023/2024";"Educació infantil: Parvulari";"1";"Tarragonès";115;2256;2255;2013;1837;176;243;2014;68;2022;2;1054;1169;2223
"2023/2024";"Educació infantil: Parvulari";"1";"Terra Alta";4;143;143;72;72;0;71;72;12;2022;2;36;34;70
"2023/2024";"Educació infantil: Parvulari";"1";"Urgell";19;368;366;302;289;13;64;304;22;2022;2;154;153;307
"2023/2024";"Educació infantil: Parvulari";"1";"Vallès Occidental";386;7931;7931;7201;6665;536;745;7201;237;2022;2;3954;3972;7926
"2023/2024";"Educació infantil: Parvulari";"1";"Vallès Oriental";164;3306;3306;2985;2699;286;335;2985;119;2022;2;1631;1632;3263
"2023/2024";"Educació infantil: Parvulari";"2";"Alt Camp";19;409;44;2;2;0;42;367;27;2022;3;186;188;374
"2023/2024";"Educació infantil: Parvulari";"2";"Alt Empordà";62;1294;117;26;14;12;92;1203;69;2022;3;635;712;1347
"2023/2024";"Educació infantil: Parvulari";"2";"Alt Penedès";52;1011;77;16;12;4;62;950;46;2022;3;459;504;963
"2023/2024";"Educació infantil: Parvulari";"2";"Alt Urgell";6;142;16;2;2;0;14;128;12;2022;3;65;68;133
"2023/2024";"Educació infantil: Parvulari";"2";"Alta Ribagorça";1;28;5;1;1;0;4;24;3;2022;3;14;18;32
"2023/2024";"Educació infantil: Parvulari";"2";"Anoia";55;1144;159;25;19;6;134;1010;48;2022;3;547;576;1123
"2023/2024";"Educació infantil: Parvulari";"2";"Aran";3;80;8;2;2;0;6;74;7;2022;3;27;49;76
"2023/2024";"Educació infantil: Parvulari";"2";"Bages";79;1637;159;20;10;10;140;1498;62;2022;3;747;833;1580
"2023/2024";"Educació infantil: Parvulari";"2";"Baix Camp";86;1809;127;38;31;7;89;1720;61;2022;3;860;923;1783
"2023/2024";"Educació infantil: Parvulari";"2";"Baix Ebre";34;752;115;4;1;3;111;641;32;2022;3;340;314;654
"2023/2024";"Educació infantil: Parvulari";"2";"Baix Empordà";57;1153;109;22;16;6;88;1066;44;2022;3;567;554;1121
"2023/2024";"Educació infantil: Parvulari";"2";"Baix Llobregat";318;6548;528;105;68;37;424;6125;204;2022;3;3371;3620;6991
"2023/2024";"Educació infantil: Parvulari";"2";"Baix Penedès";51;1035;63;14;6;8;49;986;28;2022;3;445;446;891
"2023/2024";"Educació infantil: Parvulari";"2";"Barcelonès";779;17094;1244;435;252;183;818;16285;471;2022;3;8598;8978;17576
"2023/2024";"Educació infantil: Parvulari";"2";"Berguedà";15;319;35;5;3;2;30;289;23;2022;3;148;147;295
"2023/2024";"Educació infantil: Parvulari";"2";"Cerdanya";7;152;23;3;3;0;20;132;13;2022;3;77;76;153
"2023/2024";"Educació infantil: Parvulari";"2";"Conca de Barberà";5;123;21;0;0;0;21;102;12;2022;3;65;89;154
"2023/2024";"Educació infantil: Parvulari";"2";"Garraf";58;1173;101;15;7;8;87;1087;33;2022;3;636;645;1281
"2023/2024";"Educació infantil: Parvulari";"2";"Garrigues";6;171;23;4;4;0;19;152;16;2022;3;61;87;148
"2023/2024";"Educació infantil: Parvulari";"2";"Garrotxa";25;472;12;4;4;0;8;464;24;2022;3;244;270;514
"2023/2024";"Educació infantil: Parvulari";"2";"Gironès";95;1864;96;33;26;7;72;1801;62;2022;3;1001;1025;2026
"2023/2024";"Educació infantil: Parvulari";"2";"Maresme";180;3694;298;58;37;21;248;3454;120;2022;3;1946;1915;3861
"2023/2024";"Educació infantil: Parvulari";"2";"Moianès";4;129;36;1;1;0;35;94;10;2022;3;52;47;99
"2023/2024";"Educació infantil: Parvulari";"2";"Montsià";29;647;107;7;6;1;100;547;21;2022;3;265;318;583
"2023/2024";"Educació infantil: Parvulari";"2";"Noguera";15;341;43;3;2;1;40;301;32;2022;3;168;170;338
"2023/2024";"Educació infantil: Parvulari";"2";"Osona";76;1602;191;17;15;2;174;1428;64;2022;3;743;794;1537
"2023/2024";"Educació infantil: Parvulari";"2";"Pallars Jussà";5;114;20;1;1;0;19;95;7;2022;3;36;38;74
"2023/2024";"Educació infantil: Parvulari";"2";"Pallars Sobirà";3;52;0;0;0;0;0;52;7;2022;3;22;32;54
"2023/2024";"Educació infantil: Parvulari";"2";"Pla d'Urgell";16;358;75;3;2;1;72;286;19;2022;3;156;149;305
"2023/2024";"Educació infantil: Parvulari";"2";"Pla de l'Estany";14;265;2;1;0;1;1;264;12;2022;3;145;147;292
"2023/2024";"Educació infantil: Parvulari";"2";"Priorat";1;54;11;1;1;0;10;44;15;2022;3;17;24;41
"2023/2024";"Educació infantil: Parvulari";"2";"Ribera d'Ebre";6;221;77;1;1;0;76;145;16;2022;3;71;84;155
"2023/2024";"Educació infantil: Parvulari";"2";"Ripollès";8;185;15;1;1;0;14;171;14;2022;3;85;98;183
"2023/2024";"Educació infantil: Parvulari";"2";"Segarra";9;195;16;2;1;1;14;181;11;2022;3;104;110;214
"2023/2024";"Educació infantil: Parvulari";"2";"Segrià";92;1973;222;33;18;15;189;1784;80;2022;3;885;921;1806
"2023/2024";"Educació infantil: Parvulari";"2";"Selva";74;1467;105;13;8;5;94;1375;45;2022;3;757;744;1501
"2023/2024";"Educació infantil: Parvulari";"2";"Solsonès";6;162;13;1;1;0;12;150;12;2022;3;58;55;113
"2023/2024";"Educació infantil: Parvulari";"2";"Tarragonès";115;2388;249;44;31;13;207;2183;67;2022;3;1190;1254;2444
"2023/2024";"Educació infantil: Parvulari";"2";"Terra Alta";3;134;64;1;1;0;63;71;12;2022;3;43;47;90
"2023/2024";"Educació infantil: Parvulari";"2";"Urgell";16;360;49;3;2;1;46;314;22;2022;3;171;194;365
"2023/2024";"Educació infantil: Parvulari";"2";"Vallès Occidental";392;8279;641;115;83;32;528;7753;235;2022;3;4117;4254;8371
"2023/2024";"Educació infantil: Parvulari";"2";"Vallès Oriental";173;3493;323;56;41;15;271;3226;119;2022;3;1725;1830;3555
"2023/2024";"Educació infantil: Parvulari";"3";"Alt Camp";31;418;38;5;3;2;33;385;27;2022;4;212;223;435
"2023/2024";"Educació infantil: Parvulari";"3";"Alt Empordà";86;1388;86;15;13;2;72;1317;69;2022;4;694;720;1414
"2023/2024";"Educació infantil: Parvulari";"3";"Alt Penedès";58;1006;61;9;7;2;52;954;46;2022;4;536;541;1077
"2023/2024";"Educació infantil: Parvulari";"3";"Alt Urgell";12;148;16;4;4;0;12;136;12;2022;4;80;81;161
"2023/2024";"Educació infantil: Parvulari";"3";"Alta Ribagorça";3;40;7;1;1;0;6;34;3;2022;4;15;17;32
"2023/2024";"Educació infantil: Parvulari";"3";"Anoia";59;1219;135;14;12;2;121;1098;48;2022;4;566;651;1217
"2023/2024";"Educació infantil: Parvulari";"3";"Aran";7;71;0;0;0;0;0;71;7;2022;4;34;47;81
"2023/2024";"Educació infantil: Parvulari";"3";"Bages";79;1744;204;15;12;3;189;1555;59;2022;4;792;892;1684
"2023/2024";"Educació infantil: Parvulari";"3";"Baix Camp";94;1910;129;24;14;10;105;1805;61;2022;4;965;1026;1991
"2023/2024";"Educació infantil: Parvulari";"3";"Baix Ebre";39;829;186;16;14;2;170;659;32;2022;4;345;382;727
"2023/2024";"Educació infantil: Parvulari";"3";"Baix Empordà";63;1281;183;16;11;5;168;1114;44;2022;4;649;642;1291
"2023/2024";"Educació infantil: Parvulari";"3";"Baix Llobregat";304;7428;881;109;74;35;776;6656;208;2022;4;3684;3907;7591
"2023/2024";"Educació infantil: Parvulari";"3";"Baix Penedès";44;1009;115;24;15;9;91;918;28;2022;4;499;504;1003
"2023/2024";"Educació infantil: Parvulari";"3";"Barcelonès";757;18223;1374;447;256;191;933;17296;470;2022;4;8935;9471;18406
"2023/2024";"Educació infantil: Parvulari";"3";"Berguedà";22;378;97;7;6;1;90;288;23;2022;4;155;162;317
"2023/2024";"Educació infantil: Parvulari";"3";"Cerdanya";14;181;38;2;2;0;37;145;13;2022;4;87;84;171
"2023/2024";"Educació infantil: Parvulari";"3";"Conca de Barberà";12;168;21;2;2;0;19;149;13;2022;4;73;101;174
"2023/2024";"Educació infantil: Parvulari";"3";"Garraf";55;1219;51;17;8;9;34;1185;33;2022;4;604;680;1284
"2023/2024";"Educació infantil: Parvulari";"3";"Garrigues";18;179;45;0;0;0;45;134;16;2022;4;62;74;136
"2023/2024";"Educació infantil: Parvulari";"3";"Garrotxa";31;531;25;3;1;2;22;509;24;2022;4;237;294;531
"2023/2024";"Educació infantil: Parvulari";"3";"Gironès";97;2117;150;35;31;4;120;2002;62;2022;4;1037;1063;2100
"2023/2024";"Educació infantil: Parvulari";"3";"Maresme";179;4197;493;71;50;21;425;3775;119;2022;4;2012;2130;4142
"2023/2024";"Educació infantil: Parvulari";"3";"Moianès";10;122;36;3;3;0;33;89;9;2022;4;58;60;118
"2023/2024";"Educació infantil: Parvulari";"3";"Montsià";30;655;70;7;5;2;63;592;21;2022;4;302;281;583
"2023/2024";"Educació infantil: Parvulari";"3";"Noguera";34;390;64;1;1;0;63;327;32;2022;4;152;178;330
"2023/2024";"Educació infantil: Parvulari";"3";"Osona";83;1725;286;14;11;3;273;1453;61;2022;4;776;803;1579
"2023/2024";"Educació infantil: Parvulari";"3";"Pallars Jussà";7;86;9;0;0;0;9;77;7;2022;4;45;52;97
"2023/2024";"Educació infantil: Parvulari";"3";"Pallars Sobirà";5;48;0;0;0;0;0;48;7;2022;4;28;33;61
"2023/2024";"Educació infantil: Parvulari";"3";"Pla d'Urgell";23;449;127;4;4;0;123;326;19;2022;4;157;203;360
"2023/2024";"Educació infantil: Parvulari";"3";"Pla de l'Estany";16;279;3;2;2;0;2;278;12;2022;4;180;168;348
"2023/2024";"Educació infantil: Parvulari";"3";"Priorat";8;52;10;4;4;0;6;46;15;2022;4;33;45;78
"2023/2024";"Educació infantil: Parvulari";"3";"Ribera d'Ebre";15;225;77;2;1;1;75;150;16;2022;4;81;109;190
"2023/2024";"Educació infantil: Parvulari";"3";"Ripollès";13;187;10;0;0;0;10;177;14;2022;4;104;95;199
"2023/2024";"Educació infantil: Parvulari";"3";"Segarra";13;218;16;4;3;1;12;206;11;2022;4;111;103;214
"2023/2024";"Educació infantil: Parvulari";"3";"Segrià";107;2050;187;16;10;6;172;1879;80;2022;4;984;1001;1985
"2023/2024";"Educació infantil: Parvulari";"3";"Selva";70;1637;208;18;12;6;192;1447;44;2022;4;758;833;1591
"2023/2024";"Educació infantil: Parvulari";"3";"Solsonès";11;166;37;1;1;0;36;130;12;2022;4;83;81;164
"2023/2024";"Educació infantil: Parvulari";"3";"Tarragonès";115;2584;220;37;29;8;185;2401;68;2022;4;1223;1234;2457
"2023/2024";"Educació infantil: Parvulari";"3";"Terra Alta";11;154;62;0;0;0;62;92;12;2022;4;34;28;62
"2023/2024";"Educació infantil: Parvulari";"3";"Urgell";24;427;60;10;9;1;50;377;22;2022;4;179;175;354
"2023/2024";"Educació infantil: Parvulari";"3";"Vallès Occidental";384;8838;792;136;100;36;666;8182;233;2022;4;4315;4672;8987
"2023/2024";"Educació infantil: Parvulari";"3";"Vallès Oriental";171;4085;594;48;31;17;548;3539;119;2022;4;1894;1982;3876
"2023/2024";"Educació primària";"1";"Alt Camp";19;458;29;7;6;1;23;436;27;2022;5;220;237;457
"2023/2024";"Educació primària";"1";"Alt Empordà";60;1397;53;13;10;3;42;1357;69;2022;5;662;649;1311
"2023/2024";"Educació primària";"1";"Alt Penedès";49;1140;102;18;13;5;85;1056;46;2022;5;510;603;1113
"2023/2024";"Educació primària";"1";"Alt Urgell";6;163;8;5;5;0;5;160;12;2022;5;85;90;175
"2023/2024";"Educació primària";"1";"Alta Ribagorça";1;38;3;1;1;0;2;36;3;2022;5;11;25;36
"2023/2024";"Educació primària";"1";"Anoia";57;1396;210;28;22;6;182;1214;48;2022;5;635;625;1260
"2023/2024";"Educació primària";"1";"Aran";3;76;0;0;0;0;0;76;7;2022;5;46;48;94
"2023/2024";"Educació primària";"1";"Bages";81;1966;264;22;18;4;242;1724;62;2022;5;904;904;1808
"2023/2024";"Educació primària";"1";"Baix Camp";87;2025;114;14;9;5;100;1925;61;2022;5;945;1067;2012
"2023/2024";"Educació primària";"1";"Baix Ebre";31;856;154;18;14;4;136;720;32;2022;5;368;371;739
"2023/2024";"Educació primària";"1";"Baix Empordà";58;1345;106;27;20;7;82;1266;44;2022;5;630;704;1334
"2023/2024";"Educació primària";"1";"Baix Llobregat";323;7944;896;146;105;41;752;7194;209;2022;5;3992;4145;8137
"2023/2024";"Educació primària";"1";"Baix Penedès";46;1131;103;33;30;3;70;1061;28;2022;5;497;527;1024
"2023/2024";"Educació primària";"1";"Barcelonès";811;19943;2298;780;619;161;1520;18425;475;2022;5;9208;9721;18929
"2023/2024";"Educació primària";"1";"Berguedà";15;414;115;8;8;0;107;307;23;2022;5;167;197;364
"2023/2024";"Educació primària";"1";"Cerdanya";7;188;26;2;2;0;25;164;13;2022;5;72;95;167
"2023/2024";"Educació primària";"1";"Conca de Barberà";8;204;32;1;0;1;31;173;14;2022;5;70;97;167
"2023/2024";"Educació primària";"1";"Garraf";55;1244;53;19;9;10;34;1210;33;2022;5;706;730;1436
"2023/2024";"Educació primària";"1";"Garrigues";6;186;49;1;1;0;48;138;16;2022;5;91;88;179
"2023/2024";"Educació primària";"1";"Garrotxa";24;519;25;20;19;1;5;514;23;2022;5;275;275;550
"2023/2024";"Educació primària";"1";"Gironès";95;2176;238;92;82;10;156;2030;62;2022;5;1082;1092;2174
"2023/2024";"Educació primària";"1";"Maresme";187;4550;607;110;82;28;502;4053;121;2022;5;2148;2306;4454
"2023/2024";"Educació primària";"1";"Moianès";6;170;52;2;2;0;50;120;10;2022;5;67;67;134
"2023/2024";"Educació primària";"1";"Montsià";25;678;92;8;8;0;84;594;21;2022;5;298;299;597
"2023/2024";"Educació primària";"1";"Noguera";15;386;68;1;1;0;67;319;32;2022;5;171;162;333
"2023/2024";"Educació primària";"1";"Osona";77;1839;291;26;22;4;268;1574;65;2022;5;802;821;1623
"2023/2024";"Educació primària";"1";"Pallars Jussà";4;125;23;0;0;0;23;102;7;2022;5;47;42;89
"2023/2024";"Educació primària";"1";"Pallars Sobirà";2;54;0;0;0;0;0;54;7;2022;5;29;18;47
"2023/2024";"Educació primària";"1";"Pla d'Urgell";19;494;124;5;5;0;119;375;19;2022;5;174;166;340
"2023/2024";"Educació primària";"1";"Pla de l'Estany";16;348;26;24;24;0;3;346;13;2022;5;148;201;349
"2023/2024";"Educació primària";"1";"Priorat";2;93;18;0;0;0;18;75;15;2022;5;34;35;69
"2023/2024";"Educació primària";"1";"Ribera d'Ebre";8;263;84;1;1;0;83;180;16;2022;5;88;103;191
"2023/2024";"Educació primària";"1";"Ripollès";9;225;19;3;3;0;16;209;14;2022;5;74;93;167
"2023/2024";"Educació primària";"1";"Segarra";9;235;31;1;0;1;30;205;11;2022;5;118;129;247
"2023/2024";"Educació primària";"1";"Segrià";92;2274;263;30;23;7;233;2041;80;2022;5;987;1050;2037
"2023/2024";"Educació primària";"1";"Selva";69;1662;147;17;12;5;132;1532;45;2022;5;849;864;1713
"2023/2024";"Educació primària";"1";"Solsonès";7;192;16;0;0;0;16;176;12;2022;5;73;75;148
"2023/2024";"Educació primària";"1";"Tarragonès";113;2680;255;53;38;15;202;2478;67;2022;5;1329;1314;2643
"2023/2024";"Educació primària";"1";"Terra Alta";2;119;48;0;0;0;48;71;12;2022;5;41;52;93
"2023/2024";"Educació primària";"1";"Urgell";16;408;68;2;1;1;67;342;22;2022;5;189;191;380
"2023/2024";"Educació primària";"1";"Vallès Occidental";397;9707;1004;240;207;33;768;8943;236;2022;5;4600;4969;9569
"2023/2024";"Educació primària";"1";"Vallès Oriental";176;4300;500;76;52;24;427;3876;119;2022;5;1972;2037;4009
"2023/2024";"Educació primària";"2";"Alt Camp";21;481;17;2;2;0;16;466;27;2022;6;234;253;487
"2023/2024";"Educació primària";"2";"Alt Empordà";67;1378;87;12;8;4;76;1303;69;2022;6;759;775;1534
"2023/2024";"Educació primària";"2";"Alt Penedès";59;1168;80;11;11;0;71;1099;46;2022;6;581;592;1173
"2023/2024";"Educació primària";"2";"Alt Urgell";8;201;24;7;7;0;18;184;12;2022;6;88;86;174
"2023/2024";"Educació primària";"2";"Alta Ribagorça";2;35;3;0;0;0;3;32;3;2022;6;18;14;32
"2023/2024";"Educació primària";"2";"Anoia";65;1476;247;24;21;3;223;1253;48;2022;6;591;620;1211
"2023/2024";"Educació primària";"2";"Aran";6;94;1;0;0;0;1;93;7;2022;6;43;52;95
"2023/2024";"Educació primària";"2";"Bages";84;1970;162;14;13;1;148;1822;61;2022;6;877;933;1810
"2023/2024";"Educació primària";"2";"Baix Camp";92;2095;149;29;22;7;120;1975;61;2022;6;996;1091;2087
"2023/2024";"Educació primària";"2";"Baix Ebre";33;840;136;10;7;3;126;714;32;2022;6;357;367;724
"2023/2024";"Educació primària";"2";"Baix Empordà";62;1383;85;12;10;2;76;1310;44;2022;6;631;744;1375
"2023/2024";"Educació primària";"2";"Baix Llobregat";325;8044;515;90;53;37;427;7619;209;2022;6;4051;4290;8341
"2023/2024";"Educació primària";"2";"Baix Penedès";49;1180;144;15;14;1;130;1051;28;2022;6;575;589;1164
"2023/2024";"Educació primària";"2";"Barcelonès";803;19701;1119;323;206;117;798;18905;473;2022;6;9538;9928;19466
"2023/2024";"Educació primària";"2";"Berguedà";19;403;49;2;2;0;47;356;22;2022;6;170;193;363
"2023/2024";"Educació primària";"2";"Cerdanya";8;186;30;3;3;0;28;159;13;2022;6;91;92;183
"2023/2024";"Educació primària";"2";"Conca de Barberà";8;181;22;1;1;0;21;160;13;2022;6;85;113;198
"2023/2024";"Educació primària";"2";"Garraf";55;1376;91;22;11;11;70;1307;33;2022;6;743;717;1460
"2023/2024";"Educació primària";"2";"Garrigues";7;201;39;4;4;0;35;166;16;2022;6;80;71;151
"2023/2024";"Educació primària";"2";"Garrotxa";28;572;11;2;2;0;9;563;23;2022;6;294;295;589
"2023/2024";"Educació primària";"2";"Gironès";100;2286;156;28;25;3;132;2158;62;2022;6;1047;1221;2268
"2023/2024";"Educació primària";"2";"Maresme";188;4666;400;45;29;16;358;4311;120;2022;6;2169;2361;4530
"2023/2024";"Educació primària";"2";"Moianès";7;183;57;0;0;0;57;126;10;2022;6;63;67;130
"2023/2024";"Educació primària";"2";"Montsià";27;675;74;4;4;0;70;605;21;2022;6;335;313;648
"2023/2024";"Educació primària";"2";"Noguera";13;328;8;2;0;2;7;322;32;2022;6;192;195;387
"2023/2024";"Educació primària";"2";"Osona";80;1871;296;18;14;4;278;1593;64;2022;6;838;863;1701
"2023/2024";"Educació primària";"2";"Pallars Jussà";6;114;24;0;0;0;24;90;7;2022;6;57;51;108
"2023/2024";"Educació primària";"2";"Pallars Sobirà";3;45;0;0;0;0;0;45;7;2022;6;29;35;64
"2023/2024";"Educació primària";"2";"Pla d'Urgell";22;431;91;5;5;0;86;345;19;2022;6;175;201;376
"2023/2024";"Educació primària";"2";"Pla de l'Estany";17;343;9;4;3;1;5;338;13;2022;6;192;192;384
"2023/2024";"Educació primària";"2";"Priorat";2;71;10;0;0;0;10;61;15;2022;6;33;30;63
"2023/2024";"Educació primària";"2";"Ribera d'Ebre";11;312;117;0;0;0;117;195;16;2022;6;79;106;185
"2023/2024";"Educació primària";"2";"Ripollès";9;196;20;1;0;1;19;177;14;2022;6;93;111;204
"2023/2024";"Educació primària";"2";"Segarra";12;282;48;2;2;0;46;236;11;2022;6;120;129;249
"2023/2024";"Educació primària";"2";"Segrià";99;2298;199;10;8;2;190;2109;80;2022;6;1022;1095;2117
"2023/2024";"Educació primària";"2";"Selva";75;1807;172;16;9;7;159;1651;45;2022;6;826;851;1677
"2023/2024";"Educació primària";"2";"Solsonès";8;166;5;0;0;0;5;161;12;2022;6;68;68;136
"2023/2024";"Educació primària";"2";"Tarragonès";116;2760;156;38;27;11;121;2642;67;2022;6;1348;1453;2801
"2023/2024";"Educació primària";"2";"Terra Alta";5;143;51;0;0;0;51;92;12;2022;6;45;48;93
"2023/2024";"Educació primària";"2";"Urgell";20;434;48;2;2;0;46;388;22;2022;6;173;195;368
"2023/2024";"Educació primària";"2";"Vallès Occidental";397;9752;529;106;70;36;425;9329;235;2022;6;4715;5083;9798
"2023/2024";"Educació primària";"2";"Vallès Oriental";182;4457;500;47;39;8;456;4004;119;2022;6;2006;2147;4153
"2023/2024";"Educació primària";"3";"Alt Camp";28;504;22;5;4;1;17;487;27;2022;7;225;204;429
"2023/2024";"Educació primària";"3";"Alt Empordà";76;1559;76;3;2;1;73;1486;69;2022;7;707;752;1459
"2023/2024";"Educació primària";"3";"Alt Penedès";53;1243;74;13;10;3;61;1182;46;2022;7;545;658;1203
"2023/2024";"Educació primària";"3";"Alt Urgell";10;178;5;4;4;0;1;177;12;2022;7;95;87;182
"2023/2024";"Educació primària";"3";"Alta Ribagorça";2;39;10;0;0;0;10;29;3;2022;7;13;19;32
"2023/2024";"Educació primària";"3";"Anoia";54;1392;224;20;18;2;204;1188;48;2022;7;630;672;1302
"2023/2024";"Educació primària";"3";"Aran";4;89;0;0;0;0;0;89;7;2022;7;43;58;101
"2023/2024";"Educació primària";"3";"Bages";84;2008;192;14;11;3;178;1830;62;2022;7;921;959;1880
"2023/2024";"Educació primària";"3";"Baix Camp";93;2200;134;18;9;9;116;2084;61;2022;7;1013;1138;2151
"2023/2024";"Educació primària";"3";"Baix Ebre";34;866;163;11;8;3;152;714;32;2022;7;404;339;743
"2023/2024";"Educació primària";"3";"Baix Empordà";62;1387;80;12;11;1;70;1319;44;2022;7;653;650;1303
"2023/2024";"Educació primària";"3";"Baix Llobregat";329;8156;491;82;50;32;409;7747;208;2022;7;4162;4458;8620
"2023/2024";"Educació primària";"3";"Baix Penedès";52;1277;111;8;3;5;103;1174;28;2022;7;527;623;1150
"2023/2024";"Educació primària";"3";"Barcelonès";804;19783;796;314;154;160;483;19301;474;2022;7;9320;9954;19274
"2023/2024";"Educació primària";"3";"Berguedà";16;412;63;5;3;2;58;354;23;2022;7;175;180;355
"2023/2024";"Educació primària";"3";"Cerdanya";10;182;14;2;2;0;12;170;13;2022;7;93;107;200
"2023/2024";"Educació primària";"3";"Conca de Barberà";11;208;24;0;0;0;24;184;14;2022;7;90;98;188
"2023/2024";"Educació primària";"3";"Garraf";58;1450;110;15;8;7;95;1355;33;2022;7;761;779;1540
"2023/2024";"Educació primària";"3";"Garrigues";11;168;23;4;4;0;19;149;16;2022;7;92;73;165
"2023/2024";"Educació primària";"3";"Garrotxa";28;581;10;3;2;1;7;574;23;2022;7;285;307;592
"2023/2024";"Educació primària";"3";"Gironès";99;2317;105;20;15;5;89;2232;61;2022;7;1093;1236;2329
"2023/2024";"Educació primària";"3";"Maresme";192;4742;393;70;56;14;330;4419;121;2022;7;2253;2502;4755
"2023/2024";"Educació primària";"3";"Moianès";9;165;40;3;3;0;37;128;10;2022;7;54;58;112
"2023/2024";"Educació primària";"3";"Montsià";29;755;85;8;7;1;77;678;21;2022;7;304;318;622
"2023/2024";"Educació primària";"3";"Noguera";24;438;53;0;0;0;53;385;32;2022;7;181;205;386
"2023/2024";"Educació primària";"3";"Osona";86;1949;296;13;12;1;285;1666;65;2022;7;863;950;1813
"2023/2024";"Educació primària";"3";"Pallars Jussà";6;139;25;0;0;0;25;114;7;2022;7;50;60;110
"2023/2024";"Educació primària";"3";"Pallars Sobirà";4;61;0;0;0;0;0;61;7;2022;7;21;26;47
"2023/2024";"Educació primària";"3";"Pla d'Urgell";19;467;76;1;0;1;75;392;19;2022;7;216;217;433
"2023/2024";"Educació primària";"3";"Pla de l'Estany";17;361;2;1;1;0;1;360;13;2022;7;177;202;379
"2023/2024";"Educació primària";"3";"Priorat";2;86;22;0;0;0;22;64;15;2022;7;43;34;77
"2023/2024";"Educació primària";"3";"Ribera d'Ebre";14;306;128;0;0;0;128;178;16;2022;7;83;93;176
"2023/2024";"Educació primària";"3";"Ripollès";8;227;23;1;1;0;22;205;14;2022;7;95;93;188
"2023/2024";"Educació primària";"3";"Segarra";14;300;60;0;0;0;60;240;11;2022;7;122;118;240
"2023/2024";"Educació primària";"3";"Segrià";100;2381;212;10;7;3;203;2179;80;2022;7;984;1103;2087
"2023/2024";"Educació primària";"3";"Selva";71;1722;137;4;4;0;133;1589;45;2022;7;864;880;1744
"2023/2024";"Educació primària";"3";"Solsonès";7;182;19;0;0;0;19;163;12;2022;7;53;70;123
"2023/2024";"Educació primària";"3";"Tarragonès";122;2963;208;32;19;13;177;2787;67;2022;7;1368;1482;2850
"2023/2024";"Educació primària";"3";"Terra Alta";6;148;51;0;0;0;51;97;12;2022;7;45;36;81
"2023/2024";"Educació primària";"3";"Urgell";18;438;71;5;4;1;66;372;22;2022;7;209;209;418
"2023/2024";"Educació primària";"3";"Vallès Occidental";401;9887;509;104;73;31;406;9482;236;2022;7;4834;5328;10162
"2023/2024";"Educació primària";"3";"Vallès Oriental";184;4512;457;47;30;17;411;4102;119;2022;7;2025;2172;4197
"2023/2024";"Educació primària";"4";"Alt Camp";20;453;14;7;6;1;8;446;27;2022;8;244;213;457
"2023/2024";"Educació primària";"4";"Alt Empordà";69;1522;114;10;7;3;109;1418;69;2022;8;709;768;1477
"2023/2024";"Educació primària";"4";"Alt Penedès";61;1225;45;7;7;0;38;1187;46;2022;8;586;604;1190
"2023/2024";"Educació primària";"4";"Alt Urgell";7;204;27;5;4;1;22;182;12;2022;8;79;92;171
"2023/2024";"Educació primària";"4";"Alta Ribagorça";2;36;3;0;0;0;3;33;3;2022;8;17;24;41
"2023/2024";"Educació primària";"4";"Anoia";67;1540;272;21;17;4;251;1289;48;2022;8;657;690;1347
"2023/2024";"Educació primària";"4";"Aran";6;105;4;0;0;0;4;101;7;2022;8;49;42;91
"2023/2024";"Educació primària";"4";"Bages";86;2041;163;10;7;3;153;1888;62;2022;8;885;972;1857
"2023/2024";"Educació primària";"4";"Baix Camp";90;2136;57;15;9;6;42;2094;61;2022;8;1022;1073;2095
"2023/2024";"Educació primària";"4";"Baix Ebre";36;878;146;8;6;2;138;740;32;2022;8;376;410;786
"2023/2024";"Educació primària";"4";"Baix Empordà";64;1446;166;11;8;3;156;1291;44;2022;8;647;707;1354
"2023/2024";"Educació primària";"4";"Baix Llobregat";336;8330;427;92;57;35;341;7995;209;2022;8;4147;4292;8439
"2023/2024";"Educació primària";"4";"Baix Penedès";53;1297;149;20;19;1;131;1168;28;2022;8;532;591;1123
"2023/2024";"Educació primària";"4";"Barcelonès";806;19785;856;329;161;168;528;19258;473;2022;8;9411;9855;19266
"2023/2024";"Educació primària";"4";"Berguedà";19;428;95;5;5;0;90;338;22;2022;8;162;170;332
"2023/2024";"Educació primària";"4";"Cerdanya";8;175;7;0;0;0;7;168;13;2022;8;74;77;151
"2023/2024";"Educació primària";"4";"Conca de Barberà";8;188;4;0;0;0;4;184;13;2022;8;81;105;186
"2023/2024";"Educació primària";"4";"Garraf";58;1450;85;17;9;8;69;1382;33;2022;8;743;743;1486
"2023/2024";"Educació primària";"4";"Garrigues";6;196;27;2;2;0;25;171;16;2022;8;75;72;147
"2023/2024";"Educació primària";"4";"Garrotxa";28;592;20;3;2;1;17;575;23;2022;8;299;299;598
"2023/2024";"Educació primària";"4";"Gironès";105;2408;113;28;25;3;89;2323;61;2022;8;1132;1134;2266
"2023/2024";"Educació primària";"4";"Maresme";196;4837;288;44;27;17;245;4593;121;2022;8;2249;2405;4654
"2023/2024";"Educació primària";"4";"Moianès";7;169;61;3;3;0;58;111;10;2022;8;81;65;146
"2023/2024";"Educació primària";"4";"Montsià";29;725;88;10;8;2;78;647;21;2022;8;278;323;601
"2023/2024";"Educació primària";"4";"Noguera";16;401;20;1;1;0;19;382;32;2022;8;181;188;369
"2023/2024";"Educació primària";"4";"Osona";81;1965;231;24;23;1;208;1758;63;2022;8;817;917;1734
"2023/2024";"Educació primària";"4";"Pallars Jussà";7;146;39;0;0;0;39;107;7;2022;8;53;65;118
"2023/2024";"Educació primària";"4";"Pallars Sobirà";3;46;5;0;0;0;5;41;7;2022;8;34;36;70
"2023/2024";"Educació primària";"4";"Pla d'Urgell";24;522;79;3;3;0;76;446;19;2022;8;206;191;397
"2023/2024";"Educació primària";"4";"Pla de l'Estany";19;386;11;4;3;1;8;379;13;2022;8;182;197;379
"2023/2024";"Educació primària";"4";"Priorat";3;97;24;0;0;0;24;73;15;2022;8;41;40;81
"2023/2024";"Educació primària";"4";"Ribera d'Ebre";10;261;78;1;1;0;77;184;16;2022;8;98;109;207
"2023/2024";"Educació primària";"4";"Ripollès";10;229;32;2;2;0;30;199;14;2022;8;121;125;246
"2023/2024";"Educació primària";"4";"Segarra";11;268;51;3;2;1;48;220;11;2022;8;145;136;281
"2023/2024";"Educació primària";"4";"Segrià";99;2318;177;16;13;3;161;2157;80;2022;8;1007;1116;2123
"2023/2024";"Educació primària";"4";"Selva";74;1788;141;13;8;5;128;1660;45;2022;8;785;927;1712
"2023/2024";"Educació primària";"4";"Solsonès";7;165;28;2;2;0;26;139;12;2022;8;63;69;132
"2023/2024";"Educació primària";"4";"Tarragonès";120;2892;166;22;16;6;145;2748;67;2022;8;1280;1406;2686
"2023/2024";"Educació primària";"4";"Terra Alta";6;143;58;0;0;0;58;85;12;2022;8;43;41;84
"2023/2024";"Educació primària";"4";"Urgell";22;496;69;2;1;1;68;429;22;2022;8;187;194;381
"2023/2024";"Educació primària";"4";"Vallès Occidental";401;9873;268;79;50;29;195;9684;235;2022;8;4929;5203;10132
"2023/2024";"Educació primària";"4";"Vallès Oriental";182;4496;370;45;39;6;327;4171;119;2022;8;2060;2208;4268
"2023/2024";"Educació primària";"5";"Alt Camp";17;461;9;3;3;0;7;455;27;2022;9;231;255;486
"2023/2024";"Educació primària";"5";"Alt Empordà";66;1525;92;2;2;0;91;1435;69;2022;9;799;785;1584
"2023/2024";"Educació primària";"5";"Alt Penedès";56;1279;115;9;7;2;107;1173;46;2022;9;639;686;1325
"2023/2024";"Educació primària";"5";"Alt Urgell";8;189;23;2;2;0;21;168;12;2022;9;87;94;181
"2023/2024";"Educació primària";"5";"Alta Ribagorça";1;34;1;0;0;0;1;33;3;2022;9;16;13;29
"2023/2024";"Educació primària";"5";"Anoia";61;1527;203;21;20;1;182;1345;48;2022;9;646;671;1317
"2023/2024";"Educació primària";"5";"Aran";3;84;0;0;0;0;0;84;7;2022;9;47;39;86
"2023/2024";"Educació primària";"5";"Bages";82;2023;186;14;8;6;172;1851;62;2022;9;965;1050;2015
"2023/2024";"Educació primària";"5";"Baix Camp";91;2207;89;20;12;8;69;2138;61;2022;9;1120;1155;2275
"2023/2024";"Educació primària";"5";"Baix Ebre";33;875;118;4;4;0;114;761;32;2022;9;365;429;794
"2023/2024";"Educació primària";"5";"Baix Empordà";58;1451;153;12;9;3;142;1310;44;2022;9;658;735;1393
"2023/2024";"Educació primària";"5";"Baix Llobregat";330;8194;403;68;44;24;337;7859;209;2022;9;4391;4717;9108
"2023/2024";"Educació primària";"5";"Baix Penedès";50;1249;127;9;6;3;118;1131;28;2022;9;599;635;1234
"2023/2024";"Educació primària";"5";"Barcelonès";798;19567;729;246;113;133;484;19084;470;2022;9;9740;10360;20100
"2023/2024";"Educació primària";"5";"Berguedà";13;400;76;2;2;0;74;326;23;2022;9;173;200;373
"2023/2024";"Educació primària";"5";"Cerdanya";7;165;27;4;3;1;23;142;13;2022;9;79;86;165
"2023/2024";"Educació primària";"5";"Conca de Barberà";8;218;34;3;2;1;31;187;14;2022;9;92;101;193
"2023/2024";"Educació primària";"5";"Garraf";55;1375;55;10;5;5;45;1330;33;2022;9;775;850;1625
"2023/2024";"Educació primària";"5";"Garrigues";7;187;45;2;2;0;43;144;16;2022;9;87;101;188
"2023/2024";"Educació primària";"5";"Garrotxa";27;602;24;5;4;1;19;583;23;2022;9;303;313;616
"2023/2024";"Educació primària";"5";"Gironès";99;2330;129;23;22;1;112;2224;61;2022;9;1111;1264;2375
"2023/2024";"Educació primària";"5";"Maresme";192;4771;335;63;50;13;279;4499;119;2022;9;2393;2567;4960
"2023/2024";"Educació primària";"5";"Moianès";7;195;47;3;3;0;44;151;10;2022;9;67;106;173
"2023/2024";"Educació primària";"5";"Montsià";28;737;114;5;3;2;109;628;21;2022;9;328;361;689
"2023/2024";"Educació primària";"5";"Noguera";16;410;26;0;0;0;26;384;32;2022;9;181;228;409
"2023/2024";"Educació primària";"5";"Osona";77;1892;241;16;15;1;226;1667;65;2022;9;909;986;1895
"2023/2024";"Educació primària";"5";"Pallars Jussà";5;138;24;0;0;0;24;114;7;2022;9;49;67;116
"2023/2024";"Educació primària";"5";"Pallars Sobirà";3;67;0;0;0;0;0;67;7;2022;9;28;33;61
"2023/2024";"Educació primària";"5";"Pla d'Urgell";20;484;82;0;0;0;82;402;19;2022;9;210;237;447
"2023/2024";"Educació primària";"5";"Pla de l'Estany";16;365;7;3;3;0;4;361;13;2022;9;189;218;407
"2023/2024";"Educació primària";"5";"Priorat";2;86;18;0;0;0;18;68;15;2022;9;37;32;69
"2023/2024";"Educació primària";"5";"Ribera d'Ebre";8;289;78;0;0;0;78;211;16;2022;9;106;102;208
"2023/2024";"Educació primària";"5";"Ripollès";12;310;40;2;2;0;38;272;14;2022;9;118;127;245
"2023/2024";"Educació primària";"5";"Segarra";11;274;16;0;0;0;16;258;11;2022;9;124;134;258
"2023/2024";"Educació primària";"5";"Segrià";94;2386;206;4;1;3;202;2184;80;2022;9;1140;1117;2257
"2023/2024";"Educació primària";"5";"Selva";74;1795;182;9;7;2;175;1622;45;2022;9;882;924;1806
"2023/2024";"Educació primària";"5";"Solsonès";6;158;7;1;1;0;6;152;12;2022;9;59;63;122
"2023/2024";"Educació primària";"5";"Tarragonès";115;2762;125;22;16;6;105;2659;67;2022;9;1423;1485;2908
"2023/2024";"Educació primària";"5";"Terra Alta";3;151;55;0;0;0;55;96;12;2022;9;38;56;94
"2023/2024";"Educació primària";"5";"Urgell";17;485;77;1;0;1;76;409;22;2022;9;221;195;416
"2023/2024";"Educació primària";"5";"Vallès Occidental";401;9903;333;88;70;18;250;9658;237;2022;9;5305;5547;10852
"2023/2024";"Educació primària";"5";"Vallès Oriental";183;4488;346;34;24;10;315;4176;119;2022;9;2168;2412;4580
"2023/2024";"Educació primària";"6";"Alt Camp";31;466;3;1;1;0;2;464;27;2022;10;275;250;525
"2023/2024";"Educació primària";"6";"Alt Empordà";90;1581;45;8;4;4;40;1544;69;2022;10;802;830;1632
"2023/2024";"Educació primària";"6";"Alt Penedès";65;1295;60;3;3;0;57;1238;46;2022;10;672;684;1356
"2023/2024";"Educació primària";"6";"Alt Urgell";15;212;20;2;2;0;18;194;12;2022;10;97;98;195
"2023/2024";"Educació primària";"6";"Alta Ribagorça";3;34;4;0;0;0;4;30;3;2022;10;19;23;42
"2023/2024";"Educació primària";"6";"Anoia";68;1514;249;10;10;0;239;1275;48;2022;10;709;774;1483
"2023/2024";"Educació primària";"6";"Aran";9;82;0;0;0;0;0;82;7;2022;10;41;43;84
"2023/2024";"Educació primària";"6";"Bages";91;2122;161;9;6;3;153;1970;61;2022;10;937;1050;1987
"2023/2024";"Educació primària";"6";"Baix Camp";99;2230;53;10;7;3;43;2187;61;2022;10;1092;1221;2313
"2023/2024";"Educació primària";"6";"Baix Ebre";42;887;120;7;4;3;113;774;32;2022;10;368;464;832
"2023/2024";"Educació primària";"6";"Baix Empordà";65;1424;77;3;2;1;74;1350;44;2022;10;690;804;1494
"2023/2024";"Educació primària";"6";"Baix Llobregat";345;8607;329;47;26;21;287;8325;209;2022;10;4567;4803;9370
"2023/2024";"Educació primària";"6";"Baix Penedès";59;1429;135;13;9;4;122;1307;28;2022;10;627;703;1330
"2023/2024";"Educació primària";"6";"Barcelonès";807;20037;442;201;82;119;242;19796;467;2022;10;9833;10374;20207
"2023/2024";"Educació primària";"6";"Berguedà";26;440;99;1;1;0;98;342;22;2022;10;201;204;405
"2023/2024";"Educació primària";"6";"Cerdanya";14;170;24;3;2;1;21;149;13;2022;10;92;106;198
"2023/2024";"Educació primària";"6";"Conca de Barberà";15;209;24;1;0;1;23;186;13;2022;10;95;104;199
"2023/2024";"Educació primària";"6";"Garraf";59;1476;50;12;4;8;38;1438;33;2022;10;817;844;1661
"2023/2024";"Educació primària";"6";"Garrigues";18;203;20;1;1;0;19;184;16;2022;10;87;88;175
"2023/2024";"Educació primària";"6";"Garrotxa";34;634;21;2;1;1;19;615;23;2022;10;338;332;670
"2023/2024";"Educació primària";"6";"Gironès";104;2413;103;15;12;3;91;2325;61;2022;10;1146;1233;2379
"2023/2024";"Educació primària";"6";"Maresme";199;4909;254;36;27;9;222;4691;120;2022;10;2457;2661;5118
"2023/2024";"Educació primària";"6";"Moianès";12;209;48;3;2;1;45;164;10;2022;10;88;77;165
"2023/2024";"Educació primària";"6";"Montsià";37;778;69;0;0;0;69;709;21;2022;10;372;344;716
"2023/2024";"Educació primària";"6";"Noguera";37;452;38;0;0;0;38;414;32;2022;10;211;201;412
"2023/2024";"Educació primària";"6";"Osona";96;2009;208;11;8;3;199;1812;64;2022;10;957;1005;1962
"2023/2024";"Educació primària";"6";"Pallars Jussà";9;147;17;1;1;0;16;131;7;2022;10;58;67;125
"2023/2024";"Educació primària";"6";"Pallars Sobirà";8;54;0;0;0;0;0;54;7;2022;10;44;28;72
"2023/2024";"Educació primària";"6";"Pla d'Urgell";25;528;92;6;6;0;86;442;19;2022;10;208;242;450
"2023/2024";"Educació primària";"6";"Pla de l'Estany";19;386;1;1;1;0;0;386;13;2022;10;188;188;376
"2023/2024";"Educació primària";"6";"Priorat";16;88;14;0;0;0;14;74;15;2022;10;37;52;89
"2023/2024";"Educació primària";"6";"Ribera d'Ebre";19;288;87;0;0;0;87;201;16;2022;10;84;117;201
"2023/2024";"Educació primària";"6";"Ripollès";17;290;37;0;0;0;37;253;14;2022;10;127;122;249
"2023/2024";"Educació primària";"6";"Segarra";15;291;42;3;3;0;39;252;11;2022;10;130;122;252
"2023/2024";"Educació primària";"6";"Segrià";121;2490;206;5;4;1;201;2289;80;2022;10;1125;1213;2338
"2023/2024";"Educació primària";"6";"Selva";80;1914;169;6;3;3;163;1751;45;2022;10;931;976;1907
"2023/2024";"Educació primària";"6";"Solsonès";14;174;36;0;0;0;36;138;12;2022;10;75;75;150
"2023/2024";"Educació primària";"6";"Tarragonès";124;3006;169;28;21;7;143;2865;67;2022;10;1421;1489;2910
"2023/2024";"Educació primària";"6";"Terra Alta";13;153;50;0;0;0;50;103;12;2022;10;39;53;92
"2023/2024";"Educació primària";"6";"Urgell";28;471;54;0;0;0;54;417;22;2022;10;188;213;401
"2023/2024";"Educació primària";"6";"Vallès Occidental";415;10337;232;49;30;19;188;10154;236;2022;10;5519;5742;11261
"2023/2024";"Educació primària";"6";"Vallès Oriental";198;4821;395;25;20;5;370;4451;119;2022;10;2372;2544;4916
"2023/2024";"Educació secundària obligatòria";"1";"Alt Camp";17;510;399;388;360;28;14;499;6;2022;11;252;283;535
"2023/2024";"Educació secundària obligatòria";"1";"Alt Empordà";58;1647;1375;1318;1234;84;68;1590;19;2022;11;807;823;1630
"2023/2024";"Educació secundària obligatòria";"1";"Alt Penedès";46;1344;942;938;825;113;9;1340;17;2022;11;715;763;1478
"2023/2024";"Educació secundària obligatòria";"1";"Alt Urgell";8;240;160;140;137;3;20;220;4;2022;11;104;103;207
"2023/2024";"Educació secundària obligatòria";"1";"Alta Ribagorça";2;60;60;45;45;0;15;45;1;2022;11;13;26;39
"2023/2024";"Educació secundària obligatòria";"1";"Anoia";53;1546;1071;1013;962;51;58;1488;21;2022;11;746;825;1571
"2023/2024";"Educació secundària obligatòria";"1";"Aran";3;90;87;71;71;0;16;74;1;2022;11;51;49;100
"2023/2024";"Educació secundària obligatòria";"1";"Bages";74;2164;1634;1509;1406;103;133;2039;33;2022;11;1020;1095;2115
"2023/2024";"Educació secundària obligatòria";"1";"Baix Camp";83;2464;1716;1606;1453;153;115;2354;28;2022;11;1164;1226;2390
"2023/2024";"Educació secundària obligatòria";"1";"Baix Ebre";32;945;718;629;575;54;89;856;12;2022;11;399;449;848
"2023/2024";"Educació secundària obligatòria";"1";"Baix Empordà";53;1515;1199;1142;1065;77;63;1458;18;2022;11;785;844;1629
"2023/2024";"Educació secundària obligatòria";"1";"Baix Llobregat";317;9472;7118;6554;5863;691;577;8908;111;2022;11;4784;5097;9881
"2023/2024";"Educació secundària obligatòria";"1";"Baix Penedès";47;1404;1082;987;942;45;99;1309;13;2022;11;643;657;1300
"2023/2024";"Educació secundària obligatòria";"1";"Barcelonès";715;20954;10858;10605;8586;2019;295;20701;302;2022;11;9773;10566;20339
"2023/2024";"Educació secundària obligatòria";"1";"Berguedà";16;462;428;370;349;21;58;404;7;2022;11;171;206;377
"2023/2024";"Educació secundària obligatòria";"1";"Cerdanya";5;150;119;107;105;2;12;138;2;2022;11;91;101;192
"2023/2024";"Educació secundària obligatòria";"1";"Conca de Barberà";8;240;215;172;171;1;44;197;4;2022;11;98;90;188
"2023/2024";"Educació secundària obligatòria";"1";"Garraf";53;1590;1233;1212;1106;106;25;1569;21;2022;11;819;928;1747
"2023/2024";"Educació secundària obligatòria";"1";"Garrigues";7;210;173;160;152;8;13;197;3;2022;11;88;102;190
"2023/2024";"Educació secundària obligatòria";"1";"Garrotxa";23;666;459;436;392;44;27;643;8;2022;11;328;316;644
"2023/2024";"Educació secundària obligatòria";"1";"Gironès";84;2416;1910;1906;1738;168;30;2412;27;2022;11;1213;1357;2570
"2023/2024";"Educació secundària obligatòria";"1";"Maresme";180;5302;3560;3346;2975;371;227;5088;74;2022;11;2647;2749;5396
"2023/2024";"Educació secundària obligatòria";"1";"Moianès";5;120;95;97;91;6;7;122;2;2022;11;78;87;165
"2023/2024";"Educació secundària obligatòria";"1";"Montsià";27;789;642;554;500;54;88;701;10;2022;11;328;380;708
"2023/2024";"Educació secundària obligatòria";"1";"Noguera";17;498;407;367;332;35;40;458;7;2022;11;216;231;447
"2023/2024";"Educació secundària obligatòria";"1";"Osona";76;2139;1488;1380;1283;97;140;2031;32;2022;11;1014;990;2004
"2023/2024";"Educació secundària obligatòria";"1";"Pallars Jussà";5;150;126;88;87;1;38;112;3;2022;11;55;64;119
"2023/2024";"Educació secundària obligatòria";"1";"Pallars Sobirà";3;90;90;64;64;0;26;64;2;2022;11;31;34;65
"2023/2024";"Educació secundària obligatòria";"1";"Pla d'Urgell";14;408;397;372;358;14;25;383;4;2022;11;234;213;447
"2023/2024";"Educació secundària obligatòria";"1";"Pla de l'Estany";13;390;362;362;332;30;1;390;4;2022;11;203;250;453
"2023/2024";"Educació secundària obligatòria";"1";"Priorat";4;120;110;71;71;0;39;81;2;2022;11;41;41;82
"2023/2024";"Educació secundària obligatòria";"1";"Ribera d'Ebre";8;240;169;130;127;3;39;201;4;2022;11;109;97;206
"2023/2024";"Educació secundària obligatòria";"1";"Ripollès";11;330;248;186;185;1;62;268;5;2022;11;123;117;240
"2023/2024";"Educació secundària obligatòria";"1";"Segarra";10;270;241;229;209;20;12;258;4;2022;11;127;156;283
"2023/2024";"Educació secundària obligatòria";"1";"Segrià";94;2661;1954;1790;1597;193;173;2497;33;2022;11;1160;1260;2420
"2023/2024";"Educació secundària obligatòria";"1";"Selva";68;1978;1582;1425;1339;86;161;1821;26;2022;11;996;966;1962
"2023/2024";"Educació secundària obligatòria";"1";"Solsonès";6;160;149;140;138;2;9;151;3;2022;11;71;64;135
"2023/2024";"Educació secundària obligatòria";"1";"Tarragonès";107;3162;2228;2095;1942;153;147;3029;35;2022;11;1557;1676;3233
"2023/2024";"Educació secundària obligatòria";"1";"Terra Alta";4;120;105;83;83;0;22;98;2;2022;11;66;54;120
"2023/2024";"Educació secundària obligatòria";"1";"Urgell";16;460;382;342;334;8;40;420;6;2022;11;204;212;416
"2023/2024";"Educació secundària obligatòria";"1";"Vallès Occidental";395;11570;7532;7211;6410;801;384;11249;148;2022;11;5398;5946;11344
"2023/2024";"Educació secundària obligatòria";"1";"Vallès Oriental";169;4986;3866;3712;3388;324;163;4832;64;2022;11;2416;2540;4956
"2023/2024";"Educació secundària obligatòria";"2";"Alt Camp";17;510;2;3;2;1;0;511;6;2022;12;235;272;507
"2023/2024";"Educació secundària obligatòria";"2";"Alt Empordà";56;1582;37;2;1;1;35;1547;18;2022;12;794;896;1690
"2023/2024";"Educació secundària obligatòria";"2";"Alt Penedès";50;1475;37;15;9;6;24;1453;17;2022;12;691;676;1367
"2023/2024";"Educació secundària obligatòria";"2";"Alt Urgell";8;240;25;2;2;0;23;217;4;2022;12;86;95;181
"2023/2024";"Educació secundària obligatòria";"2";"Alta Ribagorça";2;60;14;0;0;0;14;46;1;2022;12;15;13;28
"2023/2024";"Educació secundària obligatòria";"2";"Anoia";57;1679;134;11;7;4;123;1556;21;2022;12;733;798;1531
"2023/2024";"Educació secundària obligatòria";"2";"Aran";4;120;19;1;1;0;18;102;1;2022;12;53;59;112
"2023/2024";"Educació secundària obligatòria";"2";"Bages";76;2242;135;20;17;3;116;2127;33;2022;12;1006;1083;2089
"2023/2024";"Educació secundària obligatòria";"2";"Baix Camp";85;2474;74;24;13;11;50;2424;28;2022;12;1190;1318;2508
"2023/2024";"Educació secundària obligatòria";"2";"Baix Ebre";31;937;87;10;9;1;77;860;12;2022;12;418;452;870
"2023/2024";"Educació secundària obligatòria";"2";"Baix Empordà";56;1621;71;13;11;2;61;1563;18;2022;12;724;838;1562
"2023/2024";"Educació secundària obligatòria";"2";"Baix Llobregat";321;9556;334;81;53;28;255;9303;111;2022;12;4785;5189;9974
"2023/2024";"Educació secundària obligatòria";"2";"Baix Penedès";47;1404;50;10;8;2;40;1364;13;2022;12;654;646;1300
"2023/2024";"Educació secundària obligatòria";"2";"Barcelonès";717;20900;603;283;137;146;320;20580;301;2022;12;9811;10640;20451
"2023/2024";"Educació secundària obligatòria";"2";"Berguedà";14;404;16;2;0;2;14;390;7;2022;12;197;203;400
"2023/2024";"Educació secundària obligatòria";"2";"Cerdanya";5;150;0;2;2;0;0;152;2;2022;12;103;95;198
"2023/2024";"Educació secundària obligatòria";"2";"Conca de Barberà";7;210;24;2;2;0;22;188;4;2022;12;107;95;202
"2023/2024";"Educació secundària obligatòria";"2";"Garraf";55;1634;68;13;8;5;55;1579;21;2022;12;811;910;1721
"2023/2024";"Educació secundària obligatòria";"2";"Garrigues";7;210;30;3;3;0;27;183;3;2022;12;88;104;192
"2023/2024";"Educació secundària obligatòria";"2";"Garrotxa";22;634;37;7;4;3;30;604;8;2022;12;292;332;624
"2023/2024";"Educació secundària obligatòria";"2";"Gironès";88;2559;55;19;14;5;40;2523;28;2022;12;1190;1317;2507
"2023/2024";"Educació secundària obligatòria";"2";"Maresme";186;5464;255;73;60;13;186;5282;74;2022;12;2637;2757;5394
"2023/2024";"Educació secundària obligatòria";"2";"Moianès";5;130;17;1;1;0;16;114;2;2022;12;71;83;154
"2023/2024";"Educació secundària obligatòria";"2";"Montsià";25;753;36;5;3;2;31;722;10;2022;12;368;398;766
"2023/2024";"Educació secundària obligatòria";"2";"Noguera";17;498;56;3;2;1;53;445;7;2022;12;204;250;454
"2023/2024";"Educació secundària obligatòria";"2";"Osona";75;2138;131;18;13;5;113;2025;31;2022;12;921;1061;1982
"2023/2024";"Educació secundària obligatòria";"2";"Pallars Jussà";5;150;27;1;0;1;26;124;3;2022;12;65;59;124
"2023/2024";"Educació secundària obligatòria";"2";"Pallars Sobirà";3;90;31;0;0;0;31;59;2;2022;12;30;47;77
"2023/2024";"Educació secundària obligatòria";"2";"Pla d'Urgell";14;408;19;5;2;3;14;394;4;2022;12;224;247;471
"2023/2024";"Educació secundària obligatòria";"2";"Pla de l'Estany";15;450;2;2;1;1;0;450;4;2022;12;216;227;443
"2023/2024";"Educació secundària obligatòria";"2";"Priorat";3;90;4;0;0;0;4;86;2;2022;12;36;42;78
"2023/2024";"Educació secundària obligatòria";"2";"Ribera d'Ebre";8;230;19;0;0;0;19;211;4;2022;12;85;109;194
"2023/2024";"Educació secundària obligatòria";"2";"Ripollès";11;330;76;5;4;1;71;259;5;2022;12;119;137;256
"2023/2024";"Educació secundària obligatòria";"2";"Segarra";11;293;10;1;1;0;9;284;4;2022;12;140;150;290
"2023/2024";"Educació secundària obligatòria";"2";"Segrià";93;2687;123;29;15;14;97;2593;32;2022;12;1206;1237;2443
"2023/2024";"Educació secundària obligatòria";"2";"Selva";66;1928;127;20;13;7;107;1821;25;2022;12;959;1024;1983
"2023/2024";"Educació secundària obligatòria";"2";"Solsonès";6;163;25;1;1;0;24;139;3;2022;12;68;63;131
"2023/2024";"Educació secundària obligatòria";"2";"Tarragonès";112;3312;151;35;22;13;116;3196;35;2022;12;1512;1634;3146
"2023/2024";"Educació secundària obligatòria";"2";"Terra Alta";4;120;13;1;0;1;12;108;2;2022;12;54;57;111
"2023/2024";"Educació secundària obligatòria";"2";"Urgell";16;472;24;5;2;3;19;453;6;2022;12;191;248;439
"2023/2024";"Educació secundària obligatòria";"2";"Vallès Occidental";389;11421;516;133;84;49;385;11038;147;2022;12;5654;6083;11737
"2023/2024";"Educació secundària obligatòria";"2";"Vallès Oriental";172;5043;222;33;27;6;190;4854;64;2022;12;2448;2683;5131
"2023/2024";"Educació secundària obligatòria";"3";"Alt Camp";17;510;19;3;1;2;17;494;6;2022;13;280;279;559
"2023/2024";"Educació secundària obligatòria";"3";"Alt Empordà";58;1683;65;8;5;3;60;1626;18;2022;13;850;895;1745
"2023/2024";"Educació secundària obligatòria";"3";"Alt Penedès";46;1275;23;14;10;4;12;1266;17;2022;13;727;728;1455
"2023/2024";"Educació secundària obligatòria";"3";"Alt Urgell";8;240;34;4;4;0;31;210;4;2022;13;116;111;227
"2023/2024";"Educació secundària obligatòria";"3";"Alta Ribagorça";2;60;19;1;1;0;18;42;1;2022;13;22;25;47
"2023/2024";"Educació secundària obligatòria";"3";"Anoia";56;1644;127;13;10;3;114;1530;21;2022;13;794;889;1683
"2023/2024";"Educació secundària obligatòria";"3";"Aran";3;90;0;0;0;0;0;90;1;2022;13;48;45;93
"2023/2024";"Educació secundària obligatòria";"3";"Bages";75;2207;94;20;16;4;76;2133;33;2022;13;1025;1090;2115
"2023/2024";"Educació secundària obligatòria";"3";"Baix Camp";85;2513;40;15;8;7;25;2488;28;2022;13;1236;1329;2565
"2023/2024";"Educació secundària obligatòria";"3";"Baix Ebre";31;930;48;6;0;6;42;888;12;2022;13;405;459;864
"2023/2024";"Educació secundària obligatòria";"3";"Baix Empordà";52;1542;33;11;11;0;23;1520;18;2022;13;832;833;1665
"2023/2024";"Educació secundària obligatòria";"3";"Baix Llobregat";324;9635;385;109;67;42;284;9359;110;2022;13;5101;5196;10297
"2023/2024";"Educació secundària obligatòria";"3";"Baix Penedès";48;1422;49;10;8;2;39;1383;13;2022;13;708;658;1366
"2023/2024";"Educació secundària obligatòria";"3";"Barcelonès";718;21144;505;305;131;174;200;20944;302;2022;13;10317;11077;21394
"2023/2024";"Educació secundària obligatòria";"3";"Berguedà";16;481;51;6;3;3;45;436;7;2022;13;191;212;403
"2023/2024";"Educació secundària obligatòria";"3";"Cerdanya";5;150;0;2;2;0;0;152;2;2022;13;98;105;203
"2023/2024";"Educació secundària obligatòria";"3";"Conca de Barberà";8;240;33;2;2;0;31;209;4;2022;13;112;111;223
"2023/2024";"Educació secundària obligatòria";"3";"Garraf";56;1658;70;26;15;11;44;1614;21;2022;13;909;999;1908
"2023/2024";"Educació secundària obligatòria";"3";"Garrigues";7;210;10;3;3;0;7;203;3;2022;13;85;98;183
"2023/2024";"Educació secundària obligatòria";"3";"Garrotxa";21;615;20;3;2;1;17;598;8;2022;13;310;341;651
"2023/2024";"Educació secundària obligatòria";"3";"Gironès";86;2494;29;19;12;7;17;2484;27;2022;13;1259;1360;2619
"2023/2024";"Educació secundària obligatòria";"3";"Maresme";189;5538;290;86;65;21;211;5334;74;2022;13;2733;2910;5643
"2023/2024";"Educació secundària obligatòria";"3";"Moianès";5;150;47;2;0;2;45;105;2;2022;13;78;97;175
"2023/2024";"Educació secundària obligatòria";"3";"Montsià";29;842;51;6;2;4;45;797;10;2022;13;378;397;775
"2023/2024";"Educació secundària obligatòria";"3";"Noguera";18;528;46;2;2;0;44;484;7;2022;13;232;239;471
"2023/2024";"Educació secundària obligatòria";"3";"Osona";73;2111;110;21;16;5;90;2022;31;2022;13;964;1088;2052
"2023/2024";"Educació secundària obligatòria";"3";"Pallars Jussà";5;150;30;1;1;0;29;121;3;2022;13;68;73;141
"2023/2024";"Educació secundària obligatòria";"3";"Pallars Sobirà";3;90;13;0;0;0;13;77;2;2022;13;30;34;64
"2023/2024";"Educació secundària obligatòria";"3";"Pla d'Urgell";13;378;0;0;0;0;0;378;4;2022;13;231;249;480
"2023/2024";"Educació secundària obligatòria";"3";"Pla de l'Estany";15;440;4;2;1;1;2;438;4;2022;13;210;210;420
"2023/2024";"Educació secundària obligatòria";"3";"Priorat";4;120;41;0;0;0;41;79;2;2022;13;40;50;90
"2023/2024";"Educació secundària obligatòria";"3";"Ribera d'Ebre";7;210;30;4;4;0;26;184;4;2022;13;87;108;195
"2023/2024";"Educació secundària obligatòria";"3";"Ripollès";10;300;56;1;1;0;55;245;5;2022;13;118;143;261
"2023/2024";"Educació secundària obligatòria";"3";"Segarra";10;304;24;5;5;0;19;285;4;2022;13;115;128;243
"2023/2024";"Educació secundària obligatòria";"3";"Segrià";92;2736;135;22;13;9;113;2623;32;2022;13;1228;1305;2533
"2023/2024";"Educació secundària obligatòria";"3";"Selva";69;2040;130;25;17;8;105;1935;25;2022;13;1013;1071;2084
"2023/2024";"Educació secundària obligatòria";"3";"Solsonès";6;165;34;0;0;0;34;131;3;2022;13;73;85;158
"2023/2024";"Educació secundària obligatòria";"3";"Tarragonès";111;3291;119;22;12;10;98;3194;34;2022;13;1576;1777;3353
"2023/2024";"Educació secundària obligatòria";"3";"Terra Alta";4;120;12;0;0;0;12;108;2;2022;13;44;52;96
"2023/2024";"Educació secundària obligatòria";"3";"Urgell";17;510;35;6;5;1;29;481;6;2022;13;239;208;447
"2023/2024";"Educació secundària obligatòria";"3";"Vallès Occidental";395;11628;280;109;74;35;173;11457;148;2022;13;5866;6255;12121
"2023/2024";"Educació secundària obligatòria";"3";"Vallès Oriental";177;5218;233;56;40;16;178;5041;64;2022;13;2582;2761;5343
"2023/2024";"Educació secundària obligatòria";"4";"Alt Camp";18;540;23;1;0;1;22;518;6;2022;14;248;281;529
"2023/2024";"Educació secundària obligatòria";"4";"Alt Empordà";59;1710;48;10;3;7;38;1672;18;2022;14;750;854;1604
"2023/2024";"Educació secundària obligatòria";"4";"Alt Penedès";49;1439;42;13;8;5;30;1410;17;2022;14;659;730;1389
"2023/2024";"Educació secundària obligatòria";"4";"Alt Urgell";8;240;11;0;0;0;11;229;4;2022;14;89;113;202
"2023/2024";"Educació secundària obligatòria";"4";"Alta Ribagorça";2;60;7;1;1;0;6;54;1;2022;14;19;22;41
"2023/2024";"Educació secundària obligatòria";"4";"Anoia";59;1728;98;14;12;2;84;1644;21;2022;14;771;822;1593
"2023/2024";"Educació secundària obligatòria";"4";"Aran";3;90;0;0;0;0;0;90;1;2022;14;68;52;120
"2023/2024";"Educació secundària obligatòria";"4";"Bages";77;2264;112;13;10;3;99;2165;32;2022;14;1005;1048;2053
"2023/2024";"Educació secundària obligatòria";"4";"Baix Camp";87;2602;69;13;11;2;56;2546;28;2022;14;1257;1266;2523
"2023/2024";"Educació secundària obligatòria";"4";"Baix Ebre";32;960;58;14;7;7;44;916;12;2022;14;382;415;797
"2023/2024";"Educació secundària obligatòria";"4";"Baix Empordà";55;1628;44;13;12;1;34;1597;18;2022;14;705;799;1504
"2023/2024";"Educació secundària obligatòria";"4";"Baix Llobregat";330;9802;344;77;48;29;272;9535;111;2022;14;4963;5145;10108
"2023/2024";"Educació secundària obligatòria";"4";"Baix Penedès";49;1456;38;9;4;5;29;1427;13;2022;14;657;710;1367
"2023/2024";"Educació secundària obligatòria";"4";"Barcelonès";736;21627;521;328;159;169;194;21434;301;2022;14;9912;10669;20581
"2023/2024";"Educació secundària obligatòria";"4";"Berguedà";15;450;55;7;4;3;48;402;7;2022;14;172;210;382
"2023/2024";"Educació secundària obligatòria";"4";"Cerdanya";6;180;14;10;8;2;4;176;2;2022;14;105;99;204
"2023/2024";"Educació secundària obligatòria";"4";"Conca de Barberà";7;210;7;2;2;0;7;205;4;2022;14;98;97;195
"2023/2024";"Educació secundària obligatòria";"4";"Garraf";57;1715;42;16;10;6;26;1689;20;2022;14;879;919;1798
"2023/2024";"Educació secundària obligatòria";"4";"Garrigues";7;210;43;2;2;0;41;169;3;2022;14;88;87;175
"2023/2024";"Educació secundària obligatòria";"4";"Garrotxa";21;611;10;0;0;0;10;601;8;2022;14;308;342;650
"2023/2024";"Educació secundària obligatòria";"4";"Gironès";88;2574;28;22;15;7;16;2568;27;2022;14;1163;1241;2404
"2023/2024";"Educació secundària obligatòria";"4";"Maresme";188;5563;253;58;43;15;199;5368;72;2022;14;2630;2706;5336
"2023/2024";"Educació secundària obligatòria";"4";"Moianès";5;150;20;1;0;1;19;131;2;2022;14;83;77;160
"2023/2024";"Educació secundària obligatòria";"4";"Montsià";28;810;51;3;1;2;48;762;10;2022;14;352;410;762
"2023/2024";"Educació secundària obligatòria";"4";"Noguera";18;528;64;2;2;0;62;466;7;2022;14;190;230;420
"2023/2024";"Educació secundària obligatòria";"4";"Osona";75;2189;115;22;17;5;93;2096;31;2022;14;909;1012;1921
"2023/2024";"Educació secundària obligatòria";"4";"Pallars Jussà";6;179;46;0;0;0;46;133;3;2022;14;61;55;116
"2023/2024";"Educació secundària obligatòria";"4";"Pallars Sobirà";3;90;25;0;0;0;25;65;2;2022;14;33;36;69
"2023/2024";"Educació secundària obligatòria";"4";"Pla d'Urgell";14;408;2;0;0;0;2;406;4;2022;14;217;213;430
"2023/2024";"Educació secundària obligatòria";"4";"Pla de l'Estany";13;390;3;0;0;0;3;387;4;2022;14;167;208;375
"2023/2024";"Educació secundària obligatòria";"4";"Priorat";4;120;36;1;1;0;35;85;2;2022;14;40;43;83
"2023/2024";"Educació secundària obligatòria";"4";"Ribera d'Ebre";7;210;41;1;1;0;40;170;4;2022;14;86;86;172
"2023/2024";"Educació secundària obligatòria";"4";"Ripollès";11;330;63;1;1;0;62;268;5;2022;14;122;114;236
"2023/2024";"Educació secundària obligatòria";"4";"Segarra";9;274;10;4;4;0;6;268;4;2022;14;123;136;259
"2023/2024";"Educació secundària obligatòria";"4";"Segrià";96;2853;191;14;6;8;178;2676;32;2022;14;1123;1192;2315
"2023/2024";"Educació secundària obligatòria";"4";"Selva";72;2115;122;14;12;2;108;2007;25;2022;14;919;1006;1925
"2023/2024";"Educació secundària obligatòria";"4";"Solsonès";7;191;35;2;2;0;33;158;3;2022;14;56;78;134
"2023/2024";"Educació secundària obligatòria";"4";"Tarragonès";112;3318;83;23;13;10;62;3258;34;2022;14;1531;1537;3068
"2023/2024";"Educació secundària obligatòria";"4";"Terra Alta";4;120;29;1;1;0;28;92;2;2022;14;35;53;88
"2023/2024";"Educació secundària obligatòria";"4";"Urgell";17;510;41;2;2;0;39;471;6;2022;14;206;210;416
"2023/2024";"Educació secundària obligatòria";"4";"Vallès Occidental";408;12012;323;111;74;37;216;11800;146;2022;14;5778;6125;11903
"2023/2024";"Educació secundària obligatòria";"4";"Vallès Oriental";180;5308;173;27;21;6;147;5162;64;2022;14;2463;2706;5169
"2024/2025";"Educació infantil: Parvulari";"1";"Alt Camp";20;399;399;336;318;18;63;336;27;2023;2;178;177;355
"2024/2025";"Educació infantil: Parvulari";"1";"Alt Empordà";63;1258;1231;1060;960;100;174;1087;69;2023;2;610;624;1234
"2024/2025";"Educació infantil: Parvulari";"1";"Alt Penedès";54;972;970;919;838;81;55;921;46;2023;2;412;437;849
"2024/2025";"Educació infantil: Parvulari";"1";"Alt Urgell";8;159;159;142;132;10;17;142;12;2023;2;73;71;144
"2024/2025";"Educació infantil: Parvulari";"1";"Alta Ribagorça";2;23;23;21;21;0;2;21;3;2023;2;6;13;19
"2024/2025";"Educació infantil: Parvulari";"1";"Anoia";58;1110;1110;997;938;59;114;997;48;2023;2;503;515;1018
"2024/2025";"Educació infantil: Parvulari";"1";"Aran";4;60;60;46;46;0;14;46;7;2023;2;40;32;72
"2024/2025";"Educació infantil: Parvulari";"1";"Bages";78;1522;1522;1343;1231;112;182;1343;62;2023;2;676;714;1390
"2024/2025";"Educació infantil: Parvulari";"1";"Baix Camp";91;1774;1771;1539;1434;105;232;1542;61;2023;2;819;771;1590
"2024/2025";"Educació infantil: Parvulari";"1";"Baix Ebre";34;738;729;545;490;55;188;554;32;2023;2;318;316;634
"2024/2025";"Educació infantil: Parvulari";"1";"Baix Empordà";54;1048;1048;940;855;85;113;940;44;2023;2;501;551;1052
"2024/2025";"Educació infantil: Parvulari";"1";"Baix Llobregat";317;6323;6321;5762;5074;688;561;5764;209;2023;2;3003;3153;6156
"2024/2025";"Educació infantil: Parvulari";"1";"Baix Penedès";46;912;910;820;740;80;93;822;28;2023;2;428;498;926
"2024/2025";"Educació infantil: Parvulari";"1";"Barcelonès";790;16929;16904;15350;13810;1540;1554;15375;475;2023;2;8033;8425;16458
"2024/2025";"Educació infantil: Parvulari";"1";"Berguedà";17;325;325;264;243;21;62;264;24;2023;2;164;144;308
"2024/2025";"Educació infantil: Parvulari";"1";"Cerdanya";6;132;132;114;107;7;18;114;13;2023;2;62;64;126
"2024/2025";"Educació infantil: Parvulari";"1";"Conca de Barberà";8;187;187;164;163;1;23;164;14;2023;2;73;75;148
"2024/2025";"Educació infantil: Parvulari";"1";"Garraf";56;1075;1074;1066;944;122;20;1067;33;2023;2;568;596;1164
"2024/2025";"Educació infantil: Parvulari";"1";"Garrigues";6;141;141;107;107;0;34;107;16;2023;2;60;57;117
"2024/2025";"Educació infantil: Parvulari";"1";"Garrotxa";22;462;460;422;381;41;43;424;24;2023;2;214;249;463
"2024/2025";"Educació infantil: Parvulari";"1";"Gironès";94;1821;1820;1686;1546;140;143;1687;62;2023;2;945;964;1909
"2024/2025";"Educació infantil: Parvulari";"1";"Maresme";177;3524;3521;3208;2815;393;314;3211;120;2023;2;1616;1765;3381
"2024/2025";"Educació infantil: Parvulari";"1";"Moianès";6;119;119;82;75;7;37;82;10;2023;2;56;44;100
"2024/2025";"Educació infantil: Parvulari";"1";"Montsià";26;565;564;470;437;33;94;471;21;2023;2;233;229;462
"2024/2025";"Educació infantil: Parvulari";"1";"Noguera";13;298;298;250;243;7;48;250;32;2023;2;136;149;285
"2024/2025";"Educació infantil: Parvulari";"1";"Osona";75;1481;1480;1262;1151;111;220;1263;65;2023;2;668;715;1383
"2024/2025";"Educació infantil: Parvulari";"1";"Pallars Jussà";4;97;97;71;70;1;26;71;7;2023;2;36;46;82
"2024/2025";"Educació infantil: Parvulari";"1";"Pallars Sobirà";2;51;51;43;43;0;8;43;7;2023;2;23;23;46
"2024/2025";"Educació infantil: Parvulari";"1";"Pla d'Urgell";17;373;373;296;282;14;77;296;19;2023;2;164;159;323
"2024/2025";"Educació infantil: Parvulari";"1";"Pla de l'Estany";14;254;254;249;237;12;8;249;12;2023;2;135;133;268
"2024/2025";"Educació infantil: Parvulari";"1";"Priorat";2;66;66;59;59;0;7;59;15;2023;2;27;21;48
"2024/2025";"Educació infantil: Parvulari";"1";"Ribera d'Ebre";8;214;214;130;130;0;84;130;16;2023;2;81;57;138
"2024/2025";"Educació infantil: Parvulari";"1";"Ripollès";8;181;181;160;155;5;22;160;14;2023;2;77;81;158
"2024/2025";"Educació infantil: Parvulari";"1";"Segarra";10;210;210;188;171;17;22;188;11;2023;2;105;111;216
"2024/2025";"Educació infantil: Parvulari";"1";"Segrià";91;1893;1893;1569;1440;129;324;1569;80;2023;2;875;868;1743
"2024/2025";"Educació infantil: Parvulari";"1";"Selva";73;1501;1494;1297;1189;108;203;1304;46;2023;2;705;792;1497
"2024/2025";"Educació infantil: Parvulari";"1";"Solsonès";6;124;124;108;104;4;16;108;12;2023;2;55;57;112
"2024/2025";"Educació infantil: Parvulari";"1";"Tarragonès";111;2177;2177;1999;1795;204;178;1999;68;2023;2;1058;1097;2155
"2024/2025";"Educació infantil: Parvulari";"1";"Terra Alta";3;134;134;60;60;0;74;60;12;2023;2;38;40;78
"2024/2025";"Educació infantil: Parvulari";"1";"Urgell";17;356;356;303;288;15;53;303;22;2023;2;169;156;325
"2024/2025";"Educació infantil: Parvulari";"1";"Vallès Occidental";386;7956;7949;7186;6673;513;768;7193;237;2023;2;3735;3830;7565
"2024/2025";"Educació infantil: Parvulari";"1";"Vallès Oriental";165;3305;3305;3013;2709;304;298;3013;119;2023;2;1542;1595;3137
"2024/2025";"Educació infantil: Parvulari";"2";"Alt Camp";16;359;20;5;3;2;15;344;27;2023;3;170;192;362
"2024/2025";"Educació infantil: Parvulari";"2";"Alt Empordà";61;1247;71;6;5;1;66;1182;69;2023;3;599;651;1250
"2024/2025";"Educació infantil: Parvulari";"2";"Alt Penedès";51;893;50;10;5;5;40;853;46;2023;3;483;501;984
"2024/2025";"Educació infantil: Parvulari";"2";"Alt Urgell";6;147;15;3;2;1;12;135;12;2023;3;61;72;133
"2024/2025";"Educació infantil: Parvulari";"2";"Alta Ribagorça";1;27;8;0;0;0;8;19;3;2023;3;12;13;25
"2024/2025";"Educació infantil: Parvulari";"2";"Anoia";53;1045;89;24;23;1;65;980;48;2023;3;522;521;1043
"2024/2025";"Educació infantil: Parvulari";"2";"Aran";2;66;5;0;0;0;5;61;7;2023;3;47;31;78
"2024/2025";"Educació infantil: Parvulari";"2";"Bages";76;1502;120;22;18;4;98;1404;60;2023;3;758;787;1545
"2024/2025";"Educació infantil: Parvulari";"2";"Baix Camp";85;1653;44;18;6;12;27;1627;61;2023;3;837;949;1786
"2024/2025";"Educació infantil: Parvulari";"2";"Baix Ebre";31;707;87;12;9;3;75;632;32;2023;3;328;358;686
"2024/2025";"Educació infantil: Parvulari";"2";"Baix Empordà";56;1098;101;13;11;2;91;1010;44;2023;3;561;578;1139
"2024/2025";"Educació infantil: Parvulari";"2";"Baix Llobregat";313;6323;591;127;78;49;466;5859;206;2023;3;3246;3429;6675
"2024/2025";"Educació infantil: Parvulari";"2";"Baix Penedès";49;969;62;12;9;3;50;919;28;2023;3;501;518;1019
"2024/2025";"Educació infantil: Parvulari";"2";"Barcelonès";775;16760;1140;457;243;214;684;16077;471;2023;3;8335;8855;17190
"2024/2025";"Educació infantil: Parvulari";"2";"Berguedà";15;326;25;8;5;3;19;309;24;2023;3;149;159;308
"2024/2025";"Educació infantil: Parvulari";"2";"Cerdanya";6;129;16;1;1;0;15;114;13;2023;3;76;78;154
"2024/2025";"Educació infantil: Parvulari";"2";"Conca de Barberà";6;162;8;0;0;0;8;154;14;2023;3;69;63;132
"2024/2025";"Educació infantil: Parvulari";"2";"Garraf";57;1103;53;22;18;4;31;1072;33;2023;3;594;612;1206
"2024/2025";"Educació infantil: Parvulari";"2";"Garrigues";5;138;20;2;2;0;18;120;16;2023;3;78;76;154
"2024/2025";"Educació infantil: Parvulari";"2";"Garrotxa";25;467;16;3;3;0;14;454;24;2023;3;248;248;496
"2024/2025";"Educació infantil: Parvulari";"2";"Gironès";95;1883;48;25;18;7;33;1860;62;2023;3;931;951;1882
"2024/2025";"Educació infantil: Parvulari";"2";"Maresme";178;3533;317;67;45;22;254;3283;118;2023;3;1780;1889;3669
"2024/2025";"Educació infantil: Parvulari";"2";"Moianès";4;116;16;3;2;1;13;103;10;2023;3;45;51;96
"2024/2025";"Educació infantil: Parvulari";"2";"Montsià";27;572;110;9;8;1;101;471;21;2023;3;273;287;560
"2024/2025";"Educació infantil: Parvulari";"2";"Noguera";13;304;26;6;6;0;21;284;32;2023;3;123;177;300
"2024/2025";"Educació infantil: Parvulari";"2";"Osona";75;1456;128;35;24;11;94;1363;63;2023;3;728;759;1487
"2024/2025";"Educació infantil: Parvulari";"2";"Pallars Jussà";5;115;33;4;4;0;29;86;7;2023;3;56;41;97
"2024/2025";"Educació infantil: Parvulari";"2";"Pallars Sobirà";2;39;0;0;0;0;0;39;7;2023;3;22;28;50
"2024/2025";"Educació infantil: Parvulari";"2";"Pla d'Urgell";16;355;41;4;2;2;37;318;19;2023;3;158;155;313
"2024/2025";"Educació infantil: Parvulari";"2";"Pla de l'Estany";14;261;4;2;2;0;2;259;12;2023;3;150;140;290
"2024/2025";"Educació infantil: Parvulari";"2";"Priorat";1;45;0;0;0;0;0;45;15;2023;3;21;33;54
"2024/2025";"Educació infantil: Parvulari";"2";"Ribera d'Ebre";7;215;81;0;0;0;81;134;16;2023;3;77;71;148
"2024/2025";"Educació infantil: Parvulari";"2";"Ripollès";7;171;9;1;1;0;8;163;14;2023;3;79;104;183
"2024/2025";"Educació infantil: Parvulari";"2";"Segarra";10;221;17;2;0;2;15;206;11;2023;3;95;108;203
"2024/2025";"Educació infantil: Parvulari";"2";"Segrià";92;1905;153;21;11;10;134;1773;80;2023;3;876;938;1814
"2024/2025";"Educació infantil: Parvulari";"2";"Selva";77;1510;130;14;10;4;117;1394;45;2023;3;768;781;1549
"2024/2025";"Educació infantil: Parvulari";"2";"Solsonès";6;139;20;2;1;1;18;121;12;2023;3;59;77;136
"2024/2025";"Educació infantil: Parvulari";"2";"Tarragonès";115;2134;69;12;4;8;59;2077;68;2023;3;1092;1219;2311
"2024/2025";"Educació infantil: Parvulari";"2";"Terra Alta";5;138;61;0;0;0;61;77;12;2023;3;40;39;79
"2024/2025";"Educació infantil: Parvulari";"2";"Urgell";16;360;33;2;0;2;31;329;22;2023;3;158;161;319
"2024/2025";"Educació infantil: Parvulari";"2";"Vallès Occidental";380;7804;493;109;76;33;385;7420;235;2023;3;4083;4038;8121
"2024/2025";"Educació infantil: Parvulari";"2";"Vallès Oriental";162;3251;200;51;34;17;151;3102;119;2023;3;1674;1694;3368
"2024/2025";"Educació infantil: Parvulari";"3";"Alt Camp";30;375;21;3;3;0;18;357;27;2023;4;182;196;378
"2024/2025";"Educació infantil: Parvulari";"3";"Alt Empordà";87;1284;75;17;16;1;60;1226;69;2023;4;655;746;1401
"2024/2025";"Educació infantil: Parvulari";"3";"Alt Penedès";58;1033;70;10;10;0;60;973;46;2023;4;456;512;968
"2024/2025";"Educació infantil: Parvulari";"3";"Alt Urgell";12;148;10;2;2;0;9;140;12;2023;4;71;71;142
"2024/2025";"Educació infantil: Parvulari";"3";"Alta Ribagorça";3;28;5;0;0;0;5;23;3;2023;4;17;18;35
"2024/2025";"Educació infantil: Parvulari";"3";"Anoia";62;1130;112;14;9;5;99;1032;48;2023;4;559;593;1152
"2024/2025";"Educació infantil: Parvulari";"3";"Aran";8;89;12;1;1;0;11;78;7;2023;4;30;47;77
"2024/2025";"Educació infantil: Parvulari";"3";"Bages";84;1624;125;12;11;1;114;1511;62;2023;4;764;846;1610
"2024/2025";"Educació infantil: Parvulari";"3";"Baix Camp";96;1751;24;17;11;6;8;1744;61;2023;4;888;961;1849
"2024/2025";"Educació infantil: Parvulari";"3";"Baix Ebre";44;786;122;3;2;1;119;667;32;2023;4;360;323;683
"2024/2025";"Educació infantil: Parvulari";"3";"Baix Empordà";66;1196;101;13;11;2;89;1108;44;2023;4;594;577;1171
"2024/2025";"Educació infantil: Parvulari";"3";"Baix Llobregat";321;6593;440;71;40;31;372;6224;205;2023;4;3439;3717;7156
"2024/2025";"Educació infantil: Parvulari";"3";"Baix Penedès";55;1059;54;16;10;6;40;1021;28;2023;4;469;467;936
"2024/2025";"Educació infantil: Parvulari";"3";"Barcelonès";780;17111;908;376;209;167;532;16579;471;2023;4;8825;9142;17967
"2024/2025";"Educació infantil: Parvulari";"3";"Berguedà";25;317;27;3;2;1;25;293;24;2023;4;146;151;297
"2024/2025";"Educació infantil: Parvulari";"3";"Cerdanya";12;161;19;1;1;0;18;143;13;2023;4;79;81;160
"2024/2025";"Educació infantil: Parvulari";"3";"Conca de Barberà";12;118;4;2;2;0;2;116;13;2023;4;68;94;162
"2024/2025";"Educació infantil: Parvulari";"3";"Garraf";58;1154;55;19;16;3;36;1118;33;2023;4;666;667;1333
"2024/2025";"Educació infantil: Parvulari";"3";"Garrigues";16;171;16;1;1;0;15;156;16;2023;4;63;90;153
"2024/2025";"Educació infantil: Parvulari";"3";"Garrotxa";30;473;1;2;2;0;0;474;24;2023;4;250;282;532
"2024/2025";"Educació infantil: Parvulari";"3";"Gironès";100;1872;80;24;16;8;61;1816;62;2023;4;1023;1049;2072
"2024/2025";"Educació infantil: Parvulari";"3";"Maresme";183;3716;249;42;26;16;210;3509;120;2023;4;2008;1961;3969
"2024/2025";"Educació infantil: Parvulari";"3";"Moianès";10;122;28;1;1;0;27;95;10;2023;4;58;53;111
"2024/2025";"Educació infantil: Parvulari";"3";"Montsià";33;665;97;8;5;3;89;576;21;2023;4;283;330;613
"2024/2025";"Educació infantil: Parvulari";"3";"Noguera";28;341;27;0;0;0;27;314;32;2023;4;170;179;349
"2024/2025";"Educació infantil: Parvulari";"3";"Osona";86;1523;71;9;8;1;65;1461;63;2023;4;750;808;1558
"2024/2025";"Educació infantil: Parvulari";"3";"Pallars Jussà";9;115;19;0;0;0;19;96;7;2023;4;36;40;76
"2024/2025";"Educació infantil: Parvulari";"3";"Pallars Sobirà";6;63;10;0;0;0;10;53;7;2023;4;23;30;53
"2024/2025";"Educació infantil: Parvulari";"3";"Pla d'Urgell";22;340;41;1;1;0;40;300;19;2023;4;174;158;332
"2024/2025";"Educació infantil: Parvulari";"3";"Pla de l'Estany";17;269;4;2;1;1;2;267;12;2023;4;142;148;290
"2024/2025";"Educació infantil: Parvulari";"3";"Priorat";10;45;0;0;0;0;0;45;15;2023;4;18;22;40
"2024/2025";"Educació infantil: Parvulari";"3";"Ribera d'Ebre";14;237;87;0;0;0;87;150;16;2023;4;71;90;161
"2024/2025";"Educació infantil: Parvulari";"3";"Ripollès";13;195;14;1;1;0;13;182;14;2023;4;92;97;189
"2024/2025";"Educació infantil: Parvulari";"3";"Segarra";12;195;10;2;1;1;9;187;11;2023;4;102;111;213
"2024/2025";"Educació infantil: Parvulari";"3";"Segrià";114;1951;127;20;10;10;107;1844;80;2023;4;917;955;1872
"2024/2025";"Educació infantil: Parvulari";"3";"Selva";75;1485;96;9;8;1;88;1398;45;2023;4;809;792;1601
"2024/2025";"Educació infantil: Parvulari";"3";"Solsonès";12;161;10;1;1;0;9;152;12;2023;4;59;57;116
"2024/2025";"Educació infantil: Parvulari";"3";"Tarragonès";121;2298;108;14;7;7;94;2204;67;2023;4;1247;1283;2530
"2024/2025";"Educació infantil: Parvulari";"3";"Terra Alta";9;146;70;0;0;0;70;76;12;2023;4;48;45;93
"2024/2025";"Educació infantil: Parvulari";"3";"Urgell";23;350;34;2;2;0;32;318;22;2023;4;186;197;383
"2024/2025";"Educació infantil: Parvulari";"3";"Vallès Occidental";393;8193;463;108;74;34;358;7838;235;2023;4;4182;4327;8509
"2024/2025";"Educació infantil: Parvulari";"3";"Vallès Oriental";176;3484;253;53;37;16;208;3284;119;2023;4;1757;1875;3632
"2024/2025";"Educació primària";"1";"Alt Camp";19;392;14;2;2;0;12;380;27;2023;5;214;233;447
"2024/2025";"Educació primària";"1";"Alt Empordà";60;1420;88;14;13;1;74;1346;69;2023;5;709;740;1449
"2024/2025";"Educació primària";"1";"Alt Penedès";54;1048;89;14;11;3;77;973;46;2023;5;536;554;1090
"2024/2025";"Educació primària";"1";"Alt Urgell";6;171;30;6;6;0;24;147;12;2023;5;83;79;162
"2024/2025";"Educació primària";"1";"Alta Ribagorça";1;41;5;0;0;0;5;36;3;2023;5;17;17;34
"2024/2025";"Educació primària";"1";"Anoia";54;1212;111;20;17;3;91;1121;48;2023;5;575;672;1247
"2024/2025";"Educació primària";"1";"Aran";3;82;6;2;2;0;4;78;7;2023;5;36;48;84
"2024/2025";"Educació primària";"1";"Bages";79;1831;233;20;15;5;213;1618;63;2023;5;816;912;1728
"2024/2025";"Educació primària";"1";"Baix Camp";88;1862;56;19;11;8;37;1825;61;2023;5;1003;1068;2071
"2024/2025";"Educació primària";"1";"Baix Ebre";30;803;134;6;6;0;128;675;32;2023;5;349;397;746
"2024/2025";"Educació primària";"1";"Baix Empordà";57;1307;169;24;21;3;148;1162;44;2023;5;668;675;1343
"2024/2025";"Educació primària";"1";"Baix Llobregat";309;7575;924;153;121;32;773;6804;209;2023;5;3759;3934;7693
"2024/2025";"Educació primària";"1";"Baix Penedès";44;1023;89;25;22;3;68;959;28;2023;5;520;537;1057
"2024/2025";"Educació primària";"1";"Barcelonès";799;19318;2390;839;641;198;1555;17767;473;2023;5;9140;9710;18850
"2024/2025";"Educació primària";"1";"Berguedà";17;373;69;4;3;1;65;308;23;2023;5;154;165;319
"2024/2025";"Educació primària";"1";"Cerdanya";7;172;26;2;2;0;24;148;13;2023;5;94;93;187
"2024/2025";"Educació primària";"1";"Conca de Barberà";10;186;22;1;1;0;21;165;14;2023;5;76;100;176
"2024/2025";"Educació primària";"1";"Garraf";56;1249;58;21;14;7;37;1212;33;2023;5;642;703;1345
"2024/2025";"Educació primària";"1";"Garrigues";7;177;41;3;3;0;38;139;16;2023;5;64;78;142
"2024/2025";"Educació primària";"1";"Garrotxa";23;539;17;14;13;1;3;536;23;2023;5;247;305;552
"2024/2025";"Educació primària";"1";"Gironès";96;2139;213;94;88;6;125;2020;62;2023;5;1061;1079;2140
"2024/2025";"Educació primària";"1";"Maresme";182;4298;497;121;95;26;384;3922;120;2023;5;2061;2193;4254
"2024/2025";"Educació primària";"1";"Moianès";4;137;39;0;0;0;39;98;10;2023;5;60;61;121
"2024/2025";"Educació primària";"1";"Montsià";29;720;99;5;5;0;94;626;21;2023;5;316;290;606
"2024/2025";"Educació primària";"1";"Noguera";18;389;56;3;1;2;53;336;32;2023;5;146;184;330
"2024/2025";"Educació primària";"1";"Osona";76;1727;193;15;13;2;179;1549;65;2023;5;792;833;1625
"2024/2025";"Educació primària";"1";"Pallars Jussà";3;95;11;0;0;0;11;84;7;2023;5;47;54;101
"2024/2025";"Educació primària";"1";"Pallars Sobirà";2;64;8;0;0;0;8;56;7;2023;5;25;31;56
"2024/2025";"Educació primària";"1";"Pla d'Urgell";18;441;113;2;2;0;111;330;19;2023;5;166;217;383
"2024/2025";"Educació primària";"1";"Pla de l'Estany";15;307;30;21;20;1;9;298;13;2023;5;178;175;353
"2024/2025";"Educació primària";"1";"Priorat";2;39;0;0;0;0;0;39;15;2023;5;33;46;79
"2024/2025";"Educació primària";"1";"Ribera d'Ebre";7;238;73;0;0;0;73;165;16;2023;5;83;105;188
"2024/2025";"Educació primària";"1";"Ripollès";8;178;0;0;0;0;0;178;14;2023;5;107;104;211
"2024/2025";"Educació primària";"1";"Segarra";10;215;10;1;1;0;9;206;11;2023;5;115;103;218
"2024/2025";"Educació primària";"1";"Segrià";91;2132;212;22;20;2;190;1942;80;2023;5;1006;1004;2010
"2024/2025";"Educació primària";"1";"Selva";70;1641;149;11;9;2;140;1503;45;2023;5;795;880;1675
"2024/2025";"Educació primària";"1";"Solsonès";6;162;26;2;2;0;24;138;12;2023;5;81;82;163
"2024/2025";"Educació primària";"1";"Tarragonès";116;2490;64;30;22;8;34;2456;67;2023;5;1272;1278;2550
"2024/2025";"Educació primària";"1";"Terra Alta";5;150;53;2;2;0;51;99;12;2023;5;40;31;71
"2024/2025";"Educació primària";"1";"Urgell";17;423;36;5;5;0;31;392;22;2023;5;182;170;352
"2024/2025";"Educació primària";"1";"Vallès Occidental";390;9084;876;255;218;37;627;8463;237;2023;5;4401;4785;9186
"2024/2025";"Educació primària";"1";"Vallès Oriental";169;4092;523;82;59;23;448;3651;119;2023;5;1935;2031;3966
"2024/2025";"Educació primària";"2";"Alt Camp";26;436;1;1;1;0;0;436;27;2023;6;223;236;459
"2024/2025";"Educació primària";"2";"Alt Empordà";67;1435;65;10;4;6;59;1380;69;2023;6;685;661;1346
"2024/2025";"Educació primària";"2";"Alt Penedès";52;1115;62;11;9;2;51;1064;46;2023;6;522;603;1125
"2024/2025";"Educació primària";"2";"Alt Urgell";8;176;8;5;4;1;4;173;12;2023;6;87;99;186
"2024/2025";"Educació primària";"2";"Alta Ribagorça";2;37;2;0;0;0;2;35;3;2023;6;11;25;36
"2024/2025";"Educació primària";"2";"Anoia";63;1359;160;8;6;2;152;1207;48;2023;6;660;638;1298
"2024/2025";"Educació primària";"2";"Aran";6;88;6;0;0;0;6;82;7;2023;6;49;53;102
"2024/2025";"Educació primària";"2";"Bages";84;1934;191;15;13;2;177;1758;61;2023;6;928;941;1869
"2024/2025";"Educació primària";"2";"Baix Camp";89;1949;12;2;1;1;10;1939;61;2023;6;991;1096;2087
"2024/2025";"Educació primària";"2";"Baix Ebre";32;852;126;10;10;0;116;736;32;2023;6;374;372;746
"2024/2025";"Educació primària";"2";"Baix Empordà";63;1358;88;6;6;0;84;1276;44;2023;6;665;728;1393
"2024/2025";"Educació primària";"2";"Baix Llobregat";320;7867;732;118;88;30;615;7253;208;2023;6;4063;4251;8314
"2024/2025";"Educació primària";"2";"Baix Penedès";49;1116;53;14;14;0;43;1077;28;2023;6;519;537;1056
"2024/2025";"Educació primària";"2";"Barcelonès";794;19478;1314;345;224;121;969;18509;472;2023;6;9405;9974;19379
"2024/2025";"Educació primària";"2";"Berguedà";19;394;77;5;5;0;72;322;23;2023;6;171;198;369
"2024/2025";"Educació primària";"2";"Cerdanya";9;186;18;3;3;0;15;171;13;2023;6;74;92;166
"2024/2025";"Educació primària";"2";"Conca de Barberà";8;187;12;1;1;0;11;176;14;2023;6;75;94;169
"2024/2025";"Educació primària";"2";"Garraf";55;1249;31;16;12;4;18;1234;33;2023;6;706;769;1475
"2024/2025";"Educació primària";"2";"Garrigues";6;187;46;0;0;0;46;141;16;2023;6;89;88;177
"2024/2025";"Educació primària";"2";"Garrotxa";28;562;30;3;2;1;28;535;23;2023;6;289;296;585
"2024/2025";"Educació primària";"2";"Gironès";97;2155;103;20;19;1;86;2072;62;2023;6;1098;1124;2222
"2024/2025";"Educació primària";"2";"Maresme";184;4487;406;49;35;14;357;4130;120;2023;6;2207;2345;4552
"2024/2025";"Educació primària";"2";"Moianès";7;121;13;1;0;1;12;109;9;2023;6;71;69;140
"2024/2025";"Educació primària";"2";"Montsià";25;675;74;2;2;0;72;603;21;2023;6;298;306;604
"2024/2025";"Educació primària";"2";"Noguera";16;387;61;3;2;1;58;329;32;2023;6;172;163;335
"2024/2025";"Educació primària";"2";"Osona";79;1694;130;10;8;2;122;1574;63;2023;6;815;833;1648
"2024/2025";"Educació primària";"2";"Pallars Jussà";5;122;17;0;0;0;17;105;7;2023;6;49;43;92
"2024/2025";"Educació primària";"2";"Pallars Sobirà";3;56;2;0;0;0;2;54;7;2023;6;30;18;48
"2024/2025";"Educació primària";"2";"Pla d'Urgell";20;420;46;1;1;0;45;375;19;2023;6;174;167;341
"2024/2025";"Educació primària";"2";"Pla de l'Estany";17;352;1;1;0;1;0;352;13;2023;6;151;203;354
"2024/2025";"Educació primària";"2";"Priorat";3;73;0;0;0;0;0;73;15;2023;6;32;37;69
"2024/2025";"Educació primària";"2";"Ribera d'Ebre";9;233;51;2;2;0;49;184;16;2023;6;93;104;197
"2024/2025";"Educació primària";"2";"Ripollès";10;220;18;1;1;0;17;203;14;2023;6;88;94;182
"2024/2025";"Educació primària";"2";"Segarra";10;227;24;2;1;1;23;205;11;2023;6;123;133;256
"2024/2025";"Educació primària";"2";"Segrià";98;2308;226;18;13;5;208;2100;80;2023;6;1001;1089;2090
"2024/2025";"Educació primària";"2";"Selva";69;1656;101;12;10;2;91;1567;45;2023;6;887;916;1803
"2024/2025";"Educació primària";"2";"Solsonès";7;188;13;0;0;0;13;175;12;2023;6;76;76;152
"2024/2025";"Educació primària";"2";"Tarragonès";114;2509;37;11;4;7;26;2483;67;2023;6;1358;1356;2714
"2024/2025";"Educació primària";"2";"Terra Alta";3;126;54;0;0;0;54;72;12;2023;6;44;53;97
"2024/2025";"Educació primària";"2";"Urgell";19;401;52;3;3;0;50;352;22;2023;6;197;198;395
"2024/2025";"Educació primària";"2";"Vallès Occidental";397;9733;793;107;82;25;687;9047;235;2023;6;4701;5041;9742
"2024/2025";"Educació primària";"2";"Vallès Oriental";177;4325;472;50;42;8;425;3903;119;2023;6;2021;2078;4099
"2024/2025";"Educació primària";"3";"Alt Camp";19;462;3;0;0;0;3;459;27;2023;7;237;254;491
"2024/2025";"Educació primària";"3";"Alt Empordà";70;1374;63;5;3;2;58;1316;69;2023;7;778;801;1579
"2024/2025";"Educació primària";"3";"Alt Penedès";55;1162;77;8;7;1;71;1093;46;2023;7;598;602;1200
"2024/2025";"Educació primària";"3";"Alt Urgell";10;207;24;0;0;0;24;183;12;2023;7;89;91;180
"2024/2025";"Educació primària";"3";"Alta Ribagorça";2;37;4;0;0;0;4;33;3;2023;7;19;16;35
"2024/2025";"Educació primària";"3";"Anoia";60;1411;163;17;15;2;147;1265;48;2023;7;599;640;1239
"2024/2025";"Educació primària";"3";"Aran";3;96;1;1;1;0;0;96;7;2023;7;47;53;100
"2024/2025";"Educació primària";"3";"Bages";85;2017;156;18;11;7;138;1879;63;2023;7;906;964;1870
"2024/2025";"Educació primària";"3";"Baix Camp";91;2052;41;26;15;11;15;2037;61;2023;7;1030;1126;2156
"2024/2025";"Educació primària";"3";"Baix Ebre";38;877;139;7;6;1;132;745;32;2023;7;368;370;738
"2024/2025";"Educació primària";"3";"Baix Empordà";61;1395;87;14;10;4;76;1322;44;2023;7;663;759;1422
"2024/2025";"Educació primària";"3";"Baix Llobregat";328;8103;556;89;49;40;467;7636;209;2023;7;4100;4383;8483
"2024/2025";"Educació primària";"3";"Baix Penedès";50;1154;87;9;8;1;80;1076;28;2023;7;591;601;1192
"2024/2025";"Educació primària";"3";"Barcelonès";803;19713;997;345;209;136;653;19061;473;2023;7;9710;10170;19880
"2024/2025";"Educació primària";"3";"Berguedà";16;389;28;4;3;1;24;365;22;2023;7;174;199;373
"2024/2025";"Educació primària";"3";"Cerdanya";9;172;2;1;1;0;1;171;13;2023;7;97;100;197
"2024/2025";"Educació primària";"3";"Conca de Barberà";9;210;28;1;1;0;27;183;14;2023;7;91;114;205
"2024/2025";"Educació primària";"3";"Garraf";57;1386;58;16;12;4;42;1344;33;2023;7;769;753;1522
"2024/2025";"Educació primària";"3";"Garrigues";10;198;27;2;2;0;25;173;16;2023;7;81;73;154
"2024/2025";"Educació primària";"3";"Garrotxa";29;578;1;3;2;1;1;580;23;2023;7;299;307;606
"2024/2025";"Educació primària";"3";"Gironès";98;2299;138;23;21;2;118;2184;62;2023;7;1067;1249;2316
"2024/2025";"Educació primària";"3";"Maresme";191;4722;380;74;54;20;308;4416;120;2023;7;2214;2423;4637
"2024/2025";"Educació primària";"3";"Moianès";8;155;31;3;3;0;28;127;10;2023;7;63;69;132
"2024/2025";"Educació primària";"3";"Montsià";29;680;70;4;2;2;66;614;21;2023;7;359;338;697
"2024/2025";"Educació primària";"3";"Noguera";16;332;9;3;1;2;6;326;32;2023;7;202;193;395
"2024/2025";"Educació primària";"3";"Osona";84;1779;167;16;15;1;151;1628;65;2023;7;855;876;1731
"2024/2025";"Educació primària";"3";"Pallars Jussà";6;112;22;0;0;0;22;90;7;2023;7;62;54;116
"2024/2025";"Educació primària";"3";"Pallars Sobirà";3;51;2;1;1;0;1;50;7;2023;7;28;35;63
"2024/2025";"Educació primària";"3";"Pla d'Urgell";19;411;49;3;3;0;46;365;19;2023;7;182;208;390
"2024/2025";"Educació primària";"3";"Pla de l'Estany";17;357;6;2;0;2;4;353;13;2023;7;194;198;392
"2024/2025";"Educació primària";"3";"Priorat";1;63;1;1;1;0;0;63;15;2023;7;34;27;61
"2024/2025";"Educació primària";"3";"Ribera d'Ebre";14;314;109;1;1;0;108;206;16;2023;7;78;105;183
"2024/2025";"Educació primària";"3";"Ripollès";8;192;7;0;0;0;7;185;14;2023;7;102;109;211
"2024/2025";"Educació primària";"3";"Segarra";12;268;44;2;2;0;42;226;11;2023;7;125;137;262
"2024/2025";"Educació primària";"3";"Segrià";103;2366;212;16;12;4;197;2170;80;2023;7;1042;1127;2169
"2024/2025";"Educació primària";"3";"Selva";75;1810;137;18;11;7;121;1691;45;2023;7;873;903;1776
"2024/2025";"Educació primària";"3";"Solsonès";8;162;3;0;0;0;3;159;12;2023;7;67;73;140
"2024/2025";"Educació primària";"3";"Tarragonès";118;2671;29;6;3;3;23;2648;67;2023;7;1407;1486;2893
"2024/2025";"Educació primària";"3";"Terra Alta";8;153;59;0;0;0;59;94;12;2023;7;45;49;94
"2024/2025";"Educació primària";"3";"Urgell";18;423;31;1;0;1;30;393;22;2023;7;179;200;379
"2024/2025";"Educació primària";"3";"Vallès Occidental";397;9773;414;96;66;30;320;9455;236;2023;7;4794;5169;9963
"2024/2025";"Educació primària";"3";"Vallès Oriental";183;4448;443;49;41;8;396;4054;119;2023;7;2050;2181;4231
"2024/2025";"Educació primària";"4";"Alt Camp";23;474;2;0;0;0;2;472;27;2023;8;226;207;433
"2024/2025";"Educació primària";"4";"Alt Empordà";72;1574;62;6;4;2;56;1518;69;2023;8;723;772;1495
"2024/2025";"Educació primària";"4";"Alt Penedès";59;1249;74;16;12;4;58;1191;46;2023;8;551;676;1227
"2024/2025";"Educació primària";"4";"Alt Urgell";9;212;22;1;1;0;22;191;12;2023;8;99;84;183
"2024/2025";"Educació primària";"4";"Alta Ribagorça";2;40;6;0;0;0;6;34;3;2023;8;15;18;33
"2024/2025";"Educació primària";"4";"Anoia";60;1341;141;19;12;7;124;1219;48;2023;8;650;675;1325
"2024/2025";"Educació primària";"4";"Aran";6;97;1;1;1;0;0;97;7;2023;8;45;54;99
"2024/2025";"Educació primària";"4";"Bages";87;2011;160;15;14;1;145;1866;62;2023;8;957;976;1933
"2024/2025";"Educació primària";"4";"Baix Camp";94;2064;24;19;12;7;6;2059;61;2023;8;1042;1170;2212
"2024/2025";"Educació primària";"4";"Baix Ebre";33;884;141;4;4;0;137;747;32;2023;8;407;347;754
"2024/2025";"Educació primària";"4";"Baix Empordà";63;1391;63;8;6;2;56;1336;44;2023;8;678;667;1345
"2024/2025";"Educació primària";"4";"Baix Llobregat";332;8223;481;82;50;32;404;7824;208;2023;8;4221;4523;8744
"2024/2025";"Educació primària";"4";"Baix Penedès";51;1261;97;9;8;1;90;1173;28;2023;8;551;641;1192
"2024/2025";"Educació primària";"4";"Barcelonès";804;19750;609;269;119;150;342;19410;472;2023;8;9546;10169;19715
"2024/2025";"Educació primària";"4";"Berguedà";19;391;29;2;1;1;27;364;23;2023;8;178;184;362
"2024/2025";"Educació primària";"4";"Cerdanya";7;180;8;3;3;0;5;175;13;2023;8;95;105;200
"2024/2025";"Educació primària";"4";"Conca de Barberà";9;216;6;1;1;0;5;211;14;2023;8;92;106;198
"2024/2025";"Educació primària";"4";"Garraf";59;1475;107;24;18;6;86;1392;33;2023;8;786;821;1607
"2024/2025";"Educació primària";"4";"Garrigues";6;162;18;0;0;0;18;144;16;2023;8;91;76;167
"2024/2025";"Educació primària";"4";"Garrotxa";27;581;3;2;1;1;2;580;23;2023;8;290;317;607
"2024/2025";"Educació primària";"4";"Gironès";103;2355;112;25;21;4;91;2268;61;2023;8;1107;1276;2383
"2024/2025";"Educació primària";"4";"Maresme";194;4786;359;58;39;19;302;4485;121;2023;8;2319;2559;4878
"2024/2025";"Educació primària";"4";"Moianès";7;141;14;0;0;0;14;127;10;2023;8;54;62;116
"2024/2025";"Educació primària";"4";"Montsià";30;773;68;2;2;0;66;707;21;2023;8;318;324;642
"2024/2025";"Educació primària";"4";"Noguera";18;431;47;0;0;0;47;384;32;2023;8;188;207;395
"2024/2025";"Educació primària";"4";"Osona";81;1822;137;18;16;2;119;1703;64;2023;8;880;977;1857
"2024/2025";"Educació primària";"4";"Pallars Jussà";5;138;24;1;1;0;23;115;7;2023;8;52;58;110
"2024/2025";"Educació primària";"4";"Pallars Sobirà";4;80;14;0;0;0;14;66;7;2023;8;21;25;46
"2024/2025";"Educació primària";"4";"Pla d'Urgell";22;455;66;5;5;0;61;394;19;2023;8;227;224;451
"2024/2025";"Educació primària";"4";"Pla de l'Estany";17;363;1;1;1;0;0;363;13;2023;8;184;204;388
"2024/2025";"Educació primària";"4";"Priorat";3;63;1;1;1;0;0;63;15;2023;8;44;34;78
"2024/2025";"Educació primària";"4";"Ribera d'Ebre";11;300;121;0;0;0;121;179;16;2023;8;89;98;187
"2024/2025";"Educació primària";"4";"Ripollès";10;254;42;0;0;0;42;212;14;2023;8;99;99;198
"2024/2025";"Educació primària";"4";"Segarra";12;278;33;2;2;0;31;247;11;2023;8;120;120;240
"2024/2025";"Educació primària";"4";"Segrià";99;2367;165;13;11;2;154;2215;80;2023;8;1014;1124;2138
"2024/2025";"Educació primària";"4";"Selva";72;1749;108;8;4;4;102;1649;45;2023;8;921;932;1853
"2024/2025";"Educació primària";"4";"Solsonès";7;179;16;1;1;0;15;164;12;2023;8;54;71;125
"2024/2025";"Educació primària";"4";"Tarragonès";123;2822;27;20;11;9;7;2815;67;2023;8;1426;1529;2955
"2024/2025";"Educació primària";"4";"Terra Alta";4;141;47;0;0;0;47;94;12;2023;8;47;39;86
"2024/2025";"Educació primària";"4";"Urgell";20;435;44;1;1;0;43;392;22;2023;8;221;217;438
"2024/2025";"Educació primària";"4";"Vallès Occidental";403;9903;397;91;60;31;306;9597;236;2023;8;4931;5395;10326
"2024/2025";"Educació primària";"4";"Vallès Oriental";184;4543;409;49;36;13;360;4183;119;2023;8;2057;2219;4276
"2024/2025";"Educació primària";"5";"Alt Camp";18;426;1;1;1;0;0;426;27;2023;9;247;214;461
"2024/2025";"Educació primària";"5";"Alt Empordà";64;1537;120;11;8;3;111;1428;69;2023;9;736;788;1524
"2024/2025";"Educació primària";"5";"Alt Penedès";53;1239;47;7;6;1;40;1199;46;2023;9;583;622;1205
"2024/2025";"Educació primària";"5";"Alt Urgell";7;208;23;2;2;0;21;187;12;2023;9;78;92;170
"2024/2025";"Educació primària";"5";"Alta Ribagorça";1;37;4;0;0;0;4;33;3;2023;9;17;24;41
"2024/2025";"Educació primària";"5";"Anoia";59;1473;204;20;16;4;184;1289;48;2023;9;672;711;1383
"2024/2025";"Educació primària";"5";"Aran";4;108;4;1;1;0;3;105;7;2023;9;51;48;99
"2024/2025";"Educació primària";"5";"Bages";84;2020;122;5;3;2;117;1903;62;2023;9;908;983;1891
"2024/2025";"Educació primària";"5";"Baix Camp";89;2105;7;10;8;2;1;2108;61;2023;9;1072;1116;2188
"2024/2025";"Educació primària";"5";"Baix Ebre";32;842;96;5;4;1;91;751;32;2023;9;381;426;807
"2024/2025";"Educació primària";"5";"Baix Empordà";60;1475;162;10;9;1;152;1323;44;2023;9;673;728;1401
"2024/2025";"Educació primària";"5";"Baix Llobregat";340;8420;402;76;46;30;329;8094;209;2023;9;4212;4378;8590
"2024/2025";"Educació primària";"5";"Baix Penedès";53;1250;88;14;13;1;74;1176;28;2023;9;553;606;1159
"2024/2025";"Educació primària";"5";"Barcelonès";807;19807;631;305;147;158;329;19481;473;2023;9;9659;10139;19798
"2024/2025";"Educació primària";"5";"Berguedà";13;400;51;3;1;2;48;352;22;2023;9;169;168;337
"2024/2025";"Educació primària";"5";"Cerdanya";8;188;15;1;0;1;14;174;13;2023;9;75;81;156
"2024/2025";"Educació primària";"5";"Conca de Barberà";8;218;18;1;1;0;17;201;14;2023;9;83;103;186
"2024/2025";"Educació primària";"5";"Garraf";58;1450;59;10;5;5;49;1401;33;2023;9;761;764;1525
"2024/2025";"Educació primària";"5";"Garrigues";6;197;21;2;2;0;19;178;16;2023;9;81;72;153
"2024/2025";"Educació primària";"5";"Garrotxa";26;615;28;1;0;1;28;588;23;2023;9;319;309;628
"2024/2025";"Educació primària";"5";"Gironès";104;2429;81;20;13;7;63;2368;61;2023;9;1162;1158;2320
"2024/2025";"Educació primària";"5";"Maresme";197;4897;305;46;30;16;263;4638;121;2023;9;2307;2443;4750
"2024/2025";"Educació primària";"5";"Moianès";5;142;36;0;0;0;36;106;10;2023;9;86;63;149
"2024/2025";"Educació primària";"5";"Montsià";28;746;78;4;1;3;74;672;21;2023;9;286;331;617
"2024/2025";"Educació primària";"5";"Noguera";16;402;15;4;3;1;12;391;32;2023;9;191;193;384
"2024/2025";"Educació primària";"5";"Osona";82;1908;95;14;14;0;85;1827;64;2023;9;830;935;1765
"2024/2025";"Educació primària";"5";"Pallars Jussà";5;148;36;1;1;0;35;113;7;2023;9;54;66;120
"2024/2025";"Educació primària";"5";"Pallars Sobirà";2;49;7;0;0;0;7;42;7;2023;9;32;37;69
"2024/2025";"Educació primària";"5";"Pla d'Urgell";21;512;63;3;3;0;60;452;19;2023;9;205;196;401
"2024/2025";"Educació primària";"5";"Pla de l'Estany";18;387;5;3;3;0;2;385;13;2023;9;183;201;384
"2024/2025";"Educació primària";"5";"Priorat";3;78;1;0;0;0;1;77;15;2023;9;41;37;78
"2024/2025";"Educació primària";"5";"Ribera d'Ebre";8;269;74;0;0;0;74;195;16;2023;9;103;112;215
"2024/2025";"Educació primària";"5";"Ripollès";10;248;50;0;0;0;50;198;14;2023;9;131;129;260
"2024/2025";"Educació primària";"5";"Segarra";11;246;27;0;0;0;27;219;11;2023;9;144;142;286
"2024/2025";"Educació primària";"5";"Segrià";92;2315;145;11;5;6;134;2181;80;2023;9;1025;1153;2178
"2024/2025";"Educació primària";"5";"Selva";76;1810;129;9;6;3;121;1690;45;2023;9;839;978;1817
"2024/2025";"Educació primària";"5";"Solsonès";6;159;17;3;2;1;14;145;12;2023;9;61;75;136
"2024/2025";"Educació primària";"5";"Tarragonès";121;2802;26;17;6;11;9;2793;67;2023;9;1324;1456;2780
"2024/2025";"Educació primària";"5";"Terra Alta";3;142;58;0;0;0;58;84;12;2023;9;46;45;91
"2024/2025";"Educació primària";"5";"Urgell";19;484;51;0;0;0;51;433;22;2023;9;201;205;406
"2024/2025";"Educació primària";"5";"Vallès Occidental";405;10000;266;85;56;29;183;9819;237;2023;9;5014;5297;10311
"2024/2025";"Educació primària";"5";"Vallès Oriental";182;4549;390;46;35;11;346;4205;119;2023;9;2108;2263;4371
"2024/2025";"Educació primària";"6";"Alt Camp";31;451;0;0;0;0;0;451;27;2023;10;232;257;489
"2024/2025";"Educació primària";"6";"Alt Empordà";91;1488;53;9;7;2;46;1444;69;2023;10;808;820;1628
"2024/2025";"Educació primària";"6";"Alt Penedès";66;1303;120;6;4;2;115;1189;46;2023;10;657;699;1356
"2024/2025";"Educació primària";"6";"Alt Urgell";15;198;22;6;6;0;16;182;12;2023;10;86;95;181
"2024/2025";"Educació primària";"6";"Alta Ribagorça";3;37;1;0;0;0;1;36;3;2023;10;17;14;31
"2024/2025";"Educació primària";"6";"Anoia";70;1484;137;5;5;0;132;1352;48;2023;10;659;683;1342
"2024/2025";"Educació primària";"6";"Aran";8;91;2;0;0;0;2;89;7;2023;10;46;40;86
"2024/2025";"Educació primària";"6";"Bages";88;2029;157;11;10;1;146;1883;62;2023;10;982;1063;2045
"2024/2025";"Educació primària";"6";"Baix Camp";99;2154;13;9;4;5;4;2150;61;2023;10;1144;1189;2333
"2024/2025";"Educació primària";"6";"Baix Ebre";43;863;98;3;2;1;96;768;32;2023;10;368;438;806
"2024/2025";"Educació primària";"6";"Baix Empordà";66;1447;107;6;4;2;103;1346;44;2023;10;691;767;1458
"2024/2025";"Educació primària";"6";"Baix Llobregat";332;8236;319;49;20;29;271;7966;209;2023;10;4455;4800;9255
"2024/2025";"Educació primària";"6";"Baix Penedès";53;1217;77;9;9;0;68;1149;28;2023;10;631;659;1290
"2024/2025";"Educació primària";"6";"Barcelonès";799;19612;580;203;90;113;377;19235;468;2023;10;9976;10635;20611
"2024/2025";"Educació primària";"6";"Berguedà";25;376;44;1;1;0;43;333;23;2023;10;176;199;375
"2024/2025";"Educació primària";"6";"Cerdanya";14;179;37;0;0;0;37;142;13;2023;10;82;84;166
"2024/2025";"Educació primària";"6";"Conca de Barberà";14;202;12;1;1;0;11;191;14;2023;10;97;106;203
"2024/2025";"Educació primària";"6";"Garraf";55;1375;32;5;1;4;28;1348;33;2023;10;792;863;1655
"2024/2025";"Educació primària";"6";"Garrigues";18;189;39;1;1;0;38;151;16;2023;10;87;100;187
"2024/2025";"Educació primària";"6";"Garrotxa";32;599;11;3;3;0;10;591;23;2023;10;312;329;641
"2024/2025";"Educació primària";"6";"Gironès";104;2360;121;15;10;5;107;2254;61;2023;10;1131;1293;2424
"2024/2025";"Educació primària";"6";"Maresme";195;4783;279;35;24;11;246;4539;119;2023;10;2435;2603;5038
"2024/2025";"Educació primària";"6";"Moianès";12;170;24;3;3;0;21;149;10;2023;10;69;109;178
"2024/2025";"Educació primària";"6";"Montsià";35;729;92;4;4;0;88;641;21;2023;10;346;381;727
"2024/2025";"Educació primària";"6";"Noguera";36;407;16;1;1;0;16;392;32;2023;10;186;232;418
"2024/2025";"Educació primària";"6";"Osona";88;1739;72;21;16;5;54;1688;64;2023;10;925;1004;1929
"2024/2025";"Educació primària";"6";"Pallars Jussà";9;138;22;0;0;0;22;116;7;2023;10;54;68;122
"2024/2025";"Educació primària";"6";"Pallars Sobirà";8;94;19;0;0;0;19;75;7;2023;10;29;34;63
"2024/2025";"Educació primària";"6";"Pla d'Urgell";24;461;47;3;3;0;44;417;19;2023;10;220;241;461
"2024/2025";"Educació primària";"6";"Pla de l'Estany";18;376;4;0;0;0;4;372;13;2023;10;191;221;412
"2024/2025";"Educació primària";"6";"Priorat";16;65;0;0;0;0;0;65;15;2023;10;41;31;72
"2024/2025";"Educació primària";"6";"Ribera d'Ebre";19;304;83;1;1;0;82;222;16;2023;10;110;104;214
"2024/2025";"Educació primària";"6";"Ripollès";18;306;53;0;0;0;53;253;14;2023;10;126;128;254
"2024/2025";"Educació primària";"6";"Segarra";14;253;9;0;0;0;9;244;11;2023;10;131;139;270
"2024/2025";"Educació primària";"6";"Segrià";119;2374;169;8;8;0;161;2213;80;2023;10;1161;1149;2310
"2024/2025";"Educació primària";"6";"Selva";75;1787;135;2;1;1;134;1654;45;2023;10;940;966;1906
"2024/2025";"Educació primària";"6";"Solsonès";14;156;5;1;1;0;4;152;12;2023;10;59;61;120
"2024/2025";"Educació primària";"6";"Tarragonès";119;2703;39;20;10;10;19;2684;67;2023;10;1469;1521;2990
"2024/2025";"Educació primària";"6";"Terra Alta";13;144;42;0;0;0;42;102;12;2023;10;39;56;95
"2024/2025";"Educació primària";"6";"Urgell";28;472;64;2;2;0;62;410;22;2023;10;225;195;420
"2024/2025";"Educació primària";"6";"Vallès Occidental";404;9984;267;38;24;14;232;9755;237;2023;10;5367;5633;11000
"2024/2025";"Educació primària";"6";"Vallès Oriental";187;4520;331;13;8;5;319;4202;119;2023;10;2200;2495;4695
"2024/2025";"Educació secundària obligatòria";"1";"Alt Camp";17;501;393;369;343;26;24;477;6;2023;11;275;258;533
"2024/2025";"Educació secundària obligatòria";"1";"Alt Empordà";59;1704;1436;1344;1233;111;94;1612;19;2023;11;814;863;1677
"2024/2025";"Educació secundària obligatòria";"1";"Alt Penedès";47;1369;977;931;790;141;48;1323;17;2023;11;690;691;1381
"2024/2025";"Educació secundària obligatòria";"1";"Alt Urgell";8;230;157;151;142;9;6;224;4;2023;11;101;105;206
"2024/2025";"Educació secundària obligatòria";"1";"Alta Ribagorça";2;53;52;35;35;0;17;36;1;2023;11;19;23;42
"2024/2025";"Educació secundària obligatòria";"1";"Anoia";51;1402;1000;901;856;45;100;1303;21;2023;11;719;784;1503
"2024/2025";"Educació secundària obligatòria";"1";"Aran";3;90;90;70;70;0;20;70;1;2023;11;43;45;88
"2024/2025";"Educació secundària obligatòria";"1";"Bages";76;2223;1649;1542;1412;130;112;2116;33;2023;11;964;1070;2034
"2024/2025";"Educació secundària obligatòria";"1";"Baix Camp";82;2429;1666;1601;1490;111;81;2364;28;2023;11;1118;1241;2359
"2024/2025";"Educació secundària obligatòria";"1";"Baix Ebre";32;960;712;611;569;42;102;859;12;2023;11;381;470;851
"2024/2025";"Educació secundària obligatòria";"1";"Baix Empordà";50;1436;1111;1099;999;100;46;1424;18;2023;11;709;837;1546
"2024/2025";"Educació secundària obligatòria";"1";"Baix Llobregat";307;9105;6840;6468;5757;711;381;8733;111;2023;11;4644;4880;9524
"2024/2025";"Educació secundària obligatòria";"1";"Baix Penedès";44;1287;1034;1015;962;53;30;1268;11;2023;11;650;734;1384
"2024/2025";"Educació secundària obligatòria";"1";"Barcelonès";719;21369;11117;10969;9147;1822;219;21221;302;2023;11;10104;10632;20736
"2024/2025";"Educació secundària obligatòria";"1";"Berguedà";14;412;378;348;337;11;31;382;7;2023;11;202;211;413
"2024/2025";"Educació secundària obligatòria";"1";"Cerdanya";5;150;112;96;96;0;16;134;2;2023;11;86;102;188
"2024/2025";"Educació secundària obligatòria";"1";"Conca de Barberà";9;270;239;175;174;1;65;206;4;2023;11;99;106;205
"2024/2025";"Educació secundària obligatòria";"1";"Garraf";54;1586;1243;1222;1096;126;26;1565;21;2023;11;833;850;1683
"2024/2025";"Educació secundària obligatòria";"1";"Garrigues";7;210;178;163;159;4;15;195;3;2023;11;90;86;176
"2024/2025";"Educació secundària obligatòria";"1";"Garrotxa";22;629;424;421;400;21;11;626;8;2023;11;358;344;702
"2024/2025";"Educació secundària obligatòria";"1";"Gironès";85;2459;1971;1935;1745;190;47;2423;27;2023;11;1182;1263;2445
"2024/2025";"Educació secundària obligatòria";"1";"Maresme";180;5234;3561;3330;2973;357;246;5003;74;2023;11;2510;2701;5211
"2024/2025";"Educació secundària obligatòria";"1";"Moianès";5;134;105;94;86;8;11;123;2;2023;11;90;80;170
"2024/2025";"Educació secundària obligatòria";"1";"Montsià";27;778;643;549;510;39;95;684;10;2023;11;373;353;726
"2024/2025";"Educació secundària obligatòria";"1";"Noguera";17;498;412;363;342;21;50;449;7;2023;11;219;199;418
"2024/2025";"Educació secundària obligatòria";"1";"Osona";72;2019;1357;1332;1220;112;47;1994;32;2023;11;957;1028;1985
"2024/2025";"Educació secundària obligatòria";"1";"Pallars Jussà";5;134;109;107;105;2;4;132;3;2023;11;60;65;125
"2024/2025";"Educació secundària obligatòria";"1";"Pallars Sobirà";3;74;74;55;55;0;19;55;2;2023;11;40;29;69
"2024/2025";"Educació secundària obligatòria";"1";"Pla d'Urgell";14;408;401;362;330;32;39;369;4;2023;11;210;254;464
"2024/2025";"Educació secundària obligatòria";"1";"Pla de l'Estany";14;407;385;375;338;37;10;397;4;2023;11;193;192;385
"2024/2025";"Educació secundària obligatòria";"1";"Priorat";4;120;113;77;77;0;36;84;2;2023;11;35;50;85
"2024/2025";"Educació secundària obligatòria";"1";"Ribera d'Ebre";8;240;166;139;133;6;27;213;4;2023;11;85;121;206
"2024/2025";"Educació secundària obligatòria";"1";"Ripollès";11;330;246;175;171;4;71;259;5;2023;11;126;125;251
"2024/2025";"Educació secundària obligatòria";"1";"Segarra";11;300;270;232;223;9;39;262;4;2023;11;137;129;266
"2024/2025";"Educació secundària obligatòria";"1";"Segrià";90;2532;1852;1724;1519;205;141;2404;32;2023;11;1160;1242;2402
"2024/2025";"Educació secundària obligatòria";"1";"Selva";68;1937;1508;1417;1298;119;99;1846;27;2023;11;979;1018;1997
"2024/2025";"Educació secundària obligatòria";"1";"Solsonès";6;154;146;128;128;0;18;136;3;2023;11;74;78;152
"2024/2025";"Educació secundària obligatòria";"1";"Tarragonès";106;3135;2183;2112;1954;158;79;3064;35;2023;11;1468;1546;3014
"2024/2025";"Educació secundària obligatòria";"1";"Terra Alta";4;115;91;69;69;0;22;93;2;2023;11;42;52;94
"2024/2025";"Educació secundària obligatòria";"1";"Urgell";17;500;421;383;374;9;38;462;6;2023;11;196;215;411
"2024/2025";"Educació secundària obligatòria";"1";"Vallès Occidental";381;11167;7223;6945;6118;827;329;10889;147;2023;11;5581;5813;11394
"2024/2025";"Educació secundària obligatòria";"1";"Vallès Oriental";162;4757;3587;3452;3133;319;149;4622;64;2023;11;2397;2572;4969
"2024/2025";"Educació secundària obligatòria";"2";"Alt Camp";17;510;0;0;0;0;0;510;6;2023;12;263;278;541
"2024/2025";"Educació secundària obligatòria";"2";"Alt Empordà";58;1647;20;4;4;0;16;1631;19;2023;12;829;842;1671
"2024/2025";"Educació secundària obligatòria";"2";"Alt Penedès";46;1344;13;8;3;5;5;1339;17;2023;12;730;773;1503
"2024/2025";"Educació secundària obligatòria";"2";"Alt Urgell";8;233;7;3;2;1;4;229;4;2023;12;109;104;213
"2024/2025";"Educació secundària obligatòria";"2";"Alta Ribagorça";2;60;3;0;0;0;3;57;1;2023;12;17;27;44
"2024/2025";"Educació secundària obligatòria";"2";"Anoia";53;1548;70;17;11;6;53;1495;21;2023;12;755;840;1595
"2024/2025";"Educació secundària obligatòria";"2";"Aran";3;90;9;0;0;0;9;81;1;2023;12;54;53;107
"2024/2025";"Educació secundària obligatòria";"2";"Bages";74;2154;87;12;12;0;75;2079;32;2023;12;1041;1120;2161
"2024/2025";"Educació secundària obligatòria";"2";"Baix Camp";81;2392;40;20;7;13;20;2372;28;2023;12;1187;1258;2445
"2024/2025";"Educació secundària obligatòria";"2";"Baix Ebre";32;933;58;19;8;11;39;894;12;2023;12;410;454;864
"2024/2025";"Educació secundària obligatòria";"2";"Baix Empordà";53;1491;22;10;7;3;14;1479;18;2023;12;807;869;1676
"2024/2025";"Educació secundària obligatòria";"2";"Baix Llobregat";311;9290;393;86;59;27;309;8983;111;2023;12;4838;5157;9995
"2024/2025";"Educació secundària obligatòria";"2";"Baix Penedès";43;1284;44;10;8;2;35;1250;12;2023;12;645;687;1332
"2024/2025";"Educació secundària obligatòria";"2";"Barcelonès";712;20851;605;307;157;150;300;20553;299;2023;12;10041;10875;20916
"2024/2025";"Educació secundària obligatòria";"2";"Berguedà";16;462;53;3;2;1;50;412;7;2023;12;176;209;385
"2024/2025";"Educació secundària obligatòria";"2";"Cerdanya";6;165;0;1;1;0;0;166;2;2023;12;93;104;197
"2024/2025";"Educació secundària obligatòria";"2";"Conca de Barberà";8;240;35;4;4;0;31;209;4;2023;12;98;93;191
"2024/2025";"Educació secundària obligatòria";"2";"Garraf";54;1591;40;14;12;2;29;1565;21;2023;12;848;944;1792
"2024/2025";"Educació secundària obligatòria";"2";"Garrigues";7;210;11;1;1;0;10;200;3;2023;12;83;103;186
"2024/2025";"Educació secundària obligatòria";"2";"Garrotxa";23;664;14;9;6;3;7;659;8;2023;12;335;321;656
"2024/2025";"Educació secundària obligatòria";"2";"Gironès";84;2418;15;14;9;5;7;2417;27;2023;12;1239;1392;2631
"2024/2025";"Educació secundària obligatòria";"2";"Maresme";181;5326;283;67;43;24;220;5110;74;2023;12;2664;2805;5469
"2024/2025";"Educació secundària obligatòria";"2";"Moianès";5;150;17;2;1;1;15;135;2;2023;12;77;85;162
"2024/2025";"Educació secundària obligatòria";"2";"Montsià";27;800;74;0;0;0;74;726;10;2023;12;341;395;736
"2024/2025";"Educació secundària obligatòria";"2";"Noguera";17;498;32;4;3;1;28;470;7;2023;12;223;234;457
"2024/2025";"Educació secundària obligatòria";"2";"Osona";75;2103;81;13;11;2;68;2035;32;2023;12;1019;1010;2029
"2024/2025";"Educació secundària obligatòria";"2";"Pallars Jussà";5;130;10;6;6;0;4;126;3;2023;12;57;68;125
"2024/2025";"Educació secundària obligatòria";"2";"Pallars Sobirà";3;90;25;0;0;0;25;65;2;2023;12;30;31;61
"2024/2025";"Educació secundària obligatòria";"2";"Pla d'Urgell";14;408;17;5;5;0;12;396;4;2023;12;229;219;448
"2024/2025";"Educació secundària obligatòria";"2";"Pla de l'Estany";13;400;4;4;3;1;0;400;4;2023;12;206;260;466
"2024/2025";"Educació secundària obligatòria";"2";"Priorat";4;120;35;2;2;0;33;87;2;2023;12;41;39;80
"2024/2025";"Educació secundària obligatòria";"2";"Ribera d'Ebre";8;240;38;0;0;0;38;202;4;2023;12;115;102;217
"2024/2025";"Educació secundària obligatòria";"2";"Ripollès";11;330;56;1;1;0;55;275;5;2023;12;126;121;247
"2024/2025";"Educació secundària obligatòria";"2";"Segarra";10;268;16;1;1;0;15;253;4;2023;12;132;160;292
"2024/2025";"Educació secundària obligatòria";"2";"Segrià";94;2673;146;15;7;8;133;2542;33;2023;12;1172;1288;2460
"2024/2025";"Educació secundària obligatòria";"2";"Selva";68;1966;105;19;16;3;87;1880;26;2023;12;1032;1012;2044
"2024/2025";"Educació secundària obligatòria";"2";"Solsonès";6;156;5;2;2;0;3;153;3;2023;12;72;66;138
"2024/2025";"Educació secundària obligatòria";"2";"Tarragonès";108;3133;139;21;14;7;119;3015;35;2023;12;1612;1701;3313
"2024/2025";"Educació secundària obligatòria";"2";"Terra Alta";4;120;16;0;0;0;16;104;2;2023;12;68;53;121
"2024/2025";"Educació secundària obligatòria";"2";"Urgell";16;460;30;2;2;0;28;432;6;2023;12;203;223;426
"2024/2025";"Educació secundària obligatòria";"2";"Vallès Occidental";392;11520;519;120;98;22;399;11121;148;2023;12;5481;6009;11490
"2024/2025";"Educació secundària obligatòria";"2";"Vallès Oriental";169;4993;139;35;21;14;111;4889;64;2023;12;2447;2582;5029
"2024/2025";"Educació secundària obligatòria";"3";"Alt Camp";18;540;18;0;0;0;18;522;6;2023;13;241;274;515
"2024/2025";"Educació secundària obligatòria";"3";"Alt Empordà";56;1590;21;2;1;1;19;1571;18;2023;13;813;925;1738
"2024/2025";"Educació secundària obligatòria";"3";"Alt Penedès";50;1475;22;10;8;2;18;1463;17;2023;13;710;700;1410
"2024/2025";"Educació secundària obligatòria";"3";"Alt Urgell";8;230;18;2;2;0;16;214;4;2023;13;84;103;187
"2024/2025";"Educació secundària obligatòria";"3";"Alta Ribagorça";2;60;17;0;0;0;17;43;1;2023;13;15;14;29
"2024/2025";"Educació secundària obligatòria";"3";"Anoia";56;1662;107;21;14;7;88;1576;21;2023;13;748;794;1542
"2024/2025";"Educació secundària obligatòria";"3";"Aran";4;120;23;1;1;0;22;98;1;2023;13;52;60;112
"2024/2025";"Educació secundària obligatòria";"3";"Bages";76;2258;136;24;18;6;113;2146;33;2023;13;1034;1094;2128
"2024/2025";"Educació secundària obligatòria";"3";"Baix Camp";85;2503;52;23;16;7;29;2474;28;2023;13;1211;1332;2543
"2024/2025";"Educació secundària obligatòria";"3";"Baix Ebre";31;947;72;7;3;4;65;882;12;2023;13;429;454;883
"2024/2025";"Educació secundària obligatòria";"3";"Baix Empordà";56;1618;42;16;12;4;33;1592;18;2023;13;754;869;1623
"2024/2025";"Educació secundària obligatòria";"3";"Baix Llobregat";325;9616;279;100;60;40;183;9437;112;2023;13;4849;5256;10105
"2024/2025";"Educació secundària obligatòria";"3";"Baix Penedès";44;1306;40;4;2;2;36;1270;12;2023;13;671;675;1346
"2024/2025";"Educació secundària obligatòria";"3";"Barcelonès";719;20899;402;284;113;171;120;20781;300;2023;13;10160;10880;21040
"2024/2025";"Educació secundària obligatòria";"3";"Berguedà";14;404;11;0;0;0;11;393;7;2023;13;202;204;406
"2024/2025";"Educació secundària obligatòria";"3";"Cerdanya";5;157;0;0;0;0;0;157;2;2023;13;103;104;207
"2024/2025";"Educació secundària obligatòria";"3";"Conca de Barberà";8;240;47;3;2;1;44;196;4;2023;13;112;99;211
"2024/2025";"Educació secundària obligatòria";"3";"Garraf";55;1627;46;15;11;4;36;1596;21;2023;13;830;926;1756
"2024/2025";"Educació secundària obligatòria";"3";"Garrigues";7;210;19;1;1;0;18;192;3;2023;13;84;107;191
"2024/2025";"Educació secundària obligatòria";"3";"Garrotxa";21;630;26;7;6;1;19;611;8;2023;13;308;339;647
"2024/2025";"Educació secundària obligatòria";"3";"Gironès";89;2592;42;14;7;7;30;2564;28;2023;13;1216;1337;2553
"2024/2025";"Educació secundària obligatòria";"3";"Maresme";186;5478;199;70;51;19;138;5349;74;2023;13;2678;2813;5491
"2024/2025";"Educació secundària obligatòria";"3";"Moianès";5;133;18;2;2;0;16;117;2;2023;13;75;86;161
"2024/2025";"Educació secundària obligatòria";"3";"Montsià";26;758;27;3;1;2;24;734;10;2023;13;379;402;781
"2024/2025";"Educació secundària obligatòria";"3";"Noguera";17;498;46;2;2;0;44;454;7;2023;13;206;254;460
"2024/2025";"Educació secundària obligatòria";"3";"Osona";74;2091;67;11;11;0;56;2035;30;2023;13;956;1076;2032
"2024/2025";"Educació secundària obligatòria";"3";"Pallars Jussà";5;129;2;0;0;0;2;127;3;2023;13;64;58;122
"2024/2025";"Educació secundària obligatòria";"3";"Pallars Sobirà";3;90;32;0;0;0;32;58;2;2023;13;29;47;76
"2024/2025";"Educació secundària obligatòria";"3";"Pla d'Urgell";14;408;5;3;2;1;2;406;4;2023;13;231;254;485
"2024/2025";"Educació secundària obligatòria";"3";"Pla de l'Estany";15;450;1;1;1;0;0;450;4;2023;13;221;228;449
"2024/2025";"Educació secundària obligatòria";"3";"Priorat";3;90;6;0;0;0;6;84;2;2023;13;37;43;80
"2024/2025";"Educació secundària obligatòria";"3";"Ribera d'Ebre";8;230;18;0;0;0;18;212;4;2023;13;85;113;198
"2024/2025";"Educació secundària obligatòria";"3";"Ripollès";11;330;76;1;1;0;75;255;5;2023;13;117;137;254
"2024/2025";"Educació secundària obligatòria";"3";"Segarra";11;300;11;4;4;0;7;293;4;2023;13;142;151;293
"2024/2025";"Educació secundària obligatòria";"3";"Segrià";93;2687;75;20;11;9;56;2632;32;2023;13;1224;1271;2495
"2024/2025";"Educació secundària obligatòria";"3";"Selva";66;1906;65;4;4;0;61;1845;25;2023;13;997;1075;2072
"2024/2025";"Educació secundària obligatòria";"3";"Solsonès";6;161;20;5;4;1;15;146;3;2023;13;65;66;131
"2024/2025";"Educació secundària obligatòria";"3";"Tarragonès";114;3295;65;24;15;9;41;3254;35;2023;13;1551;1687;3238
"2024/2025";"Educació secundària obligatòria";"3";"Terra Alta";5;150;37;0;0;0;37;113;2;2023;13;58;59;117
"2024/2025";"Educació secundària obligatòria";"3";"Urgell";16;480;25;3;2;1;22;458;6;2023;13;197;250;447
"2024/2025";"Educació secundària obligatòria";"3";"Vallès Occidental";387;11326;338;117;81;36;223;11105;147;2023;13;5713;6159;11872
"2024/2025";"Educació secundària obligatòria";"3";"Vallès Oriental";172;5043;175;42;26;16;134;4910;64;2023;13;2442;2712;5154
"2024/2025";"Educació secundària obligatòria";"4";"Alt Camp";17;510;19;0;0;0;19;491;6;2023;14;284;284;568
"2024/2025";"Educació secundària obligatòria";"4";"Alt Empordà";59;1713;55;7;7;0;48;1665;18;2023;14;885;913;1798
"2024/2025";"Educació secundària obligatòria";"4";"Alt Penedès";46;1357;19;7;4;3;12;1345;17;2023;14;733;750;1483
"2024/2025";"Educació secundària obligatòria";"4";"Alt Urgell";8;230;15;7;5;2;8;222;4;2023;14;112;114;226
"2024/2025";"Educació secundària obligatòria";"4";"Alta Ribagorça";2;60;17;0;0;0;17;43;1;2023;14;22;28;50
"2024/2025";"Educació secundària obligatòria";"4";"Anoia";57;1666;98;26;20;6;72;1594;21;2023;14;805;888;1693
"2024/2025";"Educació secundària obligatòria";"4";"Aran";3;95;0;0;0;0;0;95;1;2023;14;50;44;94
"2024/2025";"Educació secundària obligatòria";"4";"Bages";75;2206;79;8;6;2;72;2135;33;2023;14;1043;1114;2157
"2024/2025";"Educació secundària obligatòria";"4";"Baix Camp";85;2502;47;19;12;7;28;2474;28;2023;14;1269;1345;2614
"2024/2025";"Educació secundària obligatòria";"4";"Baix Ebre";32;961;53;2;1;1;51;910;12;2023;14;411;472;883
"2024/2025";"Educació secundària obligatòria";"4";"Baix Empordà";53;1550;16;4;4;0;16;1538;18;2023;14;838;858;1696
"2024/2025";"Educació secundària obligatòria";"4";"Baix Llobregat";328;9695;348;98;62;36;259;9445;111;2023;14;5193;5291;10484
"2024/2025";"Educació secundària obligatòria";"4";"Baix Penedès";45;1318;24;10;9;1;14;1304;12;2023;14;715;667;1382
"2024/2025";"Educació secundària obligatòria";"4";"Barcelonès";716;21061;333;244;105;139;91;20972;298;2023;14;10582;11350;21932
"2024/2025";"Educació secundària obligatòria";"4";"Berguedà";16;480;44;2;2;0;42;438;7;2023;14;195;220;415
"2024/2025";"Educació secundària obligatòria";"4";"Cerdanya";6;183;16;8;7;1;8;175;2;2023;14;100;104;204
"2024/2025";"Educació secundària obligatòria";"4";"Conca de Barberà";8;240;26;1;1;0;25;215;4;2023;14;117;110;227
"2024/2025";"Educació secundària obligatòria";"4";"Garraf";57;1668;28;12;10;2;22;1652;21;2023;14;924;1009;1933
"2024/2025";"Educació secundària obligatòria";"4";"Garrigues";7;210;15;0;0;0;15;195;3;2023;14;84;101;185
"2024/2025";"Educació secundària obligatòria";"4";"Garrotxa";21;619;8;3;3;0;7;614;8;2023;14;323;346;669
"2024/2025";"Educació secundària obligatòria";"4";"Gironès";87;2523;20;6;6;0;15;2509;27;2023;14;1282;1381;2663
"2024/2025";"Educació secundària obligatòria";"4";"Maresme";191;5624;249;68;41;27;184;5443;74;2023;14;2748;2960;5708
"2024/2025";"Educació secundària obligatòria";"4";"Moianès";5;150;42;2;1;1;40;110;2;2023;14;79;100;179
"2024/2025";"Educació secundària obligatòria";"4";"Montsià";29;856;46;1;0;1;45;811;10;2023;14;385;406;791
"2024/2025";"Educació secundària obligatòria";"4";"Noguera";18;526;41;0;0;0;41;485;7;2023;14;238;239;477
"2024/2025";"Educació secundària obligatòria";"4";"Osona";74;2154;122;6;5;1;116;2038;31;2023;14;986;1120;2106
"2024/2025";"Educació secundària obligatòria";"4";"Pallars Jussà";5;131;4;1;0;1;3;128;3;2023;14;74;70;144
"2024/2025";"Educació secundària obligatòria";"4";"Pallars Sobirà";3;90;12;0;0;0;12;78;2;2023;14;30;34;64
"2024/2025";"Educació secundària obligatòria";"4";"Pla d'Urgell";13;378;0;0;0;0;0;378;4;2023;14;231;259;490
"2024/2025";"Educació secundària obligatòria";"4";"Pla de l'Estany";15;440;7;0;0;0;7;433;4;2023;14;214;213;427
"2024/2025";"Educació secundària obligatòria";"4";"Priorat";4;120;38;0;0;0;38;82;2;2023;14;39;51;90
"2024/2025";"Educació secundària obligatòria";"4";"Ribera d'Ebre";7;210;38;0;0;0;38;172;4;2023;14;91;109;200
"2024/2025";"Educació secundària obligatòria";"4";"Ripollès";11;330;75;2;1;1;73;257;5;2023;14;118;141;259
"2024/2025";"Educació secundària obligatòria";"4";"Segarra";11;318;32;0;0;0;32;286;4;2023;14;130;134;264
"2024/2025";"Educació secundària obligatòria";"4";"Segrià";93;2766;106;19;7;12;91;2679;32;2023;14;1250;1327;2577
"2024/2025";"Educació secundària obligatòria";"4";"Selva";69;2019;67;8;7;1;61;1960;25;2023;14;1050;1107;2157
"2024/2025";"Educació secundària obligatòria";"4";"Solsonès";6;165;32;2;1;1;30;135;3;2023;14;73;83;156
"2024/2025";"Educació secundària obligatòria";"4";"Tarragonès";111;3227;46;18;13;5;28;3199;34;2023;14;1594;1815;3409
"2024/2025";"Educació secundària obligatòria";"4";"Terra Alta";4;120;10;1;0;1;9;111;2;2023;14;44;52;96
"2024/2025";"Educació secundària obligatòria";"4";"Urgell";17;510;26;3;3;0;23;487;6;2023;14;242;216;458
"2024/2025";"Educació secundària obligatòria";"4";"Vallès Occidental";394;11611;256;138;98;40;119;11493;147;2023;14;5915;6314;12229
"2024/2025";"Educació secundària obligatòria";"4";"Vallès Oriental";177;5218;154;32;27;5;126;5096;64;2023;14;2622;2798;5420
"2025/2026";"Educació infantil: Parvulari";"1";"Alt Camp";18;389;371;295;280;15;76;313;27;2024;2;164;183;347
"2025/2026";"Educació infantil: Parvulari";"1";"Alt Empordà";68;1235;1235;1093;997;96;152;1093;69;2024;2;589;603;1192
"2025/2026";"Educació infantil: Parvulari";"1";"Alt Penedès";53;934;933;860;802;58;79;861;46;2024;2;450;506;956
"2025/2026";"Educació infantil: Parvulari";"1";"Alt Urgell";8;145;145;118;113;5;27;118;12;2024;2;74;79;153
"2025/2026";"Educació infantil: Parvulari";"1";"Alta Ribagorça";2;32;32;20;20;0;12;20;3;2024;2;14;13;27
"2025/2026";"Educació infantil: Parvulari";"1";"Anoia";58;1071;1070;929;878;51;144;930;48;2024;2;485;581;1066
"2025/2026";"Educació infantil: Parvulari";"1";"Aran";2;66;66;49;48;1;17;49;7;2024;2;23;27;50
"2025/2026";"Educació infantil: Parvulari";"1";"Bages";79;1501;1499;1367;1252;115;138;1369;62;2024;2;664;720;1384
"2025/2026";"Educació infantil: Parvulari";"1";"Baix Camp";87;1672;1672;1478;1299;179;194;1478;61;2024;2;791;831;1622
"2025/2026";"Educació infantil: Parvulari";"1";"Baix Ebre";34;688;688;555;500;55;133;555;32;2024;2;296;326;622
"2025/2026";"Educació infantil: Parvulari";"1";"Baix Empordà";55;1036;1034;928;869;59;107;930;44;2024;2;526;551;1077
"2025/2026";"Educació infantil: Parvulari";"1";"Baix Llobregat";315;6248;6245;5605;5031;574;648;5608;209;2024;2;3080;3266;6346
"2025/2026";"Educació infantil: Parvulari";"1";"Baix Penedès";47;885;885;835;776;59;54;835;28;2024;2;423;491;914
"2025/2026";"Educació infantil: Parvulari";"1";"Barcelonès";787;16638;16619;14832;13533;1299;1787;14851;474;2024;2;8070;8618;16688
"2025/2026";"Educació infantil: Parvulari";"1";"Berguedà";15;258;258;231;218;13;28;231;24;2024;2;139;138;277
"2025/2026";"Educació infantil: Parvulari";"1";"Cerdanya";7;120;120;105;102;3;15;105;13;2024;2;75;62;137
"2025/2026";"Educació infantil: Parvulari";"1";"Conca de Barberà";9;174;174;127;127;0;47;127;14;2024;2;85;88;173
"2025/2026";"Educació infantil: Parvulari";"1";"Garraf";53;968;967;915;812;103;53;916;33;2024;2;571;585;1156
"2025/2026";"Educació infantil: Parvulari";"1";"Garrigues";6;153;153;110;110;0;43;110;16;2024;2;61;66;127
"2025/2026";"Educació infantil: Parvulari";"1";"Garrotxa";27;498;497;458;430;28;39;459;24;2024;2;230;238;468
"2025/2026";"Educació infantil: Parvulari";"1";"Gironès";92;1779;1779;1640;1503;137;140;1640;62;2024;2;882;959;1841
"2025/2026";"Educació infantil: Parvulari";"1";"Maresme";175;3477;3474;3185;2833;352;293;3188;120;2024;2;1720;1732;3452
"2025/2026";"Educació infantil: Parvulari";"1";"Moianès";7;123;115;81;79;2;34;89;10;2024;2;50;43;93
"2025/2026";"Educació infantil: Parvulari";"1";"Montsià";29;605;600;461;443;18;142;466;21;2024;2;271;236;507
"2025/2026";"Educació infantil: Parvulari";"1";"Noguera";14;340;340;272;254;18;68;272;32;2024;2;147;124;271
"2025/2026";"Educació infantil: Parvulari";"1";"Osona";76;1443;1438;1293;1157;136;152;1298;65;2024;2;681;678;1359
"2025/2026";"Educació infantil: Parvulari";"1";"Pallars Jussà";4;95;95;68;67;1;27;68;7;2024;2;35;38;73
"2025/2026";"Educació infantil: Parvulari";"1";"Pallars Sobirà";2;61;61;39;39;0;22;39;7;2024;2;21;25;46
"2025/2026";"Educació infantil: Parvulari";"1";"Pla d'Urgell";17;326;323;256;234;22;67;259;19;2024;2;146;171;317
"2025/2026";"Educació infantil: Parvulari";"1";"Pla de l'Estany";14;240;240;228;212;16;13;228;12;2024;2;133;135;268
"2025/2026";"Educació infantil: Parvulari";"1";"Priorat";6;91;91;36;36;0;55;36;15;2024;2;31;33;64
"2025/2026";"Educació infantil: Parvulari";"1";"Ribera d'Ebre";6;180;180;115;114;1;65;115;16;2024;2;78;76;154
"2025/2026";"Educació infantil: Parvulari";"1";"Ripollès";9;170;170;134;129;5;36;134;14;2024;2;79;92;171
"2025/2026";"Educació infantil: Parvulari";"1";"Segarra";11;230;230;203;200;3;27;203;11;2024;2;90;112;202
"2025/2026";"Educació infantil: Parvulari";"1";"Segrià";89;1857;1857;1536;1396;140;325;1536;80;2024;2;780;869;1649
"2025/2026";"Educació infantil: Parvulari";"1";"Selva";71;1380;1370;1204;1102;102;168;1214;46;2024;2;750;761;1511
"2025/2026";"Educació infantil: Parvulari";"1";"Solsonès";6;125;125;113;108;5;12;113;12;2024;2;48;62;110
"2025/2026";"Educació infantil: Parvulari";"1";"Tarragonès";112;2147;2147;1906;1762;144;241;1906;67;2024;2;1077;1171;2248
"2025/2026";"Educació infantil: Parvulari";"1";"Terra Alta";3;103;103;62;62;0;42;62;12;2024;2;39;34;73
"2025/2026";"Educació infantil: Parvulari";"1";"Urgell";18;382;382;345;333;12;38;345;22;2024;2;150;162;312
"2025/2026";"Educació infantil: Parvulari";"1";"Vallès Occidental";378;7673;7671;6960;6428;532;712;6962;237;2024;2;3717;3885;7602
"2025/2026";"Educació infantil: Parvulari";"1";"Vallès Oriental";163;3225;3221;2917;2673;244;311;2921;119;2024;2;1526;1600;3126
"2025/2026";"Educació infantil: Parvulari";"2";"Alt Camp";23;373;29;7;6;1;22;351;27;2024;3;181;187;368
"2025/2026";"Educació infantil: Parvulari";"2";"Alt Empordà";62;1232;113;14;9;5;99;1133;69;2024;3;613;629;1242
"2025/2026";"Educació infantil: Parvulari";"2";"Alt Penedès";53;960;8;8;5;3;2;960;46;2024;3;434;445;879
"2025/2026";"Educació infantil: Parvulari";"2";"Alt Urgell";6;159;8;0;0;0;8;151;12;2024;3;71;73;144
"2025/2026";"Educació infantil: Parvulari";"2";"Alta Ribagorça";1;29;5;0;0;0;5;24;3;2024;3;8;12;20
"2025/2026";"Educació infantil: Parvulari";"2";"Anoia";57;1067;37;10;8;2;27;1040;48;2024;3;506;520;1026
"2025/2026";"Educació infantil: Parvulari";"2";"Aran";2;61;14;0;0;0;14;47;7;2024;3;36;32;68
"2025/2026";"Educació infantil: Parvulari";"2";"Bages";78;1509;127;16;12;4;114;1398;62;2024;3;699;744;1443
"2025/2026";"Educació infantil: Parvulari";"2";"Baix Camp";89;1745;145;34;20;14;111;1634;61;2024;3;862;802;1664
"2025/2026";"Educació infantil: Parvulari";"2";"Baix Ebre";33;713;124;4;3;1;120;593;32;2024;3;317;327;644
"2025/2026";"Educació infantil: Parvulari";"2";"Baix Empordà";56;1063;69;12;11;1;58;1006;44;2024;3;514;560;1074
"2025/2026";"Educació infantil: Parvulari";"2";"Baix Llobregat";314;6459;604;181;105;76;426;6036;208;2024;3;3102;3246;6348
"2025/2026";"Educació infantil: Parvulari";"2";"Baix Penedès";46;869;8;5;5;0;4;866;28;2024;3;434;513;947
"2025/2026";"Educació infantil: Parvulari";"2";"Barcelonès";778;16653;1094;412;210;202;684;15971;472;2024;3;8200;8537;16737
"2025/2026";"Educació infantil: Parvulari";"2";"Berguedà";13;308;43;3;2;1;40;268;23;2024;3;168;149;317
"2025/2026";"Educació infantil: Parvulari";"2";"Cerdanya";6;129;20;3;3;0;17;112;13;2024;3;66;65;131
"2025/2026";"Educació infantil: Parvulari";"2";"Conca de Barberà";9;149;4;1;1;0;4;146;13;2024;3;73;80;153
"2025/2026";"Educació infantil: Parvulari";"2";"Garraf";56;1084;6;20;12;8;1;1098;33;2024;3;591;621;1212
"2025/2026";"Educació infantil: Parvulari";"2";"Garrigues";5;136;10;1;0;1;9;127;16;2024;3;65;60;125
"2025/2026";"Educació infantil: Parvulari";"2";"Garrotxa";23;482;40;5;4;1;36;447;24;2024;3;222;256;478
"2025/2026";"Educació infantil: Parvulari";"2";"Gironès";90;1809;95;28;21;7;71;1742;62;2024;3;966;989;1955
"2025/2026";"Educació infantil: Parvulari";"2";"Maresme";179;3520;232;71;36;35;180;3359;120;2024;3;1674;1819;3493
"2025/2026";"Educació infantil: Parvulari";"2";"Moianès";4;115;28;1;1;0;27;88;10;2024;3;54;49;103
"2025/2026";"Educació infantil: Parvulari";"2";"Montsià";27;562;56;8;7;1;48;514;21;2024;3;243;248;491
"2025/2026";"Educació infantil: Parvulari";"2";"Noguera";14;306;38;4;4;0;35;272;32;2024;3;139;157;296
"2025/2026";"Educació infantil: Parvulari";"2";"Osona";71;1444;164;13;7;6;153;1293;64;2024;3;667;730;1397
"2025/2026";"Educació infantil: Parvulari";"2";"Pallars Jussà";4;95;16;0;0;0;16;79;7;2024;3;36;48;84
"2025/2026";"Educació infantil: Parvulari";"2";"Pallars Sobirà";2;48;4;0;0;0;4;44;7;2024;3;22;21;43
"2025/2026";"Educació infantil: Parvulari";"2";"Pla d'Urgell";18;369;54;0;0;0;54;315;19;2024;3;165;172;337
"2025/2026";"Educació infantil: Parvulari";"2";"Pla de l'Estany";14;255;13;2;0;2;11;244;12;2024;3;137;141;278
"2025/2026";"Educació infantil: Parvulari";"2";"Priorat";5;70;11;0;0;0;11;59;15;2024;3;29;19;48
"2025/2026";"Educació infantil: Parvulari";"2";"Ribera d'Ebre";9;199;53;4;4;0;49;150;16;2024;3;84;60;144
"2025/2026";"Educació infantil: Parvulari";"2";"Ripollès";8;176;9;1;1;0;8;168;14;2024;3;77;81;158
"2025/2026";"Educació infantil: Parvulari";"2";"Segarra";12;231;29;4;4;0;26;206;11;2024;3;106;107;213
"2025/2026";"Educació infantil: Parvulari";"2";"Segrià";90;1875;219;22;10;12;197;1678;80;2024;3;891;873;1764
"2025/2026";"Educació infantil: Parvulari";"2";"Selva";76;1442;100;29;16;13;74;1371;46;2024;3;723;811;1534
"2025/2026";"Educació infantil: Parvulari";"2";"Solsonès";5;123;11;0;0;0;11;112;12;2024;3;58;66;124
"2025/2026";"Educació infantil: Parvulari";"2";"Tarragonès";113;2150;72;16;4;12;56;2094;67;2024;3;1081;1126;2207
"2025/2026";"Educació infantil: Parvulari";"2";"Terra Alta";5;119;48;0;0;0;48;71;12;2024;3;37;39;76
"2025/2026";"Educació infantil: Parvulari";"2";"Urgell";16;335;28;6;4;2;23;313;22;2024;3;171;161;332
"2025/2026";"Educació infantil: Parvulari";"2";"Vallès Occidental";386;7954;603;136;89;47;470;7487;237;2024;3;3828;3909;7737
"2025/2026";"Educació infantil: Parvulari";"2";"Vallès Oriental";169;3291;233;56;45;11;182;3114;119;2024;3;1602;1644;3246
"2025/2026";"Educació infantil: Parvulari";"3";"Alt Camp";21;374;15;2;2;0;13;361;27;2024;4;170;201;371
"2025/2026";"Educació infantil: Parvulari";"3";"Alt Empordà";78;1256;55;13;9;4;44;1214;69;2024;4;614;670;1284
"2025/2026";"Educació infantil: Parvulari";"3";"Alt Penedès";54;866;10;13;11;2;0;869;46;2024;4;494;516;1010
"2025/2026";"Educació infantil: Parvulari";"3";"Alt Urgell";11;148;10;2;1;1;8;140;12;2024;4;65;74;139
"2025/2026";"Educació infantil: Parvulari";"3";"Alta Ribagorça";3;27;9;0;0;0;9;18;3;2024;4;14;14;28
"2025/2026";"Educació infantil: Parvulari";"3";"Anoia";60;1007;15;5;4;1;12;997;48;2024;4;523;532;1055
"2025/2026";"Educació infantil: Parvulari";"3";"Aran";7;68;3;1;1;0;2;66;7;2024;4;46;33;79
"2025/2026";"Educació infantil: Parvulari";"3";"Bages";84;1573;126;18;11;7;112;1465;62;2024;4;765;797;1562
"2025/2026";"Educació infantil: Parvulari";"3";"Baix Camp";93;1757;94;17;6;11;77;1680;61;2024;4;855;973;1828
"2025/2026";"Educació infantil: Parvulari";"3";"Baix Ebre";40;704;69;4;2;2;65;639;32;2024;4;336;373;709
"2025/2026";"Educació infantil: Parvulari";"3";"Baix Empordà";63;1101;80;5;5;0;76;1026;44;2024;4;579;606;1185
"2025/2026";"Educació infantil: Parvulari";"3";"Baix Llobregat";316;6460;626;123;84;39;508;5957;207;2024;4;3317;3490;6807
"2025/2026";"Educació infantil: Parvulari";"3";"Baix Penedès";51;930;2;3;3;0;0;931;28;2024;4;536;536;1072
"2025/2026";"Educació infantil: Parvulari";"3";"Barcelonès";781;16817;973;363;192;171;615;16207;472;2024;4;8398;8884;17282
"2025/2026";"Educació infantil: Parvulari";"3";"Berguedà";26;332;22;3;1;2;19;313;24;2024;4;155;160;315
"2025/2026";"Educació infantil: Parvulari";"3";"Cerdanya";10;121;26;3;3;0;23;98;13;2024;4;80;75;155
"2025/2026";"Educació infantil: Parvulari";"3";"Conca de Barberà";10;141;2;0;0;0;2;139;13;2024;4;71;60;131
"2025/2026";"Educació infantil: Parvulari";"3";"Garraf";58;1106;15;18;10;8;5;1109;33;2024;4;630;632;1262
"2025/2026";"Educació infantil: Parvulari";"3";"Garrigues";15;160;22;2;2;0;20;140;16;2024;4;77;78;155
"2025/2026";"Educació infantil: Parvulari";"3";"Garrotxa";28;473;15;1;1;0;15;459;24;2024;4;254;257;511
"2025/2026";"Educació infantil: Parvulari";"3";"Gironès";100;1896;33;21;18;3;21;1884;62;2024;4;946;963;1909
"2025/2026";"Educació infantil: Parvulari";"3";"Maresme";182;3598;308;56;38;18;257;3346;120;2024;4;1808;1923;3731
"2025/2026";"Educació infantil: Parvulari";"3";"Moianès";8;119;15;2;2;0;13;106;10;2024;4;45;54;99
"2025/2026";"Educació infantil: Parvulari";"3";"Montsià";29;556;88;5;4;1;83;473;21;2024;4;282;302;584
"2025/2026";"Educació infantil: Parvulari";"3";"Noguera";28;330;39;4;4;0;36;295;32;2024;4;131;180;311
"2025/2026";"Educació infantil: Parvulari";"3";"Osona";86;1475;133;17;15;2;119;1359;64;2024;4;738;774;1512
"2025/2026";"Educació infantil: Parvulari";"3";"Pallars Jussà";8;115;26;2;2;0;24;91;7;2024;4;55;41;96
"2025/2026";"Educació infantil: Parvulari";"3";"Pallars Sobirà";5;46;9;0;0;0;9;37;7;2024;4;20;30;50
"2025/2026";"Educació infantil: Parvulari";"3";"Pla d'Urgell";23;353;30;1;1;0;29;324;19;2024;4;153;159;312
"2025/2026";"Educació infantil: Parvulari";"3";"Pla de l'Estany";17;289;30;3;2;1;27;262;12;2024;4;159;142;301
"2025/2026";"Educació infantil: Parvulari";"3";"Priorat";3;55;5;0;0;0;5;50;15;2024;4;22;32;54
"2025/2026";"Educació infantil: Parvulari";"3";"Ribera d'Ebre";12;201;59;2;2;0;57;144;16;2024;4;76;72;148
"2025/2026";"Educació infantil: Parvulari";"3";"Ripollès";12;187;26;2;2;0;24;163;14;2024;4;83;106;189
"2025/2026";"Educació infantil: Parvulari";"3";"Segarra";14;240;35;5;5;0;30;210;11;2024;4;94;103;197
"2025/2026";"Educació infantil: Parvulari";"3";"Segrià";110;1926;142;18;11;7;124;1802;80;2024;4;890;949;1839
"2025/2026";"Educació infantil: Parvulari";"3";"Selva";78;1539;143;13;11;2;133;1409;46;2024;4;783;797;1580
"2025/2026";"Educació infantil: Parvulari";"3";"Solsonès";10;140;14;1;0;1;13;127;12;2024;4;65;86;151
"2025/2026";"Educació infantil: Parvulari";"3";"Tarragonès";117;2234;72;25;14;11;47;2187;67;2024;4;1133;1237;2370
"2025/2026";"Educació infantil: Parvulari";"3";"Terra Alta";7;119;42;0;0;0;42;77;12;2024;4;39;41;80
"2025/2026";"Educació infantil: Parvulari";"3";"Urgell";22;381;43;2;1;1;41;340;22;2024;4;167;163;330
"2025/2026";"Educació infantil: Parvulari";"3";"Vallès Occidental";383;7857;414;91;55;36;332;7534;237;2024;4;4161;4105;8266
"2025/2026";"Educació infantil: Parvulari";"3";"Vallès Oriental";168;3258;184;29;18;11;160;3103;119;2024;4;1713;1731;3444
"2025/2026";"Educació primària";"1";"Alt Camp";21;398;24;7;6;1;17;381;27;2024;5;182;202;384
"2025/2026";"Educació primària";"1";"Alt Empordà";68;1281;62;20;16;4;44;1239;69;2024;5;655;749;1404
"2025/2026";"Educació primària";"1";"Alt Penedès";56;1010;40;19;17;2;29;989;46;2024;5;455;516;971
"2025/2026";"Educació primària";"1";"Alt Urgell";7;143;3;0;0;0;3;140;12;2024;5;68;72;140
"2025/2026";"Educació primària";"1";"Alta Ribagorça";1;28;2;0;0;0;2;26;3;2024;5;20;18;38
"2025/2026";"Educació primària";"1";"Anoia";57;1078;41;7;7;0;35;1044;48;2024;5;563;613;1176
"2025/2026";"Educació primària";"1";"Aran";5;99;20;1;1;0;19;80;7;2024;5;32;50;82
"2025/2026";"Educació primària";"1";"Bages";82;1628;85;17;11;6;71;1560;62;2024;5;782;870;1652
"2025/2026";"Educació primària";"1";"Baix Camp";92;1780;72;22;12;10;50;1730;60;2024;5;909;973;1882
"2025/2026";"Educació primària";"1";"Baix Ebre";38;794;105;13;6;7;92;702;32;2024;5;369;322;691
"2025/2026";"Educació primària";"1";"Baix Empordà";59;1202;86;18;16;2;71;1134;44;2024;5;626;596;1222
"2025/2026";"Educació primària";"1";"Baix Llobregat";330;6784;564;149;90;59;417;6369;208;2024;5;3530;3771;7301
"2025/2026";"Educació primària";"1";"Baix Penedès";53;1020;1;4;4;0;0;1023;28;2024;5;474;475;949
"2025/2026";"Educació primària";"1";"Barcelonès";810;17717;1791;829;583;246;966;16755;472;2024;5;8894;9244;18138
"2025/2026";"Educació primària";"1";"Berguedà";16;348;36;3;2;1;33;315;23;2024;5;153;161;314
"2025/2026";"Educació primària";"1";"Cerdanya";8;151;38;0;0;0;38;113;13;2024;5;79;78;157
"2025/2026";"Educació primària";"1";"Conca de Barberà";8;123;2;2;2;0;0;123;14;2024;5;70;95;165
"2025/2026";"Educació primària";"1";"Garraf";58;1113;6;17;11;6;0;1124;33;2024;5;684;682;1366
"2025/2026";"Educació primària";"1";"Garrigues";7;168;10;2;2;0;8;160;16;2024;5;63;87;150
"2025/2026";"Educació primària";"1";"Garrotxa";26;499;27;17;15;2;11;489;23;2024;5;256;296;552
"2025/2026";"Educació primària";"1";"Gironès";97;1917;182;101;84;17;87;1836;62;2024;5;1040;1050;2090
"2025/2026";"Educació primària";"1";"Maresme";185;3807;289;96;77;19;200;3614;120;2024;5;2036;2009;4045
"2025/2026";"Educació primària";"1";"Moianès";5;122;30;1;1;0;29;93;10;2024;5;59;52;111
"2025/2026";"Educació primària";"1";"Montsià";31;648;62;5;5;0;58;591;21;2024;5;288;341;629
"2025/2026";"Educació primària";"1";"Noguera";15;346;25;3;3;0;23;324;32;2024;5;167;179;346
"2025/2026";"Educació primària";"1";"Osona";81;1565;89;13;10;3;80;1489;65;2024;5;775;816;1591
"2025/2026";"Educació primària";"1";"Pallars Jussà";6;114;20;0;0;0;20;94;7;2024;5;38;42;80
"2025/2026";"Educació primària";"1";"Pallars Sobirà";3;71;15;1;1;0;14;57;7;2024;5;26;27;53
"2025/2026";"Educació primària";"1";"Pla d'Urgell";16;334;33;1;1;0;32;302;19;2024;5;173;159;332
"2025/2026";"Educació primària";"1";"Pla de l'Estany";16;294;29;17;17;0;12;282;13;2024;5;147;157;304
"2025/2026";"Educació primària";"1";"Priorat";2;56;4;0;0;0;4;52;15;2024;5;19;27;46
"2025/2026";"Educació primària";"1";"Ribera d'Ebre";8;220;61;1;1;0;60;160;16;2024;5;71;91;162
"2025/2026";"Educació primària";"1";"Ripollès";11;212;21;2;2;0;19;193;14;2024;5;91;90;181
"2025/2026";"Educació primària";"1";"Segarra";11;216;19;1;1;0;18;198;11;2024;5;99;111;210
"2025/2026";"Educació primària";"1";"Segrià";98;2009;152;16;11;5;138;1873;80;2024;5;936;984;1920
"2025/2026";"Educació primària";"1";"Selva";75;1483;74;18;9;9;60;1427;46;2024;5;837;804;1641
"2025/2026";"Educació primària";"1";"Solsonès";7;162;6;1;0;1;5;157;12;2024;5;66;64;130
"2025/2026";"Educació primària";"1";"Tarragonès";121;2453;157;45;34;11;112;2341;66;2024;5;1285;1328;2613
"2025/2026";"Educació primària";"1";"Terra Alta";6;116;40;0;0;0;40;76;12;2024;5;48;46;94
"2025/2026";"Educació primària";"1";"Urgell";18;352;30;2;0;2;28;324;22;2024;5;195;204;399
"2025/2026";"Educació primària";"1";"Vallès Occidental";397;8264;451;187;137;50;267;8000;237;2024;5;4260;4391;8651
"2025/2026";"Educació primària";"1";"Vallès Oriental";173;3469;211;64;41;23;158;3322;119;2024;5;1805;1911;3716
"2025/2026";"Educació primària";"2";"Alt Camp";24;414;18;4;3;1;14;400;27;2024;6;216;237;453
"2025/2026";"Educació primària";"2";"Alt Empordà";65;1439;75;13;12;1;62;1377;69;2024;6;722;752;1474
"2025/2026";"Educació primària";"2";"Alt Penedès";52;1004;18;6;6;0;12;992;46;2024;6;530;557;1087
"2025/2026";"Educació primària";"2";"Alt Urgell";8;171;27;0;0;0;27;144;12;2024;6;83;87;170
"2025/2026";"Educació primària";"2";"Alta Ribagorça";2;40;7;0;0;0;7;33;3;2024;6;18;17;35
"2025/2026";"Educació primària";"2";"Anoia";58;1186;44;11;9;2;36;1153;48;2024;6;585;677;1262
"2025/2026";"Educació primària";"2";"Aran";3;85;7;1;1;0;6;79;7;2024;6;37;48;85
"2025/2026";"Educació primària";"2";"Bages";81;1809;185;16;11;5;171;1640;62;2024;6;837;919;1756
"2025/2026";"Educació primària";"2";"Baix Camp";88;1986;120;28;21;7;92;1894;61;2024;6;1027;1066;2093
"2025/2026";"Educació primària";"2";"Baix Ebre";33;799;107;8;6;2;99;700;32;2024;6;359;408;767
"2025/2026";"Educació primària";"2";"Baix Empordà";59;1336;146;12;9;3;134;1202;44;2024;6;694;690;1384
"2025/2026";"Educació primària";"2";"Baix Llobregat";306;7460;769;141;97;44;628;6832;208;2024;6;3809;3965;7774
"2025/2026";"Educació primària";"2";"Baix Penedès";44;962;9;6;4;2;4;959;28;2024;6;533;568;1101
"2025/2026";"Educació primària";"2";"Barcelonès";781;18808;1389;360;217;143;1030;17779;470;2024;6;9223;9814;19037
"2025/2026";"Educació primària";"2";"Berguedà";21;379;62;3;3;0;59;320;23;2024;6;163;170;333
"2025/2026";"Educació primària";"2";"Cerdanya";8;152;22;2;1;1;20;132;13;2024;6;100;88;188
"2025/2026";"Educació primària";"2";"Conca de Barberà";8;173;11;1;1;0;10;163;13;2024;6;78;101;179
"2025/2026";"Educació primària";"2";"Garraf";56;1253;34;14;5;9;21;1233;33;2024;6;658;721;1379
"2025/2026";"Educació primària";"2";"Garrigues";8;182;33;0;0;0;33;149;16;2024;6;67;79;146
"2025/2026";"Educació primària";"2";"Garrotxa";27;546;3;2;2;0;1;545;23;2024;6;259;313;572
"2025/2026";"Educació primària";"2";"Gironès";97;2141;141;30;24;6;114;2030;62;2024;6;1065;1111;2176
"2025/2026";"Educació primària";"2";"Maresme";183;4338;421;76;53;23;347;3993;120;2024;6;2110;2235;4345
"2025/2026";"Educació primària";"2";"Moianès";8;137;38;2;2;0;36;101;10;2024;6;60;61;121
"2025/2026";"Educació primària";"2";"Montsià";30;721;93;6;6;0;88;634;21;2024;6;319;298;617
"2025/2026";"Educació primària";"2";"Noguera";16;397;58;2;2;0;56;341;32;2024;6;156;178;334
"2025/2026";"Educació primària";"2";"Osona";79;1717;176;11;10;1;167;1552;64;2024;6;799;844;1643
"2025/2026";"Educació primària";"2";"Pallars Jussà";3;92;9;0;0;0;9;83;7;2024;6;48;59;107
"2025/2026";"Educació primària";"2";"Pallars Sobirà";3;56;6;0;0;0;6;50;7;2024;6;23;32;55
"2025/2026";"Educació primària";"2";"Pla d'Urgell";21;426;86;0;0;0;86;340;19;2024;6;167;215;382
"2025/2026";"Educació primària";"2";"Pla de l'Estany";16;307;8;2;2;0;6;301;13;2024;6;177;177;354
"2025/2026";"Educació primària";"2";"Priorat";3;52;6;0;0;0;6;46;15;2024;6;35;45;80
"2025/2026";"Educació primària";"2";"Ribera d'Ebre";10;223;65;2;2;0;63;160;16;2024;6;83;102;185
"2025/2026";"Educació primària";"2";"Ripollès";8;194;5;0;0;0;5;189;14;2024;6;112;101;213
"2025/2026";"Educació primària";"2";"Segarra";9;213;13;0;0;0;13;200;11;2024;6;105;97;202
"2025/2026";"Educació primària";"2";"Segrià";95;2179;218;21;17;4;197;1982;80;2024;6;1009;1018;2027
"2025/2026";"Educació primària";"2";"Selva";71;1626;135;7;5;2;129;1498;46;2024;6;822;899;1721
"2025/2026";"Educació primària";"2";"Solsonès";7;160;28;2;2;0;26;134;12;2024;6;90;87;177
"2025/2026";"Educació primària";"2";"Tarragonès";118;2688;150;18;13;5;132;2556;66;2024;6;1311;1333;2644
"2025/2026";"Educació primària";"2";"Terra Alta";5;143;45;0;0;0;45;98;12;2024;6;39;29;68
"2025/2026";"Educació primària";"2";"Urgell";18;427;37;2;1;1;35;392;22;2024;6;189;175;364
"2025/2026";"Educació primària";"2";"Vallès Occidental";390;9071;676;125;92;33;554;8520;237;2024;6;4517;4846;9363
"2025/2026";"Educació primària";"2";"Vallès Oriental";169;4023;437;45;34;11;396;3631;119;2024;6;1952;2049;4001
"2025/2026";"Educació primària";"3";"Alt Camp";18;459;10;6;6;0;5;455;27;2024;7;226;242;468
"2025/2026";"Educació primària";"3";"Alt Empordà";69;1488;82;13;12;1;71;1419;69;2024;7;696;681;1377
"2025/2026";"Educació primària";"3";"Alt Penedès";56;1088;17;11;10;1;9;1082;46;2024;7;522;618;1140
"2025/2026";"Educació primària";"3";"Alt Urgell";8;183;9;0;0;0;9;174;12;2024;7;93;96;189
"2025/2026";"Educació primària";"3";"Alta Ribagorça";2;37;2;1;0;1;1;36;3;2024;7;11;24;35
"2025/2026";"Educació primària";"3";"Anoia";60;1237;46;10;9;1;39;1201;48;2024;7;659;646;1305
"2025/2026";"Educació primària";"3";"Aran";4;88;5;0;0;0;5;83;7;2024;7;45;53;98
"2025/2026";"Educació primària";"3";"Bages";84;1932;140;13;8;5;133;1805;62;2024;7;940;946;1886
"2025/2026";"Educació primària";"3";"Baix Camp";89;2078;63;14;7;7;49;2029;61;2024;7;1006;1111;2117
"2025/2026";"Educació primària";"3";"Baix Ebre";34;866;109;2;0;2;107;759;32;2024;7;381;377;758
"2025/2026";"Educació primària";"3";"Baix Empordà";62;1362;59;4;3;1;57;1307;44;2024;7;685;745;1430
"2025/2026";"Educació primària";"3";"Baix Llobregat";322;7910;736;147;101;46;594;7321;208;2024;7;4126;4308;8434
"2025/2026";"Educació primària";"3";"Baix Penedès";52;1096;11;10;9;1;4;1095;28;2024;7;547;540;1087
"2025/2026";"Educació primària";"3";"Barcelonès";793;19459;1178;331;180;151;847;18612;473;2024;7;9515;10094;19609
"2025/2026";"Educació primària";"3";"Berguedà";16;400;71;8;8;0;63;337;23;2024;7;175;205;380
"2025/2026";"Educació primària";"3";"Cerdanya";10;175;29;2;1;1;27;148;13;2024;7;73;102;175
"2025/2026";"Educació primària";"3";"Conca de Barberà";11;189;13;5;5;0;10;181;14;2024;7;77;101;178
"2025/2026";"Educació primària";"3";"Garraf";55;1280;10;12;7;5;2;1282;33;2024;7;711;805;1516
"2025/2026";"Educació primària";"3";"Garrigues";9;190;32;1;1;0;31;159;16;2024;7;90;86;176
"2025/2026";"Educació primària";"3";"Garrotxa";25;538;3;1;1;0;2;536;23;2024;7;299;298;597
"2025/2026";"Educació primària";"3";"Gironès";96;2143;67;17;15;2;53;2093;62;2024;7;1118;1156;2274
"2025/2026";"Educació primària";"3";"Maresme";188;4590;471;83;67;16;395;4202;121;2024;7;2233;2409;4642
"2025/2026";"Educació primària";"3";"Moianès";8;134;18;2;2;0;16;118;10;2024;7;71;73;144
"2025/2026";"Educació primària";"3";"Montsià";28;701;73;6;5;1;67;634;21;2024;7;296;318;614
"2025/2026";"Educació primària";"3";"Noguera";18;394;58;6;6;0;53;342;32;2024;7;169;168;337
"2025/2026";"Educació primària";"3";"Osona";80;1759;162;18;17;1;144;1615;65;2024;7;823;857;1680
"2025/2026";"Educació primària";"3";"Pallars Jussà";6;123;18;0;0;0;18;105;7;2024;7;47;41;88
"2025/2026";"Educació primària";"3";"Pallars Sobirà";3;59;6;0;0;0;6;53;7;2024;7;29;20;49
"2025/2026";"Educació primària";"3";"Pla d'Urgell";19;424;52;2;2;0;50;374;19;2024;7;186;173;359
"2025/2026";"Educació primària";"3";"Pla de l'Estany";16;346;1;1;1;0;0;346;13;2024;7;155;202;357
"2025/2026";"Educació primària";"3";"Priorat";2;75;4;0;0;0;4;71;15;2024;7;32;38;70
"2025/2026";"Educació primària";"3";"Ribera d'Ebre";10;245;55;4;4;0;51;194;16;2024;7;95;107;202
"2025/2026";"Educació primària";"3";"Ripollès";9;227;21;3;3;0;18;209;14;2024;7;87;100;187
"2025/2026";"Educació primària";"3";"Segarra";12;249;37;4;3;1;34;216;11;2024;7;111;124;235
"2025/2026";"Educació primària";"3";"Segrià";98;2297;189;29;21;8;161;2137;80;2024;7;1026;1113;2139
"2025/2026";"Educació primària";"3";"Selva";70;1677;79;6;4;2;74;1604;45;2024;7;908;932;1840
"2025/2026";"Educació primària";"3";"Solsonès";8;193;15;1;1;0;14;179;12;2024;7;87;76;163
"2025/2026";"Educació primària";"3";"Tarragonès";115;2673;107;25;17;8;82;2591;66;2024;7;1380;1413;2793
"2025/2026";"Educació primària";"3";"Terra Alta";4;116;43;0;0;0;43;73;12;2024;7;45;49;94
"2025/2026";"Educació primària";"3";"Urgell";19;405;45;3;1;2;43;363;22;2024;7;203;203;406
"2025/2026";"Educació primària";"3";"Vallès Occidental";398;9747;730;122;88;34;610;9139;236;2024;7;4767;5113;9880
"2025/2026";"Educació primària";"3";"Vallès Oriental";182;4341;444;60;42;18;384;3957;119;2024;7;2034;2123;4157
"2025/2026";"Educació primària";"4";"Alt Camp";22;488;15;7;7;0;8;480;27;2024;8;231;257;488
"2025/2026";"Educació primària";"4";"Alt Empordà";64;1390;54;2;1;1;52;1338;69;2024;8;794;808;1602
"2025/2026";"Educació primària";"4";"Alt Penedès";55;1110;11;12;12;0;1;1111;46;2024;8;622;609;1231
"2025/2026";"Educació primària";"4";"Alt Urgell";9;210;24;1;1;0;23;187;12;2024;8;95;96;191
"2025/2026";"Educació primària";"4";"Alta Ribagorça";2;37;4;0;0;0;4;33;3;2024;8;21;17;38
"2025/2026";"Educació primària";"4";"Anoia";63;1338;62;7;5;2;57;1283;48;2024;8;609;651;1260
"2025/2026";"Educació primària";"4";"Aran";5;117;17;4;4;0;13;104;7;2024;8;45;57;102
"2025/2026";"Educació primària";"4";"Bages";85;1980;106;17;14;3;92;1891;62;2024;8;909;979;1888
"2025/2026";"Educació primària";"4";"Baix Camp";91;2115;43;18;11;7;25;2090;61;2024;8;1042;1130;2172
"2025/2026";"Educació primària";"4";"Baix Ebre";36;852;89;9;4;5;80;772;32;2024;8;374;383;757
"2025/2026";"Educació primària";"4";"Baix Empordà";59;1399;84;7;4;3;77;1322;44;2024;8;675;768;1443
"2025/2026";"Educació primària";"4";"Baix Llobregat";329;8114;478;128;83;45;356;7764;208;2024;8;4157;4443;8600
"2025/2026";"Educació primària";"4";"Baix Penedès";50;1093;1;3;3;0;0;1095;28;2024;8;598;608;1206
"2025/2026";"Educació primària";"4";"Barcelonès";801;19646;841;341;183;158;502;19146;471;2024;8;9860;10353;20213
"2025/2026";"Educació primària";"4";"Berguedà";20;407;26;1;1;0;25;382;23;2024;8;174;203;377
"2025/2026";"Educació primària";"4";"Cerdanya";7;172;13;1;1;0;12;160;13;2024;8;101;108;209
"2025/2026";"Educació primària";"4";"Conca de Barberà";7;186;12;1;1;0;11;175;13;2024;8;94;114;208
"2025/2026";"Educació primària";"4";"Garraf";56;1345;19;13;5;8;10;1339;33;2024;8;771;777;1548
"2025/2026";"Educació primària";"4";"Garrigues";8;198;25;1;1;0;24;174;16;2024;8;81;77;158
"2025/2026";"Educació primària";"4";"Garrotxa";30;606;16;1;1;0;15;591;23;2024;8;305;313;618
"2025/2026";"Educació primària";"4";"Gironès";101;2285;93;27;21;6;68;2219;62;2024;8;1074;1259;2333
"2025/2026";"Educació primària";"4";"Maresme";194;4795;372;60;39;21;316;4483;120;2024;8;2257;2464;4721
"2025/2026";"Educació primària";"4";"Moianès";7;155;29;0;0;0;29;126;10;2024;8;63;70;133
"2025/2026";"Educació primària";"4";"Montsià";29;702;78;2;1;1;76;626;21;2024;8;377;355;732
"2025/2026";"Educació primària";"4";"Noguera";15;337;9;2;1;1;8;330;32;2024;8;204;194;398
"2025/2026";"Educació primària";"4";"Osona";80;1760;141;12;9;3;130;1631;64;2024;8;870;891;1761
"2025/2026";"Educació primària";"4";"Pallars Jussà";5;137;40;3;3;0;37;100;7;2024;8;60;54;114
"2025/2026";"Educació primària";"4";"Pallars Sobirà";2;57;4;0;0;0;4;53;7;2024;8;31;32;63
"2025/2026";"Educació primària";"4";"Pla d'Urgell";21;409;40;2;1;1;38;371;19;2024;8;184;208;392
"2025/2026";"Educació primària";"4";"Pla de l'Estany";17;354;3;0;0;0;3;351;13;2024;8;199;200;399
"2025/2026";"Educació primària";"4";"Priorat";2;64;2;0;0;0;2;62;15;2024;8;35;28;63
"2025/2026";"Educació primària";"4";"Ribera d'Ebre";11;301;91;3;3;0;88;213;16;2024;8;78;104;182
"2025/2026";"Educació primària";"4";"Ripollès";9;203;10;2;2;0;8;195;14;2024;8;106;111;217
"2025/2026";"Educació primària";"4";"Segarra";11;272;44;0;0;0;44;228;11;2024;8;117;130;247
"2025/2026";"Educació primària";"4";"Segrià";104;2418;216;19;11;8;197;2221;80;2024;8;1050;1140;2190
"2025/2026";"Educació primària";"4";"Selva";76;1813;122;6;4;2;116;1697;45;2024;8;890;915;1805
"2025/2026";"Educació primària";"4";"Solsonès";7;163;4;0;0;0;4;159;12;2024;8;70;82;152
"2025/2026";"Educació primària";"4";"Tarragonès";117;2733;45;23;11;12;22;2711;66;2024;8;1462;1527;2989
"2025/2026";"Educació primària";"4";"Terra Alta";5;134;42;0;0;0;42;92;12;2024;8;45;49;94
"2025/2026";"Educació primària";"4";"Urgell";20;449;52;4;3;1;49;401;22;2024;8;185;210;395
"2025/2026";"Educació primària";"4";"Vallès Occidental";398;9784;359;72;41;31;287;9497;236;2024;8;4855;5257;10112
"2025/2026";"Educació primària";"4";"Vallès Oriental";181;4430;399;53;38;15;349;4084;119;2024;8;2072;2218;4290
"2025/2026";"Educació primària";"5";"Alt Camp";20;518;35;3;2;1;32;486;27;2024;9;231;211;442
"2025/2026";"Educació primària";"5";"Alt Empordà";66;1592;58;7;5;2;51;1541;69;2024;9;741;775;1516
"2025/2026";"Educació primària";"5";"Alt Penedès";58;1243;44;8;7;1;38;1207;46;2024;9;561;694;1255
"2025/2026";"Educació primària";"5";"Alt Urgell";8;216;22;1;0;1;21;195;12;2024;9;106;87;193
"2025/2026";"Educació primària";"5";"Alta Ribagorça";1;39;2;1;1;0;1;38;3;2024;9;15;18;33
"2025/2026";"Educació primària";"5";"Anoia";56;1284;49;12;9;3;40;1247;48;2024;9;663;673;1336
"2025/2026";"Educació primària";"5";"Aran";5;117;17;0;0;0;17;100;7;2024;9;46;56;102
"2025/2026";"Educació primària";"5";"Bages";84;2015;124;11;10;1;115;1902;62;2024;9;969;1000;1969
"2025/2026";"Educació primària";"5";"Baix Camp";91;2158;33;3;2;1;30;2128;61;2024;9;1056;1192;2248
"2025/2026";"Educació primària";"5";"Baix Ebre";33;886;129;7;5;2;123;764;32;2024;9;418;359;777
"2025/2026";"Educació primària";"5";"Baix Empordà";61;1416;48;8;4;4;40;1376;44;2024;9;681;697;1378
"2025/2026";"Educació primària";"5";"Baix Llobregat";334;8244;433;122;71;51;319;7933;208;2024;9;4319;4601;8920
"2025/2026";"Educació primària";"5";"Baix Penedès";53;1181;0;0;0;0;0;1181;28;2024;9;564;649;1213
"2025/2026";"Educació primària";"5";"Barcelonès";810;19883;575;276;112;164;300;19584;473;2024;9;9709;10364;20073
"2025/2026";"Educació primària";"5";"Berguedà";15;393;18;2;0;2;16;377;23;2024;9;191;192;383
"2025/2026";"Educació primària";"5";"Cerdanya";7;174;18;2;2;0;16;158;13;2024;9;93;114;207
"2025/2026";"Educació primària";"5";"Conca de Barberà";8;218;3;1;1;0;2;216;14;2024;9;95;109;204
"2025/2026";"Educació primària";"5";"Garraf";59;1390;1;9;4;5;1;1398;33;2024;9;789;843;1632
"2025/2026";"Educació primària";"5";"Garrigues";6;188;29;1;1;0;28;160;16;2024;9;96;78;174
"2025/2026";"Educació primària";"5";"Garrotxa";24;590;6;2;1;1;4;586;23;2024;9;296;325;621
"2025/2026";"Educació primària";"5";"Gironès";101;2334;75;13;12;1;66;2272;61;2024;9;1115;1308;2423
"2025/2026";"Educació primària";"5";"Maresme";192;4809;336;56;45;11;285;4529;121;2024;9;2346;2605;4951
"2025/2026";"Educació primària";"5";"Moianès";4;141;14;1;1;0;13;128;10;2024;9;59;62;121
"2025/2026";"Educació primària";"5";"Montsià";30;774;63;1;1;0;62;712;21;2024;9;325;333;658
"2025/2026";"Educació primària";"5";"Noguera";16;433;38;0;0;0;38;395;32;2024;9;191;212;403
"2025/2026";"Educació primària";"5";"Osona";81;1848;134;13;12;1;123;1727;65;2024;9;898;1011;1909
"2025/2026";"Educació primària";"5";"Pallars Jussà";5;137;26;0;0;0;26;111;7;2024;9;51;59;110
"2025/2026";"Educació primària";"5";"Pallars Sobirà";3;77;15;0;0;0;15;62;7;2024;9;21;26;47
"2025/2026";"Educació primària";"5";"Pla d'Urgell";18;456;65;4;3;1;61;395;19;2024;9;234;231;465
"2025/2026";"Educació primària";"5";"Pla de l'Estany";16;361;0;1;1;0;0;362;13;2024;9;192;210;402
"2025/2026";"Educació primària";"5";"Priorat";3;73;12;0;0;0;12;61;15;2024;9;44;34;78
"2025/2026";"Educació primària";"5";"Ribera d'Ebre";9;283;95;0;0;0;95;188;16;2024;9;91;107;198
"2025/2026";"Educació primària";"5";"Ripollès";9;241;21;1;1;0;20;221;14;2024;9;96;99;195
"2025/2026";"Educació primària";"5";"Segarra";12;278;28;4;3;1;25;254;11;2024;9;114;118;232
"2025/2026";"Educació primària";"5";"Segrià";97;2425;178;14;8;6;164;2261;80;2024;9;1032;1146;2178
"2025/2026";"Educació primària";"5";"Selva";73;1726;77;4;4;0;74;1653;45;2024;9;942;954;1896
"2025/2026";"Educació primària";"5";"Solsonès";7;179;12;0;0;0;12;167;12;2024;9;65;76;141
"2025/2026";"Educació primària";"5";"Tarragonès";124;2916;83;19;13;6;64;2852;66;2024;9;1466;1583;3049
"2025/2026";"Educació primària";"5";"Terra Alta";3;141;43;0;0;0;43;98;12;2024;9;44;40;84
"2025/2026";"Educació primària";"5";"Urgell";16;442;48;6;4;2;42;400;22;2024;9;223;219;442
"2025/2026";"Educació primària";"5";"Vallès Occidental";404;9970;383;98;58;40;287;9685;237;2024;9;5013;5472;10485
"2025/2026";"Educació primària";"5";"Vallès Oriental";184;4527;351;41;31;10;312;4217;119;2024;9;2082;2246;4328
"2025/2026";"Educació primària";"6";"Alt Camp";31;452;12;3;2;1;11;443;27;2024;10;261;219;480
"2025/2026";"Educació primària";"6";"Alt Empordà";92;1536;74;9;9;0;66;1471;69;2024;10;745;797;1542
"2025/2026";"Educació primària";"6";"Alt Penedès";62;1206;5;4;4;0;3;1205;46;2024;10;593;639;1232
"2025/2026";"Educació primària";"6";"Alt Urgell";15;212;19;0;0;0;19;193;12;2024;10;79;95;174
"2025/2026";"Educació primària";"6";"Alta Ribagorça";3;37;6;0;0;0;6;31;3;2024;10;16;23;39
"2025/2026";"Educació primària";"6";"Anoia";70;1371;73;15;13;2;59;1313;48;2024;10;681;711;1392
"2025/2026";"Educació primària";"6";"Aran";9;135;28;1;1;0;27;108;7;2024;10;48;49;97
"2025/2026";"Educació primària";"6";"Bages";94;2089;123;9;7;2;117;1975;62;2024;10;918;1010;1928
"2025/2026";"Educació primària";"6";"Baix Camp";100;2234;52;9;6;3;44;2191;61;2024;10;1080;1135;2215
"2025/2026";"Educació primària";"6";"Baix Ebre";44;917;142;2;1;1;140;777;32;2024;10;394;423;817
"2025/2026";"Educació primària";"6";"Baix Empordà";68;1470;132;11;10;1;123;1349;44;2024;10;693;740;1433
"2025/2026";"Educació primària";"6";"Baix Llobregat";342;8446;377;105;61;44;283;8174;208;2024;10;4293;4479;8772
"2025/2026";"Educació primària";"6";"Baix Penedès";57;1206;3;5;5;0;0;1208;28;2024;10;560;612;1172
"2025/2026";"Educació primària";"6";"Barcelonès";808;19843;475;234;91;143;242;19602;471;2024;10;9772;10329;20101
"2025/2026";"Educació primària";"6";"Berguedà";26;421;47;1;1;0;46;375;23;2024;10;174;171;345
"2025/2026";"Educació primària";"6";"Cerdanya";14;179;20;0;0;0;20;159;13;2024;10;81;85;166
"2025/2026";"Educació primària";"6";"Conca de Barberà";15;202;2;1;1;0;2;201;13;2024;10;89;104;193
"2025/2026";"Educació primària";"6";"Garraf";58;1409;0;3;2;1;0;1412;33;2024;10;787;778;1565
"2025/2026";"Educació primària";"6";"Garrigues";18;198;16;0;0;0;16;182;16;2024;10;83;72;155
"2025/2026";"Educació primària";"6";"Garrotxa";33;622;17;3;2;1;15;608;23;2024;10;318;318;636
"2025/2026";"Educació primària";"6";"Gironès";106;2390;37;7;2;5;32;2360;61;2024;10;1185;1179;2364
"2025/2026";"Educació primària";"6";"Maresme";200;4895;262;39;22;17;225;4672;121;2024;10;2321;2493;4814
"2025/2026";"Educació primària";"6";"Moianès";11;135;27;1;0;1;26;109;10;2024;10;86;67;153
"2025/2026";"Educació primària";"6";"Montsià";37;800;120;4;4;0;116;684;21;2024;10;295;335;630
"2025/2026";"Educació primària";"6";"Noguera";36;409;8;0;0;0;8;401;32;2024;10;191;198;389
"2025/2026";"Educació primària";"6";"Osona";95;1920;100;16;15;1;85;1836;64;2024;10;834;947;1781
"2025/2026";"Educació primària";"6";"Pallars Jussà";9;146;29;0;0;0;29;117;7;2024;10;57;66;123
"2025/2026";"Educació primària";"6";"Pallars Sobirà";7;52;10;0;0;0;10;42;7;2024;10;35;39;74
"2025/2026";"Educació primària";"6";"Pla d'Urgell";26;512;61;4;4;0;57;455;19;2024;10;209;193;402
"2025/2026";"Educació primària";"6";"Pla de l'Estany";20;389;4;1;1;0;3;386;13;2024;10;186;206;392
"2025/2026";"Educació primària";"6";"Priorat";16;90;8;0;0;0;8;82;15;2024;10;44;37;81
"2025/2026";"Educació primària";"6";"Ribera d'Ebre";18;260;67;4;4;0;63;197;16;2024;10;106;114;220
"2025/2026";"Educació primària";"6";"Ripollès";15;237;29;3;3;0;26;211;14;2024;10;137;125;262
"2025/2026";"Educació primària";"6";"Segarra";14;247;25;1;1;0;25;223;11;2024;10;138;133;271
"2025/2026";"Educació primària";"6";"Segrià";119;2406;195;10;7;3;185;2221;80;2024;10;1043;1170;2213
"2025/2026";"Educació primària";"6";"Selva";80;1861;135;8;5;3;129;1734;45;2024;10;850;998;1848
"2025/2026";"Educació primària";"6";"Solsonès";14;160;13;0;0;0;13;147;12;2024;10;70;80;150
"2025/2026";"Educació primària";"6";"Tarragonès";123;2860;26;10;4;6;16;2844;66;2024;10;1348;1495;2843
"2025/2026";"Educació primària";"6";"Terra Alta";13;141;60;0;0;0;60;81;12;2024;10;48;46;94
"2025/2026";"Educació primària";"6";"Urgell";29;480;44;3;3;0;41;439;22;2024;10;201;212;413
"2025/2026";"Educació primària";"6";"Vallès Occidental";406;10002;162;32;20;12;132;9872;237;2024;10;5119;5391;10510
"2025/2026";"Educació primària";"6";"Vallès Oriental";188;4517;343;38;31;7;308;4212;119;2024;10;2129;2285;4414
"2025/2026";"Educació secundària obligatòria";"1";"Alt Camp";16;474;363;368;310;58;14;479;6;2024;11;232;260;492
"2025/2026";"Educació secundària obligatòria";"1";"Alt Empordà";56;1595;1338;1252;1137;115;92;1509;19;2024;11;831;836;1667
"2025/2026";"Educació secundària obligatòria";"1";"Alt Penedès";45;1257;875;859;755;104;17;1241;17;2024;11;670;717;1387
"2025/2026";"Educació secundària obligatòria";"1";"Alt Urgell";8;226;158;118;111;7;40;186;4;2024;11;91;100;191
"2025/2026";"Educació secundària obligatòria";"1";"Alta Ribagorça";2;55;54;33;33;0;21;34;1;2024;11;18;16;34
"2025/2026";"Educació secundària obligatòria";"1";"Anoia";53;1449;1016;952;886;66;70;1385;21;2024;11;660;688;1348
"2025/2026";"Educació secundària obligatòria";"1";"Aran";3;90;87;79;79;0;8;82;1;2024;11;46;42;88
"2025/2026";"Educació secundària obligatòria";"1";"Bages";76;2117;1614;1508;1394;114;116;2011;33;2024;11;998;1083;2081
"2025/2026";"Educació secundària obligatòria";"1";"Baix Camp";83;2433;1697;1593;1513;80;108;2329;28;2024;11;1166;1220;2386
"2025/2026";"Educació secundària obligatòria";"1";"Baix Ebre";31;912;666;591;534;57;79;837;12;2024;11;388;437;825
"2025/2026";"Educació secundària obligatòria";"1";"Baix Empordà";51;1450;1149;1102;1061;41;57;1403;18;2024;11;699;787;1486
"2025/2026";"Educació secundària obligatòria";"1";"Baix Llobregat";299;8777;6558;6096;5332;764;464;8315;110;2024;11;4532;4864;9396
"2025/2026";"Educació secundària obligatòria";"1";"Baix Penedès";40;1159;921;909;887;22;31;1147;11;2024;11;641;666;1307
"2025/2026";"Educació secundària obligatòria";"1";"Barcelonès";725;21216;11091;10603;8898;1705;511;20728;305;2024;11;10128;10793;20921
"2025/2026";"Educació secundària obligatòria";"1";"Berguedà";13;376;344;318;301;17;27;350;7;2024;11;181;203;384
"2025/2026";"Educació secundària obligatòria";"1";"Cerdanya";6;168;135;99;99;0;36;132;3;2024;11;80;94;174
"2025/2026";"Educació secundària obligatòria";"1";"Conca de Barberà";9;246;217;183;183;0;34;212;4;2024;11;94;108;202
"2025/2026";"Educació secundària obligatòria";"1";"Garraf";49;1445;1110;1084;921;163;29;1419;20;2024;11;803;875;1678
"2025/2026";"Educació secundària obligatòria";"1";"Garrigues";7;210;176;137;132;5;39;171;3;2024;11;86;102;188
"2025/2026";"Educació secundària obligatòria";"1";"Garrotxa";21;630;408;380;344;36;34;602;8;2024;11;317;332;649
"2025/2026";"Educació secundària obligatòria";"1";"Gironès";82;2391;1919;1829;1631;198;98;2301;27;2024;11;1152;1328;2480
"2025/2026";"Educació secundària obligatòria";"1";"Maresme";172;5055;3325;3163;2792;371;177;4893;74;2024;11;2469;2655;5124
"2025/2026";"Educació secundària obligatòria";"1";"Moianès";5;148;111;75;75;0;36;112;2;2024;11;68;113;181
"2025/2026";"Educació secundària obligatòria";"1";"Montsià";24;713;594;537;505;32;59;656;10;2024;11;354;386;740
"2025/2026";"Educació secundària obligatòria";"1";"Noguera";17;489;395;338;315;23;63;432;7;2024;11;194;236;430
"2025/2026";"Educació secundària obligatòria";"1";"Osona";71;1946;1296;1182;1111;71;117;1832;32;2024;11;938;1018;1956
"2025/2026";"Educació secundària obligatòria";"1";"Pallars Jussà";4;122;95;94;93;1;1;121;3;2024;11;56;65;121
"2025/2026";"Educació secundària obligatòria";"1";"Pallars Sobirà";3;78;78;67;67;0;11;67;2;2024;11;30;36;66
"2025/2026";"Educació secundària obligatòria";"1";"Pla d'Urgell";13;381;372;350;330;20;24;359;4;2024;11;225;245;470
"2025/2026";"Educació secundària obligatòria";"1";"Pla de l'Estany";13;390;365;353;325;28;12;378;4;2024;11;193;222;415
"2025/2026";"Educació secundària obligatòria";"1";"Priorat";3;87;71;60;60;0;11;76;2;2024;11;41;33;74
"2025/2026";"Educació secundària obligatòria";"1";"Ribera d'Ebre";9;249;178;147;147;0;31;218;4;2024;11;109;105;214
"2025/2026";"Educació secundària obligatòria";"1";"Ripollès";11;310;214;168;166;2;46;264;5;2024;11;128;128;256
"2025/2026";"Educació secundària obligatòria";"1";"Segarra";11;300;268;245;239;6;23;277;4;2024;11;126;137;263
"2025/2026";"Educació secundària obligatòria";"1";"Segrià";89;2520;1836;1694;1518;176;163;2378;32;2024;11;1162;1181;2343
"2025/2026";"Educació secundària obligatòria";"1";"Selva";65;1889;1507;1369;1249;120;145;1751;26;2024;11;951;985;1936
"2025/2026";"Educació secundària obligatòria";"1";"Solsonès";6;160;146;134;134;0;12;148;3;2024;11;70;68;138
"2025/2026";"Educació secundària obligatòria";"1";"Tarragonès";101;2979;2025;1948;1834;114;85;2902;35;2024;11;1491;1574;3065
"2025/2026";"Educació secundària obligatòria";"1";"Terra Alta";4;115;97;77;77;0;20;95;2;2024;11;38;57;95
"2025/2026";"Educació secundària obligatòria";"1";"Urgell";17;501;427;387;370;17;40;461;6;2024;11;231;199;430
"2025/2026";"Educació secundària obligatòria";"1";"Vallès Occidental";371;10857;7044;6592;5993;599;500;10405;145;2024;11;5446;5679;11125
"2025/2026";"Educació secundària obligatòria";"1";"Vallès Oriental";158;4645;3497;3256;2960;296;252;4404;64;2024;11;2232;2536;4768
"2025/2026";"Educació secundària obligatòria";"2";"Alt Camp";17;501;16;5;2;3;12;490;6;2024;12;277;258;535
"2025/2026";"Educació secundària obligatòria";"2";"Alt Empordà";58;1690;58;3;1;2;55;1635;19;2024;12;840;860;1700
"2025/2026";"Educació secundària obligatòria";"2";"Alt Penedès";47;1394;72;16;10;6;56;1338;17;2024;12;703;691;1394
"2025/2026";"Educació secundària obligatòria";"2";"Alt Urgell";8;241;17;0;0;0;17;224;4;2024;12;105;104;209
"2025/2026";"Educació secundària obligatòria";"2";"Alta Ribagorça";2;55;15;0;0;0;15;40;1;2024;12;20;23;43
"2025/2026";"Educació secundària obligatòria";"2";"Anoia";51;1418;109;22;15;7;87;1331;21;2024;12;725;799;1524
"2025/2026";"Educació secundària obligatòria";"2";"Aran";3;90;2;2;2;0;0;90;1;2024;12;41;45;86
"2025/2026";"Educació secundària obligatòria";"2";"Bages";76;2215;116;23;18;5;103;2122;33;2024;12;973;1087;2060
"2025/2026";"Educació secundària obligatòria";"2";"Baix Camp";83;2439;70;30;13;17;40;2399;28;2024;12;1144;1253;2397
"2025/2026";"Educació secundària obligatòria";"2";"Baix Ebre";32;960;84;11;7;4;73;887;12;2024;12;388;474;862
"2025/2026";"Educació secundària obligatòria";"2";"Baix Empordà";51;1467;38;3;3;0;35;1432;18;2024;12;727;851;1578
"2025/2026";"Educació secundària obligatòria";"2";"Baix Llobregat";308;9127;462;140;81;59;326;8805;110;2024;12;4683;4950;9633
"2025/2026";"Educació secundària obligatòria";"2";"Baix Penedès";47;1311;48;15;11;4;35;1278;12;2024;12;660;740;1400
"2025/2026";"Educació secundària obligatòria";"2";"Barcelonès";718;21088;540;350;174;176;196;20898;300;2024;12;10297;10821;21118
"2025/2026";"Educació secundària obligatòria";"2";"Berguedà";14;412;22;1;1;0;21;391;7;2024;12;205;217;422
"2025/2026";"Educació secundària obligatòria";"2";"Cerdanya";5;150;16;5;5;0;11;139;2;2024;12;86;110;196
"2025/2026";"Educació secundària obligatòria";"2";"Conca de Barberà";9;270;51;2;2;0;49;221;4;2024;12;99;112;211
"2025/2026";"Educació secundària obligatòria";"2";"Garraf";54;1595;42;19;10;9;28;1572;21;2024;12;863;870;1733
"2025/2026";"Educació secundària obligatòria";"2";"Garrigues";7;210;4;1;1;0;3;207;3;2024;12;92;93;185
"2025/2026";"Educació secundària obligatòria";"2";"Garrotxa";22;629;3;2;2;0;1;628;8;2024;12;369;349;718
"2025/2026";"Educació secundària obligatòria";"2";"Gironès";85;2466;26;17;12;5;12;2457;27;2024;12;1206;1287;2493
"2025/2026";"Educació secundària obligatòria";"2";"Maresme";180;5252;289;64;40;24;225;5027;74;2024;12;2543;2763;5306
"2025/2026";"Educació secundària obligatòria";"2";"Moianès";5;134;9;0;0;0;9;125;2;2024;12;92;80;172
"2025/2026";"Educació secundària obligatòria";"2";"Montsià";27;797;45;7;5;2;40;759;10;2024;12;379;370;749
"2025/2026";"Educació secundària obligatòria";"2";"Noguera";17;498;39;2;1;1;37;461;7;2024;12;229;206;435
"2025/2026";"Educació secundària obligatòria";"2";"Osona";72;2019;59;14;9;5;46;1974;32;2024;12;980;1050;2030
"2025/2026";"Educació secundària obligatòria";"2";"Pallars Jussà";5;133;0;0;0;0;0;133;3;2024;12;62;64;126
"2025/2026";"Educació secundària obligatòria";"2";"Pallars Sobirà";3;81;25;0;0;0;25;56;2;2024;12;39;28;67
"2025/2026";"Educació secundària obligatòria";"2";"Pla d'Urgell";14;408;16;2;1;1;14;394;4;2024;12;216;248;464
"2025/2026";"Educació secundària obligatòria";"2";"Pla de l'Estany";14;407;6;1;1;0;5;402;4;2024;12;193;198;391
"2025/2026";"Educació secundària obligatòria";"2";"Priorat";4;120;31;1;0;1;30;90;2;2024;12;33;52;85
"2025/2026";"Educació secundària obligatòria";"2";"Ribera d'Ebre";9;246;26;1;1;0;25;221;4;2024;12;85;122;207
"2025/2026";"Educació secundària obligatòria";"2";"Ripollès";11;330;52;2;2;0;50;280;5;2024;12;128;131;259
"2025/2026";"Educació secundària obligatòria";"2";"Segarra";11;300;41;0;0;0;41;259;4;2024;12;130;124;254
"2025/2026";"Educació secundària obligatòria";"2";"Segrià";89;2505;71;18;8;10;55;2452;32;2024;12;1173;1232;2405
"2025/2026";"Educació secundària obligatòria";"2";"Selva";67;1919;85;12;10;2;77;1846;26;2024;12;1005;1049;2054
"2025/2026";"Educació secundària obligatòria";"2";"Solsonès";6;154;9;2;2;0;7;147;3;2024;12;80;88;168
"2025/2026";"Educació secundària obligatòria";"2";"Tarragonès";107;3135;65;10;8;2;55;3080;35;2024;12;1508;1603;3111
"2025/2026";"Educació secundària obligatòria";"2";"Terra Alta";4;115;7;0;0;0;7;108;2;2024;12;45;55;100
"2025/2026";"Educació secundària obligatòria";"2";"Urgell";17;500;18;4;2;2;15;486;6;2024;12;204;217;421
"2025/2026";"Educació secundària obligatòria";"2";"Vallès Occidental";381;11174;432;137;74;63;299;10879;146;2024;12;5634;5866;11500
"2025/2026";"Educació secundària obligatòria";"2";"Vallès Oriental";163;4760;171;41;32;9;130;4630;64;2024;12;2425;2586;5011
"2025/2026";"Educació secundària obligatòria";"3";"Alt Camp";17;501;0;2;2;0;0;503;6;2024;13;264;283;547
"2025/2026";"Educació secundària obligatòria";"3";"Alt Empordà";58;1696;28;3;2;1;26;1671;19;2024;13;839;867;1706
"2025/2026";"Educació secundària obligatòria";"3";"Alt Penedès";46;1372;10;5;5;0;8;1367;17;2024;13;741;787;1528
"2025/2026";"Educació secundària obligatòria";"3";"Alt Urgell";8;244;26;2;1;1;24;220;4;2024;13;107;107;214
"2025/2026";"Educació secundària obligatòria";"3";"Alta Ribagorça";2;55;0;0;0;0;0;55;1;2024;13;15;28;43
"2025/2026";"Educació secundària obligatòria";"3";"Anoia";53;1540;58;16;11;5;42;1498;21;2024;13;769;849;1618
"2025/2026";"Educació secundària obligatòria";"3";"Aran";3;90;1;1;1;0;0;90;1;2024;13;54;50;104
"2025/2026";"Educació secundària obligatòria";"3";"Bages";75;2180;78;15;12;3;65;2117;32;2024;13;1055;1143;2198
"2025/2026";"Educació secundària obligatòria";"3";"Baix Camp";82;2427;47;20;9;11;27;2400;28;2024;13;1184;1276;2460
"2025/2026";"Educació secundària obligatòria";"3";"Baix Ebre";33;965;41;12;10;2;30;936;12;2024;13;414;458;872
"2025/2026";"Educació secundària obligatòria";"3";"Baix Empordà";53;1514;22;16;13;3;11;1508;18;2024;13;819;874;1693
"2025/2026";"Educació secundària obligatòria";"3";"Baix Llobregat";315;9369;396;188;125;63;219;9161;110;2024;13;4892;5205;10097
"2025/2026";"Educació secundària obligatòria";"3";"Baix Penedès";44;1314;52;11;10;1;43;1273;12;2024;13;662;703;1365
"2025/2026";"Educació secundària obligatòria";"3";"Barcelonès";713;20899;396;313;129;184;87;20816;299;2024;13;10220;11101;21321
"2025/2026";"Educació secundària obligatòria";"3";"Berguedà";16;462;42;2;2;0;40;422;7;2024;13;189;210;399
"2025/2026";"Educació secundària obligatòria";"3";"Cerdanya";6;180;18;2;2;0;16;164;2;2024;13;97;109;206
"2025/2026";"Educació secundària obligatòria";"3";"Conca de Barberà";8;240;26;4;4;0;26;218;4;2024;13;99;93;192
"2025/2026";"Educació secundària obligatòria";"3";"Garraf";54;1614;43;17;7;10;31;1588;21;2024;13;854;953;1807
"2025/2026";"Educació secundària obligatòria";"3";"Garrigues";7;210;7;0;0;0;7;203;3;2024;13;87;105;192
"2025/2026";"Educació secundària obligatòria";"3";"Garrotxa";23;664;9;6;4;2;4;661;8;2024;13;336;332;668
"2025/2026";"Educació secundària obligatòria";"3";"Gironès";84;2427;4;10;9;1;2;2433;27;2024;13;1263;1423;2686
"2025/2026";"Educació secundària obligatòria";"3";"Maresme";181;5326;238;84;63;21;163;5172;74;2024;13;2685;2852;5537
"2025/2026";"Educació secundària obligatòria";"3";"Moianès";5;150;20;1;1;0;19;131;2;2024;13;79;86;165
"2025/2026";"Educació secundària obligatòria";"3";"Montsià";28;804;53;6;3;3;48;757;10;2024;13;352;401;753
"2025/2026";"Educació secundària obligatòria";"3";"Noguera";17;498;23;1;0;1;22;476;7;2024;13;224;236;460
"2025/2026";"Educació secundària obligatòria";"3";"Osona";75;2102;65;16;11;5;50;2053;32;2024;13;1027;1029;2056
"2025/2026";"Educació secundària obligatòria";"3";"Pallars Jussà";5;133;6;1;1;0;5;128;3;2024;13;56;64;120
"2025/2026";"Educació secundària obligatòria";"3";"Pallars Sobirà";3;81;19;0;0;0;19;62;2;2024;13;30;31;61
"2025/2026";"Educació secundària obligatòria";"3";"Pla d'Urgell";14;408;8;6;4;2;2;406;4;2024;13;234;215;449
"2025/2026";"Educació secundària obligatòria";"3";"Pla de l'Estany";13;390;0;0;0;0;0;390;4;2024;13;205;259;464
"2025/2026";"Educació secundària obligatòria";"3";"Priorat";4;120;29;0;0;0;29;91;2;2024;13;42;41;83
"2025/2026";"Educació secundària obligatòria";"3";"Ribera d'Ebre";7;210;2;0;0;0;2;208;4;2024;13;115;103;218
"2025/2026";"Educació secundària obligatòria";"3";"Ripollès";11;330;47;4;4;0;43;287;5;2024;13;125;122;247
"2025/2026";"Educació secundària obligatòria";"3";"Segarra";11;295;29;1;0;1;28;267;4;2024;13;132;157;289
"2025/2026";"Educació secundària obligatòria";"3";"Segrià";94;2676;72;21;12;9;57;2625;33;2024;13;1170;1312;2482
"2025/2026";"Educació secundària obligatòria";"3";"Selva";68;1974;105;20;17;3;90;1889;25;2024;13;1047;1039;2086
"2025/2026";"Educació secundària obligatòria";"3";"Solsonès";6;156;0;0;0;0;0;156;3;2024;13;76;69;145
"2025/2026";"Educació secundària obligatòria";"3";"Tarragonès";110;3215;99;20;11;9;79;3136;35;2024;13;1638;1753;3391
"2025/2026";"Educació secundària obligatòria";"3";"Terra Alta";4;113;6;0;0;0;6;107;2;2024;13;67;52;119
"2025/2026";"Educació secundària obligatòria";"3";"Urgell";16;460;18;3;2;1;16;445;6;2024;13;212;221;433
"2025/2026";"Educació secundària obligatòria";"3";"Vallès Occidental";390;11464;323;140;84;56;186;11281;147;2024;13;5549;6116;11665
"2025/2026";"Educació secundària obligatòria";"3";"Vallès Oriental";170;4993;151;40;27;13;113;4882;64;2024;13;2470;2591;5061
"2025/2026";"Educació secundària obligatòria";"4";"Alt Camp";18;528;3;2;1;1;1;527;6;2024;14;246;282;528
"2025/2026";"Educació secundària obligatòria";"4";"Alt Empordà";56;1685;22;1;1;0;22;1664;18;2024;14;827;917;1744
"2025/2026";"Educació secundària obligatòria";"4";"Alt Penedès";50;1477;15;11;8;3;9;1473;17;2024;14;704;701;1405
"2025/2026";"Educació secundària obligatòria";"4";"Alt Urgell";8;240;35;8;8;0;27;213;4;2024;14;87;104;191
"2025/2026";"Educació secundària obligatòria";"4";"Alta Ribagorça";2;55;7;0;0;0;7;48;1;2024;14;15;14;29
"2025/2026";"Educació secundària obligatòria";"4";"Anoia";56;1651;70;11;7;4;59;1592;21;2024;14;761;802;1563
"2025/2026";"Educació secundària obligatòria";"4";"Aran";4;120;17;3;3;0;14;106;1;2024;14;52;58;110
"2025/2026";"Educació secundària obligatòria";"4";"Bages";77;2261;105;13;11;2;96;2169;33;2024;14;1042;1119;2161
"2025/2026";"Educació secundària obligatòria";"4";"Baix Camp";86;2544;54;17;3;14;40;2507;28;2024;14;1227;1337;2564
"2025/2026";"Educació secundària obligatòria";"4";"Baix Ebre";33;975;83;15;9;6;68;907;12;2024;14;430;467;897
"2025/2026";"Educació secundària obligatòria";"4";"Baix Empordà";56;1650;66;9;7;2;59;1593;18;2024;14;771;883;1654
"2025/2026";"Educació secundària obligatòria";"4";"Baix Llobregat";329;9761;402;149;101;48;254;9508;110;2024;14;4881;5341;10222
"2025/2026";"Educació secundària obligatòria";"4";"Baix Penedès";47;1404;82;18;15;3;65;1340;12;2024;14;687;689;1376
"2025/2026";"Educació secundària obligatòria";"4";"Barcelonès";719;20978;270;272;140;132;7;20980;298;2024;14;10345;11122;21467
"2025/2026";"Educació secundària obligatòria";"4";"Berguedà";14;420;8;0;0;0;8;412;7;2024;14;211;212;423
"2025/2026";"Educació secundària obligatòria";"4";"Cerdanya";6;180;20;6;6;0;14;166;2;2024;14;108;103;211
"2025/2026";"Educació secundària obligatòria";"4";"Conca de Barberà";8;240;38;2;2;0;37;204;4;2024;14;106;94;200
"2025/2026";"Educació secundària obligatòria";"4";"Garraf";56;1660;26;12;8;4;20;1646;21;2024;14;838;944;1782
"2025/2026";"Educació secundària obligatòria";"4";"Garrigues";7;210;26;2;2;0;24;186;3;2024;14;81;103;184
"2025/2026";"Educació secundària obligatòria";"4";"Garrotxa";22;660;42;3;0;3;39;621;8;2024;14;316;347;663
"2025/2026";"Educació secundària obligatòria";"4";"Gironès";90;2613;34;14;9;5;25;2593;28;2024;14;1231;1356;2587
"2025/2026";"Educació secundària obligatòria";"4";"Maresme";186;5479;153;47;31;16;112;5373;74;2024;14;2726;2874;5600
"2025/2026";"Educació secundària obligatòria";"4";"Moianès";5;133;12;0;0;0;12;121;2;2024;14;72;87;159
"2025/2026";"Educació secundària obligatòria";"4";"Montsià";28;804;28;5;3;2;25;781;10;2024;14;390;414;804
"2025/2026";"Educació secundària obligatòria";"4";"Noguera";17;498;27;2;2;0;26;473;7;2024;14;210;257;467
"2025/2026";"Educació secundària obligatòria";"4";"Osona";75;2120;60;10;7;3;51;2070;31;2024;14;965;1087;2052
"2025/2026";"Educació secundària obligatòria";"4";"Pallars Jussà";5;131;9;0;0;0;9;122;3;2024;14;61;58;119
"2025/2026";"Educació secundària obligatòria";"4";"Pallars Sobirà";3;81;17;0;0;0;17;64;2;2024;14;29;47;76
"2025/2026";"Educació secundària obligatòria";"4";"Pla d'Urgell";14;408;2;2;2;0;0;408;4;2024;14;234;257;491
"2025/2026";"Educació secundària obligatòria";"4";"Pla de l'Estany";15;450;0;0;0;0;0;450;4;2024;14;220;233;453
"2025/2026";"Educació secundària obligatòria";"4";"Priorat";3;90;9;0;0;0;9;81;2;2024;14;37;46;83
"2025/2026";"Educació secundària obligatòria";"4";"Ribera d'Ebre";8;215;10;2;2;0;9;207;4;2024;14;84;118;202
"2025/2026";"Educació secundària obligatòria";"4";"Ripollès";11;330;58;0;0;0;58;272;5;2024;14;124;138;262
"2025/2026";"Educació secundària obligatòria";"4";"Segarra";11;300;7;1;1;0;6;294;4;2024;14;137;152;289
"2025/2026";"Educació secundària obligatòria";"4";"Segrià";94;2717;71;13;6;7;59;2659;32;2024;14;1237;1276;2513
"2025/2026";"Educació secundària obligatòria";"4";"Selva";67;1934;51;16;15;1;44;1899;24;2024;14;1001;1090;2091
"2025/2026";"Educació secundària obligatòria";"4";"Solsonès";6;161;18;2;2;0;16;145;3;2024;14;71;68;139
"2025/2026";"Educació secundària obligatòria";"4";"Tarragonès";116;3391;68;9;4;5;59;3332;35;2024;14;1578;1705;3283
"2025/2026";"Educació secundària obligatòria";"4";"Terra Alta";5;129;17;1;1;0;16;113;2;2024;14;59;60;119
"2025/2026";"Educació secundària obligatòria";"4";"Urgell";16;480;22;4;3;1;19;462;6;2024;14;198;258;456
"2025/2026";"Educació secundària obligatòria";"4";"Vallès Occidental";385;11311;219;83;32;51;137;11175;146;2024;14;5785;6221;12006
"2025/2026";"Educació secundària obligatòria";"4";"Vallès Oriental";175;5118;195;40;31;9;156;4963;64;2024;14;2480;2744;5224
